ENSG00000000003.15	protein_coding	TSPAN6
ENSG00000000005.6	protein_coding	TNMD
ENSG00000000419.14	protein_coding	DPM1
ENSG00000000457.14	protein_coding	SCYL3
ENSG00000000460.17	protein_coding	C1orf112
ENSG00000000938.13	protein_coding	FGR
ENSG00000000971.17	protein_coding	CFH
ENSG00000001036.14	protein_coding	FUCA2
ENSG00000001084.13	protein_coding	GCLC
ENSG00000001167.15	protein_coding	NFYA
ENSG00000001460.18	protein_coding	STPG1
ENSG00000001461.17	protein_coding	NIPAL3
ENSG00000001497.18	protein_coding	LAS1L
ENSG00000001561.7	protein_coding	ENPP4
ENSG00000001617.12	protein_coding	SEMA3F
ENSG00000001626.18	protein_coding	CFTR
ENSG00000001629.10	protein_coding	ANKIB1
ENSG00000001630.18	protein_coding	CYP51A1
ENSG00000001631.17	protein_coding	KRIT1
ENSG00000002016.18	protein_coding	RAD52
ENSG00000002330.14	protein_coding	BAD
ENSG00000002549.13	protein_coding	LAP3
ENSG00000002586.20	protein_coding	CD99
ENSG00000002586.20_PAR_Y	protein_coding	CD99
ENSG00000002587.10	protein_coding	HS3ST1
ENSG00000002726.21	protein_coding	AOC1
ENSG00000002745.13	protein_coding	WNT16
ENSG00000002746.15	protein_coding	HECW1
ENSG00000002822.16	protein_coding	MAD1L1
ENSG00000002834.18	protein_coding	LASP1
ENSG00000002919.15	protein_coding	SNX11
ENSG00000002933.9	protein_coding	TMEM176A
ENSG00000003056.8	protein_coding	M6PR
ENSG00000003096.15	protein_coding	KLHL13
ENSG00000003137.9	protein_coding	CYP26B1
ENSG00000003147.19	protein_coding	ICA1
ENSG00000003249.15	protein_coding	DBNDD1
ENSG00000003393.16	protein_coding	ALS2
ENSG00000003400.16	protein_coding	CASP10
ENSG00000003402.21	protein_coding	CFLAR
ENSG00000003436.16	protein_coding	TFPI
ENSG00000003509.16	protein_coding	NDUFAF7
ENSG00000003756.17	protein_coding	RBM5
ENSG00000003987.14	protein_coding	MTMR7
ENSG00000003989.18	protein_coding	SLC7A2
ENSG00000004059.11	protein_coding	ARF5
ENSG00000004139.14	protein_coding	SARM1
ENSG00000004142.12	protein_coding	POLDIP2
ENSG00000004399.13	protein_coding	PLXND1
ENSG00000004455.18	protein_coding	AK2
ENSG00000004468.13	protein_coding	CD38
ENSG00000004478.8	protein_coding	FKBP4
ENSG00000004487.18	protein_coding	KDM1A
ENSG00000004534.15	protein_coding	RBM6
ENSG00000004660.15	protein_coding	CAMKK1
ENSG00000004700.16	protein_coding	RECQL
ENSG00000004766.17	protein_coding	VPS50
ENSG00000004776.13	protein_coding	HSPB6
ENSG00000004777.19	protein_coding	ARHGAP33
ENSG00000004779.10	protein_coding	NDUFAB1
ENSG00000004799.8	protein_coding	PDK4
ENSG00000004809.14	protein_coding	SLC22A16
ENSG00000004838.14	protein_coding	ZMYND10
ENSG00000004846.17	protein_coding	ABCB5
ENSG00000004848.8	protein_coding	ARX
ENSG00000004864.14	protein_coding	SLC25A13
ENSG00000004866.22	protein_coding	ST7
ENSG00000004897.12	protein_coding	CDC27
ENSG00000004939.16	protein_coding	SLC4A1
ENSG00000004948.16	protein_coding	CALCR
ENSG00000004961.15	protein_coding	HCCS
ENSG00000004975.12	protein_coding	DVL2
ENSG00000005001.10	protein_coding	PRSS22
ENSG00000005007.14	protein_coding	UPF1
ENSG00000005020.13	protein_coding	SKAP2
ENSG00000005022.6	protein_coding	SLC25A5
ENSG00000005059.16	protein_coding	MCUB
ENSG00000005073.6	protein_coding	HOXA11
ENSG00000005075.16	protein_coding	POLR2J
ENSG00000005100.13	protein_coding	DHX33
ENSG00000005102.14	protein_coding	MEOX1
ENSG00000005108.17	protein_coding	THSD7A
ENSG00000005156.12	protein_coding	LIG3
ENSG00000005175.10	protein_coding	RPAP3
ENSG00000005187.12	protein_coding	ACSM3
ENSG00000005189.20	protein_coding	REXO5
ENSG00000005194.15	protein_coding	CIAPIN1
ENSG00000005206.17	protein_coding	SPPL2B
ENSG00000005238.20	protein_coding	ATOSB
ENSG00000005243.10	protein_coding	COPZ2
ENSG00000005249.14	protein_coding	PRKAR2B
ENSG00000005302.19	protein_coding	MSL3
ENSG00000005339.15	protein_coding	CREBBP
ENSG00000005379.17	protein_coding	TSPOAP1
ENSG00000005381.9	protein_coding	MPO
ENSG00000005421.9	protein_coding	PON1
ENSG00000005436.14	protein_coding	GCFC2
ENSG00000005448.17	protein_coding	WDR54
ENSG00000005469.12	protein_coding	CROT
ENSG00000005471.19	protein_coding	ABCB4
ENSG00000005483.23	protein_coding	KMT2E
ENSG00000005486.17	protein_coding	RHBDD2
ENSG00000005513.10	protein_coding	SOX8
ENSG00000005700.15	protein_coding	IBTK
ENSG00000005801.18	protein_coding	ZNF195
ENSG00000005810.20	protein_coding	MYCBP2
ENSG00000005812.11	protein_coding	FBXL3
ENSG00000005844.19	protein_coding	ITGAL
ENSG00000005882.12	protein_coding	PDK2
ENSG00000005884.18	protein_coding	ITGA3
ENSG00000005889.16	protein_coding	ZFX
ENSG00000005893.17	protein_coding	LAMP2
ENSG00000005961.19	protein_coding	ITGA2B
ENSG00000005981.13	protein_coding	ASB4
ENSG00000006007.12	protein_coding	GDE1
ENSG00000006015.18	protein_coding	REX1BD
ENSG00000006016.12	protein_coding	CRLF1
ENSG00000006025.12	protein_coding	OSBPL7
ENSG00000006042.12	protein_coding	TMEM98
ENSG00000006047.13	protein_coding	YBX2
ENSG00000006059.4	protein_coding	KRT33A
ENSG00000006062.18	protein_coding	MAP3K14
ENSG00000006071.16	protein_coding	ABCC8
ENSG00000006116.4	protein_coding	CACNG3
ENSG00000006118.15	protein_coding	TMEM132A
ENSG00000006125.18	protein_coding	AP2B1
ENSG00000006128.12	protein_coding	TAC1
ENSG00000006194.11	protein_coding	ZNF263
ENSG00000006210.7	protein_coding	CX3CL1
ENSG00000006282.21	protein_coding	SPATA20
ENSG00000006283.18	protein_coding	CACNA1G
ENSG00000006327.14	protein_coding	TNFRSF12A
ENSG00000006377.11	protein_coding	DLX6
ENSG00000006432.16	protein_coding	MAP3K9
ENSG00000006451.8	protein_coding	RALA
ENSG00000006453.14	protein_coding	BAIAP2L1
ENSG00000006459.11	protein_coding	KDM7A
ENSG00000006468.15	protein_coding	ETV1
ENSG00000006530.18	protein_coding	AGK
ENSG00000006534.17	protein_coding	ALDH3B1
ENSG00000006555.11	protein_coding	TTC22
ENSG00000006576.17	protein_coding	PHTF2
ENSG00000006606.9	protein_coding	CCL26
ENSG00000006607.14	protein_coding	FARP2
ENSG00000006611.17	protein_coding	USH1C
ENSG00000006625.18	protein_coding	GGCT
ENSG00000006634.8	protein_coding	DBF4
ENSG00000006638.13	protein_coding	TBXA2R
ENSG00000006652.15	protein_coding	IFRD1
ENSG00000006659.13	protein_coding	LGALS14
ENSG00000006695.12	protein_coding	COX10
ENSG00000006704.11	protein_coding	GTF2IRD1
ENSG00000006712.15	protein_coding	PAF1
ENSG00000006715.16	protein_coding	VPS41
ENSG00000006740.18	protein_coding	ARHGAP44
ENSG00000006744.19	protein_coding	ELAC2
ENSG00000006747.15	protein_coding	SCIN
ENSG00000006756.16	protein_coding	ARSD
ENSG00000006757.12	protein_coding	PNPLA4
ENSG00000006788.14	protein_coding	MYH13
ENSG00000006831.10	protein_coding	ADIPOR2
ENSG00000006837.12	protein_coding	CDKL3
ENSG00000007001.13	protein_coding	UPP2
ENSG00000007038.11	protein_coding	PRSS21
ENSG00000007047.16	protein_coding	MARK4
ENSG00000007062.12	protein_coding	PROM1
ENSG00000007080.11	protein_coding	CCDC124
ENSG00000007129.18	protein_coding	CEACAM21
ENSG00000007168.14	protein_coding	PAFAH1B1
ENSG00000007171.19	protein_coding	NOS2
ENSG00000007174.18	protein_coding	DNAH9
ENSG00000007202.15	protein_coding	BLTP2
ENSG00000007216.16	protein_coding	SLC13A2
ENSG00000007237.19	protein_coding	GAS7
ENSG00000007255.10	protein_coding	TRAPPC6A
ENSG00000007264.15	protein_coding	MATK
ENSG00000007306.15	protein_coding	CEACAM7
ENSG00000007312.14	protein_coding	CD79B
ENSG00000007314.12	protein_coding	SCN4A
ENSG00000007341.19	protein_coding	ST7L
ENSG00000007350.17	protein_coding	TKTL1
ENSG00000007372.25	protein_coding	PAX6
ENSG00000007376.8	protein_coding	RPUSD1
ENSG00000007384.15	protein_coding	RHBDF1
ENSG00000007392.17	protein_coding	LUC7L
ENSG00000007402.12	protein_coding	CACNA2D2
ENSG00000007516.14	protein_coding	BAIAP3
ENSG00000007520.4	protein_coding	TSR3
ENSG00000007541.17	protein_coding	PIGQ
ENSG00000007545.16	protein_coding	CRAMP1
ENSG00000007866.22	protein_coding	TEAD3
ENSG00000007908.16	protein_coding	SELE
ENSG00000007923.17	protein_coding	DNAJC11
ENSG00000007933.13	protein_coding	FMO3
ENSG00000007944.15	protein_coding	MYLIP
ENSG00000007952.18	protein_coding	NOX1
ENSG00000007968.7	protein_coding	E2F2
ENSG00000008018.9	protein_coding	PSMB1
ENSG00000008056.14	protein_coding	SYN1
ENSG00000008083.14	protein_coding	JARID2
ENSG00000008086.13	protein_coding	CDKL5
ENSG00000008118.10	protein_coding	CAMK1G
ENSG00000008128.23	protein_coding	CDK11A
ENSG00000008130.15	protein_coding	NADK
ENSG00000008196.13	protein_coding	TFAP2B
ENSG00000008197.5	protein_coding	TFAP2D
ENSG00000008226.20	protein_coding	DLEC1
ENSG00000008256.16	protein_coding	CYTH3
ENSG00000008277.15	protein_coding	ADAM22
ENSG00000008282.10	protein_coding	SYPL1
ENSG00000008283.16	protein_coding	CYB561
ENSG00000008294.22	protein_coding	SPAG9
ENSG00000008300.17	protein_coding	CELSR3
ENSG00000008311.16	protein_coding	AASS
ENSG00000008323.16	protein_coding	PLEKHG6
ENSG00000008324.12	protein_coding	SS18L2
ENSG00000008382.16	protein_coding	MPND
ENSG00000008394.13	protein_coding	MGST1
ENSG00000008405.12	protein_coding	CRY1
ENSG00000008438.5	protein_coding	PGLYRP1
ENSG00000008441.19	protein_coding	NFIX
ENSG00000008513.16	protein_coding	ST3GAL1
ENSG00000008516.18	protein_coding	MMP25
ENSG00000008517.19	protein_coding	IL32
ENSG00000008710.20	protein_coding	PKD1
ENSG00000008735.14	protein_coding	MAPK8IP2
ENSG00000008838.21	protein_coding	MED24
ENSG00000008853.18	protein_coding	RHOBTB2
ENSG00000008869.12	protein_coding	HEATR5B
ENSG00000008952.17	protein_coding	SEC62
ENSG00000008988.11	protein_coding	RPS20
ENSG00000009307.17	protein_coding	CSDE1
ENSG00000009335.18	protein_coding	UBE3C
ENSG00000009413.16	protein_coding	REV3L
ENSG00000009694.14	protein_coding	TENM1
ENSG00000009709.12	protein_coding	PAX7
ENSG00000009724.18	protein_coding	MASP2
ENSG00000009765.15	protein_coding	IYD
ENSG00000009780.16	protein_coding	FAM76A
ENSG00000009790.15	protein_coding	TRAF3IP3
ENSG00000009830.13	protein_coding	POMT2
ENSG00000009844.16	protein_coding	VTA1
ENSG00000009950.16	protein_coding	MLXIPL
ENSG00000009954.11	protein_coding	BAZ1B
ENSG00000010017.13	protein_coding	RANBP9
ENSG00000010030.14	protein_coding	ETV7
ENSG00000010072.16	protein_coding	SPRTN
ENSG00000010165.20	protein_coding	METTL13
ENSG00000010219.14	protein_coding	DYRK4
ENSG00000010244.19	protein_coding	ZNF207
ENSG00000010256.11	protein_coding	UQCRC1
ENSG00000010270.14	protein_coding	STARD3NL
ENSG00000010278.15	protein_coding	CD9
ENSG00000010282.15	protein_coding	HHATL
ENSG00000010292.13	protein_coding	NCAPD2
ENSG00000010295.20	protein_coding	IFFO1
ENSG00000010310.9	protein_coding	GIPR
ENSG00000010318.22	protein_coding	PHF7
ENSG00000010319.7	protein_coding	SEMA3G
ENSG00000010322.16	protein_coding	NISCH
ENSG00000010327.10	protein_coding	STAB1
ENSG00000010361.14	protein_coding	FUZ
ENSG00000010379.16	protein_coding	SLC6A13
ENSG00000010404.18	protein_coding	IDS
ENSG00000010438.17	protein_coding	PRSS3
ENSG00000010539.12	protein_coding	ZNF200
ENSG00000010610.10	protein_coding	CD4
ENSG00000010626.15	protein_coding	LRRC23
ENSG00000010671.18	protein_coding	BTK
ENSG00000010704.19	protein_coding	HFE
ENSG00000010803.17	protein_coding	SCMH1
ENSG00000010810.18	protein_coding	FYN
ENSG00000010818.11	protein_coding	HIVEP2
ENSG00000010932.17	protein_coding	FMO1
ENSG00000011007.13	protein_coding	ELOA
ENSG00000011009.11	protein_coding	LYPLA2
ENSG00000011021.23	protein_coding	CLCN6
ENSG00000011028.14	protein_coding	MRC2
ENSG00000011052.21	protein_coding	NME1-NME2
ENSG00000011083.9	protein_coding	SLC6A7
ENSG00000011105.14	protein_coding	TSPAN9
ENSG00000011114.15	protein_coding	BTBD7
ENSG00000011132.12	protein_coding	APBA3
ENSG00000011143.19	protein_coding	MKS1
ENSG00000011198.10	protein_coding	ABHD5
ENSG00000011201.12	protein_coding	ANOS1
ENSG00000011243.19	protein_coding	AKAP8L
ENSG00000011258.16	protein_coding	MBTD1
ENSG00000011260.14	protein_coding	UTP18
ENSG00000011275.19	protein_coding	RNF216
ENSG00000011295.16	protein_coding	TTC19
ENSG00000011304.22	protein_coding	PTBP1
ENSG00000011332.22	protein_coding	DPF1
ENSG00000011347.10	protein_coding	SYT7
ENSG00000011376.12	protein_coding	LARS2
ENSG00000011405.14	protein_coding	PIK3C2A
ENSG00000011422.12	protein_coding	PLAUR
ENSG00000011426.11	protein_coding	ANLN
ENSG00000011451.21	protein_coding	WIZ
ENSG00000011454.18	protein_coding	RABGAP1
ENSG00000011465.18	protein_coding	DCN
ENSG00000011478.13	protein_coding	QPCTL
ENSG00000011485.15	protein_coding	PPP5C
ENSG00000011523.15	protein_coding	CEP68
ENSG00000011566.15	protein_coding	MAP4K3
ENSG00000011590.14	protein_coding	ZBTB32
ENSG00000011600.12	protein_coding	TYROBP
ENSG00000011638.11	protein_coding	LDAF1
ENSG00000011677.13	protein_coding	GABRA3
ENSG00000012048.24	protein_coding	BRCA1
ENSG00000012061.16	protein_coding	ERCC1
ENSG00000012124.17	protein_coding	CD22
ENSG00000012171.20	protein_coding	SEMA3B
ENSG00000012174.12	protein_coding	MBTPS2
ENSG00000012211.13	protein_coding	PRICKLE3
ENSG00000012223.13	protein_coding	LTF
ENSG00000012232.10	protein_coding	EXTL3
ENSG00000012504.15	protein_coding	NR1H4
ENSG00000012660.14	protein_coding	ELOVL5
ENSG00000012779.12	protein_coding	ALOX5
ENSG00000012817.16	protein_coding	KDM5D
ENSG00000012822.16	protein_coding	CALCOCO1
ENSG00000012963.15	protein_coding	UBR7
ENSG00000012983.12	protein_coding	MAP4K5
ENSG00000013016.16	protein_coding	EHD3
ENSG00000013275.8	protein_coding	PSMC4
ENSG00000013288.9	protein_coding	MAN2B2
ENSG00000013293.6	protein_coding	SLC7A14
ENSG00000013297.12	protein_coding	CLDN11
ENSG00000013306.16	protein_coding	SLC25A39
ENSG00000013364.19	protein_coding	MVP
ENSG00000013374.17	protein_coding	NUB1
ENSG00000013375.17	protein_coding	PGM3
ENSG00000013392.8	protein_coding	RWDD2A
ENSG00000013441.17	protein_coding	CLK1
ENSG00000013503.10	protein_coding	POLR3B
ENSG00000013523.11	protein_coding	ANGEL1
ENSG00000013561.18	protein_coding	RNF14
ENSG00000013563.14	protein_coding	DNASE1L1
ENSG00000013573.17	protein_coding	DDX11
ENSG00000013583.10	protein_coding	HEBP1
ENSG00000013588.9	protein_coding	GPRC5A
ENSG00000013619.15	protein_coding	MAMLD1
ENSG00000013725.14	protein_coding	CD6
ENSG00000013810.21	protein_coding	TACC3
ENSG00000014123.10	protein_coding	UFL1
ENSG00000014138.10	protein_coding	POLA2
ENSG00000014164.7	protein_coding	ZC3H3
ENSG00000014216.16	protein_coding	CAPN1
ENSG00000014257.17	protein_coding	ACP3
ENSG00000014641.21	protein_coding	MDH1
ENSG00000014824.14	protein_coding	SLC30A9
ENSG00000014914.21	protein_coding	MTMR11
ENSG00000014919.13	protein_coding	COX15
ENSG00000015133.20	protein_coding	CCDC88C
ENSG00000015153.15	protein_coding	YAF2
ENSG00000015171.21	protein_coding	ZMYND11
ENSG00000015285.12	protein_coding	WAS
ENSG00000015413.10	protein_coding	DPEP1
ENSG00000015475.19	protein_coding	BID
ENSG00000015479.20	protein_coding	MATR3
ENSG00000015520.15	protein_coding	NPC1L1
ENSG00000015532.10	protein_coding	XYLT2
ENSG00000015568.13	protein_coding	RGPD5
ENSG00000015592.17	protein_coding	STMN4
ENSG00000015676.18	protein_coding	NUDCD3
ENSG00000016082.15	protein_coding	ISL1
ENSG00000016391.11	protein_coding	CHDH
ENSG00000016402.14	protein_coding	IL20RA
ENSG00000016490.16	protein_coding	CLCA1
ENSG00000016602.9	protein_coding	CLCA4
ENSG00000016864.19	protein_coding	GLT8D1
ENSG00000017260.20	protein_coding	ATP2C1
ENSG00000017427.17	protein_coding	IGF1
ENSG00000017483.16	protein_coding	SLC38A5
ENSG00000017797.13	protein_coding	RALBP1
ENSG00000018189.13	protein_coding	RUFY3
ENSG00000018236.15	protein_coding	CNTN1
ENSG00000018280.17	protein_coding	SLC11A1
ENSG00000018408.15	protein_coding	WWTR1
ENSG00000018510.18	protein_coding	AGPS
ENSG00000018610.15	protein_coding	STEEP1
ENSG00000018625.15	protein_coding	ATP1A2
ENSG00000018699.13	protein_coding	TTC27
ENSG00000018869.18	protein_coding	ZNF582
ENSG00000019102.12	protein_coding	VSIG2
ENSG00000019144.20	protein_coding	PHLDB1
ENSG00000019169.11	protein_coding	MARCO
ENSG00000019186.10	protein_coding	CYP24A1
ENSG00000019485.14	protein_coding	PRDM11
ENSG00000019505.8	protein_coding	SYT13
ENSG00000019549.13	protein_coding	SNAI2
ENSG00000019582.17	protein_coding	CD74
ENSG00000019991.18	protein_coding	HGF
ENSG00000019995.6	protein_coding	ZRANB1
ENSG00000020129.16	protein_coding	NCDN
ENSG00000020181.18	protein_coding	ADGRA2
ENSG00000020256.20	protein_coding	ZFP64
ENSG00000020426.11	protein_coding	MNAT1
ENSG00000020577.14	protein_coding	SAMD4A
ENSG00000020633.19	protein_coding	RUNX3
ENSG00000020922.13	protein_coding	MRE11
ENSG00000021300.14	protein_coding	PLEKHB1
ENSG00000021355.13	protein_coding	SERPINB1
ENSG00000021461.18	protein_coding	CYP3A43
ENSG00000021488.13	protein_coding	SLC7A9
ENSG00000021574.14	protein_coding	SPAST
ENSG00000021645.20	protein_coding	NRXN3
ENSG00000021762.20	protein_coding	OSBPL5
ENSG00000021776.11	protein_coding	AQR
ENSG00000021826.18	protein_coding	CPS1
ENSG00000021852.14	protein_coding	C8B
ENSG00000022267.19	protein_coding	FHL1
ENSG00000022277.13	protein_coding	RTF2
ENSG00000022355.18	protein_coding	GABRA1
ENSG00000022556.16	protein_coding	NLRP2
ENSG00000022567.10	protein_coding	SLC45A4
ENSG00000022840.17	protein_coding	RNF10
ENSG00000022976.16	protein_coding	ZNF839
ENSG00000023041.12	protein_coding	ZDHHC6
ENSG00000023171.20	protein_coding	GRAMD1B
ENSG00000023191.17	protein_coding	RNH1
ENSG00000023228.14	protein_coding	NDUFS1
ENSG00000023287.13	protein_coding	RB1CC1
ENSG00000023318.9	protein_coding	ERP44
ENSG00000023330.15	protein_coding	ALAS1
ENSG00000023445.16	protein_coding	BIRC3
ENSG00000023516.9	protein_coding	AKAP11
ENSG00000023572.10	protein_coding	GLRX2
ENSG00000023608.5	protein_coding	SNAPC1
ENSG00000023697.13	protein_coding	DERA
ENSG00000023734.11	protein_coding	STRAP
ENSG00000023839.12	protein_coding	ABCC2
ENSG00000023892.12	protein_coding	DEF6
ENSG00000023902.14	protein_coding	PLEKHO1
ENSG00000023909.10	protein_coding	GCLM
ENSG00000024048.11	protein_coding	UBR2
ENSG00000024422.12	protein_coding	EHD2
ENSG00000024526.17	protein_coding	DEPDC1
ENSG00000024862.18	protein_coding	CCDC28A
ENSG00000025039.15	protein_coding	RRAGD
ENSG00000025156.13	protein_coding	HSF2
ENSG00000025293.17	protein_coding	PHF20
ENSG00000025423.11	protein_coding	HSD17B6
ENSG00000025434.19	protein_coding	NR1H3
ENSG00000025708.14	protein_coding	TYMP
ENSG00000025770.19	protein_coding	NCAPH2
ENSG00000025772.8	protein_coding	TOMM34
ENSG00000025796.14	protein_coding	SEC63
ENSG00000025800.14	protein_coding	KPNA6
ENSG00000026025.16	protein_coding	VIM
ENSG00000026036.23	protein_coding	RTEL1-TNFRSF6B
ENSG00000026103.25	protein_coding	FAS
ENSG00000026297.17	protein_coding	RNASET2
ENSG00000026508.21	protein_coding	CD44
ENSG00000026559.14	protein_coding	KCNG1
ENSG00000026652.15	protein_coding	AGPAT4
ENSG00000026751.17	protein_coding	SLAMF7
ENSG00000026950.17	protein_coding	BTN3A1
ENSG00000027001.10	protein_coding	MIPEP
ENSG00000027075.17	protein_coding	PRKCH
ENSG00000027644.5	protein_coding	INSRR
ENSG00000027697.16	protein_coding	IFNGR1
ENSG00000027847.14	protein_coding	B4GALT7
ENSG00000027869.12	protein_coding	SH2D2A
ENSG00000028116.18	protein_coding	VRK2
ENSG00000028137.19	protein_coding	TNFRSF1B
ENSG00000028203.19	protein_coding	VEZT
ENSG00000028277.22	protein_coding	POU2F2
ENSG00000028310.18	protein_coding	BRD9
ENSG00000028528.15	protein_coding	SNX1
ENSG00000028839.10	protein_coding	TBPL1
ENSG00000029153.15	protein_coding	BMAL2
ENSG00000029363.17	protein_coding	BCLAF1
ENSG00000029364.12	protein_coding	SLC39A9
ENSG00000029534.22	protein_coding	ANK1
ENSG00000029559.7	protein_coding	IBSP
ENSG00000029639.11	protein_coding	TFB1M
ENSG00000029725.17	protein_coding	RABEP1
ENSG00000029993.15	protein_coding	HMGB3
ENSG00000030066.14	protein_coding	NUP160
ENSG00000030110.14	protein_coding	BAK1
ENSG00000030304.15	protein_coding	MUSK
ENSG00000030419.17	protein_coding	IKZF2
ENSG00000030582.18	protein_coding	GRN
ENSG00000031003.11	protein_coding	FAM13B
ENSG00000031081.11	protein_coding	ARHGAP31
ENSG00000031691.7	protein_coding	CENPQ
ENSG00000031698.13	protein_coding	SARS1
ENSG00000031823.14	protein_coding	RANBP3
ENSG00000032219.19	protein_coding	ARID4A
ENSG00000032389.13	protein_coding	EIPR1
ENSG00000032444.17	protein_coding	PNPLA6
ENSG00000032742.18	protein_coding	IFT88
ENSG00000033011.14	protein_coding	ALG1
ENSG00000033030.15	protein_coding	ZCCHC8
ENSG00000033050.9	protein_coding	ABCF2
ENSG00000033100.17	protein_coding	CHPF2
ENSG00000033122.21	protein_coding	LRRC7
ENSG00000033170.17	protein_coding	FUT8
ENSG00000033178.13	protein_coding	UBA6
ENSG00000033327.13	protein_coding	GAB2
ENSG00000033627.18	protein_coding	ATP6V0A1
ENSG00000033800.14	protein_coding	PIAS1
ENSG00000033867.17	protein_coding	SLC4A7
ENSG00000034053.15	protein_coding	APBA2
ENSG00000034152.19	protein_coding	MAP2K3
ENSG00000034239.11	protein_coding	CLXN
ENSG00000034510.6	protein_coding	TMSB10
ENSG00000034533.12	protein_coding	ASTE1
ENSG00000034677.13	protein_coding	RNF19A
ENSG00000034693.15	protein_coding	PEX3
ENSG00000034713.8	protein_coding	GABARAPL2
ENSG00000034971.17	protein_coding	MYOC
ENSG00000035115.22	protein_coding	SH3YL1
ENSG00000035141.9	protein_coding	FAM136A
ENSG00000035403.18	protein_coding	VCL
ENSG00000035499.13	protein_coding	DEPDC1B
ENSG00000035664.11	protein_coding	DAPK2
ENSG00000035681.9	protein_coding	NSMAF
ENSG00000035687.10	protein_coding	ADSS2
ENSG00000035720.8	protein_coding	STAP1
ENSG00000035862.13	protein_coding	TIMP2
ENSG00000035928.17	protein_coding	RFC1
ENSG00000036054.13	protein_coding	TBC1D23
ENSG00000036257.14	protein_coding	CUL3
ENSG00000036448.10	protein_coding	MYOM2
ENSG00000036473.8	protein_coding	OTC
ENSG00000036530.9	protein_coding	CYP46A1
ENSG00000036549.13	protein_coding	ZZZ3
ENSG00000036565.15	protein_coding	SLC18A1
ENSG00000036672.16	protein_coding	USP2
ENSG00000036828.17	protein_coding	CASR
ENSG00000037042.9	protein_coding	TUBG2
ENSG00000037241.7	protein_coding	RPL26L1
ENSG00000037280.16	protein_coding	FLT4
ENSG00000037474.15	protein_coding	NSUN2
ENSG00000037637.11	protein_coding	FBXO42
ENSG00000037749.13	protein_coding	MFAP3
ENSG00000037757.14	protein_coding	MRI1
ENSG00000037897.17	protein_coding	METTL1
ENSG00000037965.6	protein_coding	HOXC8
ENSG00000038002.9	protein_coding	AGA
ENSG00000038210.14	protein_coding	PI4K2B
ENSG00000038219.13	protein_coding	BOD1L1
ENSG00000038274.18	protein_coding	MAT2B
ENSG00000038295.8	protein_coding	TLL1
ENSG00000038358.15	protein_coding	EDC4
ENSG00000038382.23	protein_coding	TRIO
ENSG00000038427.16	protein_coding	VCAN
ENSG00000038532.17	protein_coding	CLEC16A
ENSG00000038945.15	protein_coding	MSR1
ENSG00000039068.20	protein_coding	CDH1
ENSG00000039123.16	protein_coding	MTREX
ENSG00000039139.11	protein_coding	DNAH5
ENSG00000039319.17	protein_coding	ZFYVE16
ENSG00000039523.20	protein_coding	RIPOR1
ENSG00000039537.16	protein_coding	C6
ENSG00000039560.14	protein_coding	RAI14
ENSG00000039600.11	protein_coding	SOX30
ENSG00000039650.12	protein_coding	PNKP
ENSG00000039987.7	protein_coding	BEST2
ENSG00000040199.18	protein_coding	PHLPP2
ENSG00000040275.17	protein_coding	SPDL1
ENSG00000040341.18	protein_coding	STAU2
ENSG00000040487.13	protein_coding	SLC66A1
ENSG00000040531.16	protein_coding	CTNS
ENSG00000040608.14	protein_coding	RTN4R
ENSG00000040633.13	protein_coding	PHF23
ENSG00000040731.10	protein_coding	CDH10
ENSG00000040933.16	protein_coding	INPP4A
ENSG00000041353.10	protein_coding	RAB27B
ENSG00000041357.16	protein_coding	PSMA4
ENSG00000041515.16	protein_coding	MYO16
ENSG00000041802.11	protein_coding	LSG1
ENSG00000041880.15	protein_coding	PARP3
ENSG00000041982.17	protein_coding	TNC
ENSG00000041988.16	protein_coding	THAP3
ENSG00000042062.13	protein_coding	RIPOR3
ENSG00000042088.14	protein_coding	TDP1
ENSG00000042286.15	protein_coding	AIFM2
ENSG00000042317.17	protein_coding	SPATA7
ENSG00000042429.12	protein_coding	MED17
ENSG00000042445.14	protein_coding	RETSAT
ENSG00000042493.16	protein_coding	CAPG
ENSG00000042753.12	protein_coding	AP2S1
ENSG00000042781.14	protein_coding	USH2A
ENSG00000042813.8	protein_coding	ZPBP
ENSG00000042832.12	protein_coding	TG
ENSG00000042980.14	protein_coding	ADAM28
ENSG00000043039.7	protein_coding	BARX2
ENSG00000043093.15	protein_coding	DCUN1D1
ENSG00000043143.22	protein_coding	JADE2
ENSG00000043355.12	protein_coding	ZIC2
ENSG00000043462.13	protein_coding	LCP2
ENSG00000043514.17	protein_coding	TRIT1
ENSG00000043591.6	protein_coding	ADRB1
ENSG00000044012.4	protein_coding	GUCA2B
ENSG00000044090.13	protein_coding	CUL7
ENSG00000044115.21	protein_coding	CTNNA1
ENSG00000044446.12	protein_coding	PHKA2
ENSG00000044459.15	protein_coding	CNTLN
ENSG00000044524.11	protein_coding	EPHA3
ENSG00000044574.9	protein_coding	HSPA5
ENSG00000046604.14	protein_coding	DSG2
ENSG00000046647.14	protein_coding	GEMIN8
ENSG00000046651.16	protein_coding	OFD1
ENSG00000046653.15	protein_coding	GPM6B
ENSG00000046774.10	protein_coding	MAGEC2
ENSG00000046889.19	protein_coding	PREX2
ENSG00000047056.18	protein_coding	WDR37
ENSG00000047188.16	protein_coding	YTHDC2
ENSG00000047230.15	protein_coding	CTPS2
ENSG00000047249.18	protein_coding	ATP6V1H
ENSG00000047315.17	protein_coding	POLR2B
ENSG00000047346.13	protein_coding	ATOSA
ENSG00000047365.13	protein_coding	ARAP2
ENSG00000047410.14	protein_coding	TPR
ENSG00000047457.14	protein_coding	CP
ENSG00000047578.14	protein_coding	KATNIP
ENSG00000047579.20	protein_coding	DTNBP1
ENSG00000047597.7	protein_coding	XK
ENSG00000047617.17	protein_coding	ANO2
ENSG00000047621.12	protein_coding	C12orf4
ENSG00000047634.15	protein_coding	SCML1
ENSG00000047644.20	protein_coding	WWC3
ENSG00000047648.23	protein_coding	ARHGAP6
ENSG00000047662.5	protein_coding	FAM184B
ENSG00000047849.22	protein_coding	MAP4
ENSG00000047932.14	protein_coding	GOPC
ENSG00000047936.11	protein_coding	ROS1
ENSG00000048028.12	protein_coding	USP28
ENSG00000048052.25	protein_coding	HDAC9
ENSG00000048140.18	protein_coding	TSPAN17
ENSG00000048162.22	protein_coding	NOP16
ENSG00000048342.18	protein_coding	CC2D2A
ENSG00000048392.13	protein_coding	RRM2B
ENSG00000048405.11	protein_coding	ZNF800
ENSG00000048462.11	protein_coding	TNFRSF17
ENSG00000048471.14	protein_coding	SNX29
ENSG00000048540.16	protein_coding	LMO3
ENSG00000048544.6	protein_coding	MRPS10
ENSG00000048545.18	protein_coding	GUCA1A
ENSG00000048649.14	protein_coding	RSF1
ENSG00000048707.15	protein_coding	VPS13D
ENSG00000048740.19	protein_coding	CELF2
ENSG00000048828.18	protein_coding	FAM120A
ENSG00000048991.17	protein_coding	R3HDM1
ENSG00000049089.15	protein_coding	COL9A2
ENSG00000049130.16	protein_coding	KITLG
ENSG00000049167.16	protein_coding	ERCC8
ENSG00000049192.15	protein_coding	ADAMTS6
ENSG00000049239.13	protein_coding	H6PD
ENSG00000049245.13	protein_coding	VAMP3
ENSG00000049246.15	protein_coding	PER3
ENSG00000049247.14	protein_coding	UTS2
ENSG00000049249.10	protein_coding	TNFRSF9
ENSG00000049283.19	protein_coding	EPN3
ENSG00000049323.16	protein_coding	LTBP1
ENSG00000049449.10	protein_coding	RCN1
ENSG00000049540.19	protein_coding	ELN
ENSG00000049541.11	protein_coding	RFC2
ENSG00000049618.25	protein_coding	ARID1B
ENSG00000049656.14	protein_coding	CLPTM1L
ENSG00000049759.20	protein_coding	NEDD4L
ENSG00000049768.18	protein_coding	FOXP3
ENSG00000049769.14	protein_coding	PPP1R3F
ENSG00000049860.14	protein_coding	HEXB
ENSG00000049883.15	protein_coding	PTCD2
ENSG00000050030.16	protein_coding	NEXMIF
ENSG00000050130.18	protein_coding	JKAMP
ENSG00000050165.19	protein_coding	DKK3
ENSG00000050327.15	protein_coding	ARHGEF5
ENSG00000050344.9	protein_coding	NFE2L3
ENSG00000050393.12	protein_coding	MCUR1
ENSG00000050405.14	protein_coding	LIMA1
ENSG00000050426.16	protein_coding	LETMD1
ENSG00000050438.17	protein_coding	SLC4A8
ENSG00000050555.19	protein_coding	LAMC3
ENSG00000050628.21	protein_coding	PTGER3
ENSG00000050730.16	protein_coding	TNIP3
ENSG00000050748.18	protein_coding	MAPK9
ENSG00000050767.18	protein_coding	COL23A1
ENSG00000050820.17	protein_coding	BCAR1
ENSG00000051009.11	protein_coding	FHIP1B
ENSG00000051108.15	protein_coding	HERPUD1
ENSG00000051128.19	protein_coding	HOMER3
ENSG00000051180.17	protein_coding	RAD51
ENSG00000051341.15	protein_coding	POLQ
ENSG00000051382.9	protein_coding	PIK3CB
ENSG00000051523.12	protein_coding	CYBA
ENSG00000051596.10	protein_coding	THOC3
ENSG00000051620.11	protein_coding	HEBP2
ENSG00000051825.15	protein_coding	MPHOSPH9
ENSG00000052126.17	protein_coding	PLEKHA5
ENSG00000052344.16	protein_coding	PRSS8
ENSG00000052723.12	protein_coding	SIKE1
ENSG00000052749.14	protein_coding	RRP12
ENSG00000052795.13	protein_coding	FNIP2
ENSG00000052802.13	protein_coding	MSMO1
ENSG00000052841.16	protein_coding	TTC17
ENSG00000052850.8	protein_coding	ALX4
ENSG00000053108.17	protein_coding	FSTL4
ENSG00000053254.16	protein_coding	FOXN3
ENSG00000053328.9	protein_coding	METTL24
ENSG00000053371.13	protein_coding	AKR7A2
ENSG00000053372.5	protein_coding	MRTO4
ENSG00000053438.11	protein_coding	NNAT
ENSG00000053501.14	protein_coding	USE1
ENSG00000053524.13	protein_coding	MCF2L2
ENSG00000053702.15	protein_coding	NRIP2
ENSG00000053747.17	protein_coding	LAMA3
ENSG00000053770.12	protein_coding	AP5M1
ENSG00000053900.11	protein_coding	ANAPC4
ENSG00000053918.18	protein_coding	KCNQ1
ENSG00000054116.12	protein_coding	TRAPPC3
ENSG00000054118.15	protein_coding	THRAP3
ENSG00000054148.18	protein_coding	PHPT1
ENSG00000054179.12	protein_coding	ENTPD2
ENSG00000054219.11	protein_coding	LY75
ENSG00000054267.22	protein_coding	ARID4B
ENSG00000054277.14	protein_coding	OPN3
ENSG00000054282.16	protein_coding	SDCCAG8
ENSG00000054356.14	protein_coding	PTPRN
ENSG00000054392.13	protein_coding	HHAT
ENSG00000054523.20	protein_coding	KIF1B
ENSG00000054598.9	protein_coding	FOXC1
ENSG00000054611.14	protein_coding	TBC1D22A
ENSG00000054654.20	protein_coding	SYNE2
ENSG00000054690.14	protein_coding	PLEKHH1
ENSG00000054793.14	protein_coding	ATP9A
ENSG00000054796.13	protein_coding	SPO11
ENSG00000054803.4	protein_coding	CBLN4
ENSG00000054938.17	protein_coding	CHRDL2
ENSG00000054965.11	protein_coding	FAM168A
ENSG00000054967.13	protein_coding	RELT
ENSG00000054983.17	protein_coding	GALC
ENSG00000055044.11	protein_coding	NOP58
ENSG00000055070.17	protein_coding	SZRD1
ENSG00000055118.17	protein_coding	KCNH2
ENSG00000055130.18	protein_coding	CUL1
ENSG00000055147.19	protein_coding	FAM114A2
ENSG00000055163.21	protein_coding	CYFIP2
ENSG00000055208.20	protein_coding	TAB2
ENSG00000055211.14	protein_coding	GINM1
ENSG00000055332.19	protein_coding	EIF2AK2
ENSG00000055483.20	protein_coding	USP36
ENSG00000055609.21	protein_coding	KMT2C
ENSG00000055732.13	protein_coding	MCOLN3
ENSG00000055813.6	protein_coding	CCDC85A
ENSG00000055917.17	protein_coding	PUM2
ENSG00000055950.17	protein_coding	MRPL43
ENSG00000055955.17	protein_coding	ITIH4
ENSG00000055957.11	protein_coding	ITIH1
ENSG00000056050.7	protein_coding	HPF1
ENSG00000056097.16	protein_coding	ZFR
ENSG00000056277.16	protein_coding	ZNF280C
ENSG00000056291.19	protein_coding	NPFFR2
ENSG00000056487.16	protein_coding	PHF21B
ENSG00000056558.11	protein_coding	TRAF1
ENSG00000056586.16	protein_coding	RC3H2
ENSG00000056736.10	protein_coding	IL17RB
ENSG00000056972.21	protein_coding	TRAF3IP2
ENSG00000056998.20	protein_coding	GYG2
ENSG00000057019.16	protein_coding	DCBLD2
ENSG00000057149.16	protein_coding	SERPINB3
ENSG00000057252.13	protein_coding	SOAT1
ENSG00000057294.17	protein_coding	PKP2
ENSG00000057468.7	protein_coding	MSH4
ENSG00000057593.14	protein_coding	F7
ENSG00000057608.17	protein_coding	GDI2
ENSG00000057657.17	protein_coding	PRDM1
ENSG00000057663.16	protein_coding	ATG5
ENSG00000057704.13	protein_coding	TMCC3
ENSG00000057757.10	protein_coding	PITHD1
ENSG00000057935.14	protein_coding	MTA3
ENSG00000058056.10	protein_coding	USP13
ENSG00000058063.16	protein_coding	ATP11B
ENSG00000058085.15	protein_coding	LAMC2
ENSG00000058091.17	protein_coding	CDK14
ENSG00000058262.11	protein_coding	SEC61A1
ENSG00000058272.19	protein_coding	PPP1R12A
ENSG00000058335.16	protein_coding	RASGRF1
ENSG00000058404.21	protein_coding	CAMK2B
ENSG00000058453.17	protein_coding	CROCC
ENSG00000058600.16	protein_coding	POLR3E
ENSG00000058668.16	protein_coding	ATP2B4
ENSG00000058673.17	protein_coding	ZC3H11A
ENSG00000058729.11	protein_coding	RIOK2
ENSG00000058799.15	protein_coding	YIPF1
ENSG00000058804.12	protein_coding	NDC1
ENSG00000058866.15	protein_coding	DGKG
ENSG00000059122.17	protein_coding	FLYWCH1
ENSG00000059145.19	protein_coding	UNKL
ENSG00000059377.19	protein_coding	TBXAS1
ENSG00000059378.13	protein_coding	PARP12
ENSG00000059573.9	protein_coding	ALDH18A1
ENSG00000059588.10	protein_coding	TARBP1
ENSG00000059691.12	protein_coding	GATB
ENSG00000059728.11	protein_coding	MXD1
ENSG00000059758.8	protein_coding	CDK17
ENSG00000059769.20	protein_coding	DNAJC25
ENSG00000059804.16	protein_coding	SLC2A3
ENSG00000059915.17	protein_coding	PSD
ENSG00000060069.18	protein_coding	CTDP1
ENSG00000060138.13	protein_coding	YBX3
ENSG00000060140.9	protein_coding	STYK1
ENSG00000060237.19	protein_coding	WNK1
ENSG00000060339.14	protein_coding	CCAR1
ENSG00000060491.17	protein_coding	OGFR
ENSG00000060558.4	protein_coding	GNA15
ENSG00000060566.14	protein_coding	CREB3L3
ENSG00000060642.12	protein_coding	PIGV
ENSG00000060656.20	protein_coding	PTPRU
ENSG00000060688.13	protein_coding	SNRNP40
ENSG00000060709.17	protein_coding	RIMBP2
ENSG00000060718.22	protein_coding	COL11A1
ENSG00000060749.17	protein_coding	QSER1
ENSG00000060762.19	protein_coding	MPC1
ENSG00000060971.19	protein_coding	ACAA1
ENSG00000060982.15	protein_coding	BCAT1
ENSG00000061273.18	protein_coding	HDAC7
ENSG00000061337.15	protein_coding	LZTS1
ENSG00000061455.11	protein_coding	PRDM6
ENSG00000061492.12	protein_coding	WNT8A
ENSG00000061656.11	protein_coding	SPAG4
ENSG00000061676.16	protein_coding	NCKAP1
ENSG00000061794.13	protein_coding	MRPS35
ENSG00000061918.14	protein_coding	GUCY1B1
ENSG00000061936.10	protein_coding	SFSWAP
ENSG00000061938.21	protein_coding	TNK2
ENSG00000061987.16	protein_coding	MON2
ENSG00000062038.15	protein_coding	CDH3
ENSG00000062096.15	protein_coding	ARSF
ENSG00000062194.16	protein_coding	GPBP1
ENSG00000062282.15	protein_coding	DGAT2
ENSG00000062370.17	protein_coding	ZNF112
ENSG00000062485.19	protein_coding	CS
ENSG00000062524.16	protein_coding	LTK
ENSG00000062582.14	protein_coding	MRPS24
ENSG00000062598.18	protein_coding	ELMO2
ENSG00000062650.20	protein_coding	WAPL
ENSG00000062716.13	protein_coding	VMP1
ENSG00000062725.10	protein_coding	APPBP2
ENSG00000062822.16	protein_coding	POLD1
ENSG00000063015.21	protein_coding	SEZ6
ENSG00000063046.18	protein_coding	EIF4B
ENSG00000063127.16	protein_coding	SLC6A16
ENSG00000063169.12	protein_coding	BICRA
ENSG00000063176.16	protein_coding	SPHK2
ENSG00000063177.13	protein_coding	RPL18
ENSG00000063180.9	protein_coding	CA11
ENSG00000063241.8	protein_coding	ISOC2
ENSG00000063244.14	protein_coding	U2AF2
ENSG00000063245.15	protein_coding	EPN1
ENSG00000063322.15	protein_coding	MED29
ENSG00000063438.20	protein_coding	AHRR
ENSG00000063515.3	protein_coding	GSC2
ENSG00000063587.15	protein_coding	ZNF275
ENSG00000063601.17	protein_coding	MTMR1
ENSG00000063660.9	protein_coding	GPC1
ENSG00000063761.16	protein_coding	ADCK1
ENSG00000063854.13	protein_coding	HAGH
ENSG00000063978.17	protein_coding	RNF4
ENSG00000064012.24	protein_coding	CASP8
ENSG00000064042.18	protein_coding	LIMCH1
ENSG00000064102.15	protein_coding	INTS13
ENSG00000064115.11	protein_coding	TM7SF3
ENSG00000064195.7	protein_coding	DLX3
ENSG00000064199.7	protein_coding	SPA17
ENSG00000064201.16	protein_coding	TSPAN32
ENSG00000064205.11	protein_coding	CCN5
ENSG00000064218.5	protein_coding	DMRT3
ENSG00000064225.13	protein_coding	ST3GAL6
ENSG00000064270.13	protein_coding	ATP2C2
ENSG00000064300.9	protein_coding	NGFR
ENSG00000064309.16	protein_coding	CDON
ENSG00000064313.13	protein_coding	TAF2
ENSG00000064393.16	protein_coding	HIPK2
ENSG00000064419.14	protein_coding	TNPO3
ENSG00000064489.23	protein_coding	BORCS8-MEF2B
ENSG00000064490.14	protein_coding	RFXANK
ENSG00000064545.15	protein_coding	TMEM161A
ENSG00000064547.14	protein_coding	LPAR2
ENSG00000064601.21	protein_coding	CTSA
ENSG00000064607.17	protein_coding	SUGP2
ENSG00000064651.14	protein_coding	SLC12A2
ENSG00000064652.11	protein_coding	SNX24
ENSG00000064655.19	protein_coding	EYA2
ENSG00000064666.15	protein_coding	CNN2
ENSG00000064687.13	protein_coding	ABCA7
ENSG00000064692.20	protein_coding	SNCAIP
ENSG00000064703.13	protein_coding	DDX20
ENSG00000064726.10	protein_coding	BTBD1
ENSG00000064763.12	protein_coding	FAR2
ENSG00000064787.14	protein_coding	BCAS1
ENSG00000064835.12	protein_coding	POU1F1
ENSG00000064886.14	protein_coding	CHI3L2
ENSG00000064932.16	protein_coding	SBNO2
ENSG00000064933.19	protein_coding	PMS1
ENSG00000064961.19	protein_coding	HMG20B
ENSG00000064989.13	protein_coding	CALCRL
ENSG00000064995.19	protein_coding	TAF11
ENSG00000064999.16	protein_coding	ANKS1A
ENSG00000065000.20	protein_coding	AP3D1
ENSG00000065029.15	protein_coding	ZNF76
ENSG00000065054.14	protein_coding	SLC9A3R2
ENSG00000065057.9	protein_coding	NTHL1
ENSG00000065060.18	protein_coding	BLTP3A
ENSG00000065135.12	protein_coding	GNAI3
ENSG00000065150.21	protein_coding	IPO5
ENSG00000065154.12	protein_coding	OAT
ENSG00000065183.16	protein_coding	WDR3
ENSG00000065243.20	protein_coding	PKN2
ENSG00000065268.11	protein_coding	WDR18
ENSG00000065308.5	protein_coding	TRAM2
ENSG00000065320.9	protein_coding	NTN1
ENSG00000065325.13	protein_coding	GLP2R
ENSG00000065328.17	protein_coding	MCM10
ENSG00000065357.20	protein_coding	DGKA
ENSG00000065361.17	protein_coding	ERBB3
ENSG00000065371.18	protein_coding	ROPN1
ENSG00000065413.20	protein_coding	ANKRD44
ENSG00000065427.15	protein_coding	KARS1
ENSG00000065457.11	protein_coding	ADAT1
ENSG00000065485.20	protein_coding	PDIA5
ENSG00000065491.8	protein_coding	TBC1D22B
ENSG00000065518.8	protein_coding	NDUFB4
ENSG00000065526.13	protein_coding	SPEN
ENSG00000065534.20	protein_coding	MYLK
ENSG00000065548.18	protein_coding	ZC3H15
ENSG00000065559.15	protein_coding	MAP2K4
ENSG00000065600.13	protein_coding	PACC1
ENSG00000065609.15	protein_coding	SNAP91
ENSG00000065613.15	protein_coding	SLK
ENSG00000065615.14	protein_coding	CYB5R4
ENSG00000065618.21	protein_coding	COL17A1
ENSG00000065621.15	protein_coding	GSTO2
ENSG00000065665.21	protein_coding	SEC61A2
ENSG00000065675.16	protein_coding	PRKCQ
ENSG00000065717.15	protein_coding	TLE2
ENSG00000065802.12	protein_coding	ASB1
ENSG00000065809.14	protein_coding	FAM107B
ENSG00000065833.9	protein_coding	ME1
ENSG00000065882.18	protein_coding	TBC1D1
ENSG00000065883.18	protein_coding	CDK13
ENSG00000065911.13	protein_coding	MTHFD2
ENSG00000065923.10	protein_coding	SLC9A7
ENSG00000065970.9	protein_coding	FOXJ2
ENSG00000065978.19	protein_coding	YBX1
ENSG00000065989.16	protein_coding	PDE4A
ENSG00000066027.12	protein_coding	PPP2R5A
ENSG00000066032.19	protein_coding	CTNNA2
ENSG00000066044.15	protein_coding	ELAVL1
ENSG00000066056.14	protein_coding	TIE1
ENSG00000066084.13	protein_coding	DIP2B
ENSG00000066117.15	protein_coding	SMARCD1
ENSG00000066135.13	protein_coding	KDM4A
ENSG00000066136.21	protein_coding	NFYC
ENSG00000066185.13	protein_coding	ZMYND12
ENSG00000066230.12	protein_coding	SLC9A3
ENSG00000066248.15	protein_coding	NGEF
ENSG00000066279.19	protein_coding	ASPM
ENSG00000066294.15	protein_coding	CD84
ENSG00000066322.15	protein_coding	ELOVL1
ENSG00000066336.12	protein_coding	SPI1
ENSG00000066379.15	protein_coding	POLR1H
ENSG00000066382.17	protein_coding	MPPED2
ENSG00000066405.13	protein_coding	CLDN18
ENSG00000066422.7	protein_coding	ZBTB11
ENSG00000066427.25	protein_coding	ATXN3
ENSG00000066455.13	protein_coding	GOLGA5
ENSG00000066468.24	protein_coding	FGFR2
ENSG00000066557.6	protein_coding	LRRC40
ENSG00000066583.12	protein_coding	ISOC1
ENSG00000066629.19	protein_coding	EML1
ENSG00000066651.20	protein_coding	TRMT11
ENSG00000066654.14	protein_coding	THUMPD1
ENSG00000066697.15	protein_coding	MSANTD3
ENSG00000066735.16	protein_coding	KIF26A
ENSG00000066739.12	protein_coding	ATG2B
ENSG00000066777.9	protein_coding	ARFGEF1
ENSG00000066813.14	protein_coding	ACSM2B
ENSG00000066827.16	protein_coding	ZFAT
ENSG00000066855.16	protein_coding	MTFR1
ENSG00000066923.18	protein_coding	STAG3
ENSG00000066926.13	protein_coding	FECH
ENSG00000066933.16	protein_coding	MYO9A
ENSG00000067048.17	protein_coding	DDX3Y
ENSG00000067057.19	protein_coding	PFKP
ENSG00000067064.13	protein_coding	IDI1
ENSG00000067066.17	protein_coding	SP100
ENSG00000067082.15	protein_coding	KLF6
ENSG00000067113.17	protein_coding	PLPP1
ENSG00000067141.17	protein_coding	NEO1
ENSG00000067167.8	protein_coding	TRAM1
ENSG00000067177.15	protein_coding	PHKA1
ENSG00000067182.9	protein_coding	TNFRSF1A
ENSG00000067191.17	protein_coding	CACNB1
ENSG00000067208.17	protein_coding	EVI5
ENSG00000067221.14	protein_coding	STOML1
ENSG00000067225.21	protein_coding	PKM
ENSG00000067248.11	protein_coding	DHX29
ENSG00000067334.14	protein_coding	DNTTIP2
ENSG00000067365.15	protein_coding	METTL22
ENSG00000067369.14	protein_coding	TP53BP1
ENSG00000067445.22	protein_coding	TRO
ENSG00000067533.6	protein_coding	RRP15
ENSG00000067560.14	protein_coding	RHOA
ENSG00000067596.12	protein_coding	DHX8
ENSG00000067606.17	protein_coding	PRKCZ
ENSG00000067646.12	protein_coding	ZFY
ENSG00000067704.10	protein_coding	IARS2
ENSG00000067715.15	protein_coding	SYT1
ENSG00000067798.16	protein_coding	NAV3
ENSG00000067829.20	protein_coding	IDH3G
ENSG00000067836.13	protein_coding	ROGDI
ENSG00000067840.13	protein_coding	PDZD4
ENSG00000067842.19	protein_coding	ATP2B3
ENSG00000067900.8	protein_coding	ROCK1
ENSG00000067955.15	protein_coding	CBFB
ENSG00000067992.17	protein_coding	PDK3
ENSG00000068001.14	protein_coding	HYAL2
ENSG00000068024.18	protein_coding	HDAC4
ENSG00000068028.18	protein_coding	RASSF1
ENSG00000068078.20	protein_coding	FGFR3
ENSG00000068079.8	protein_coding	IFI35
ENSG00000068097.16	protein_coding	HEATR6
ENSG00000068120.15	protein_coding	COASY
ENSG00000068137.15	protein_coding	PLEKHH3
ENSG00000068305.19	protein_coding	MEF2A
ENSG00000068308.15	protein_coding	OTUD5
ENSG00000068323.17	protein_coding	TFE3
ENSG00000068354.16	protein_coding	TBC1D25
ENSG00000068366.21	protein_coding	ACSL4
ENSG00000068383.19	protein_coding	INPP5A
ENSG00000068394.11	protein_coding	GPKOW
ENSG00000068400.14	protein_coding	GRIPAP1
ENSG00000068438.15	protein_coding	FTSJ1
ENSG00000068489.13	protein_coding	PRR11
ENSG00000068615.20	protein_coding	REEP1
ENSG00000068650.19	protein_coding	ATP11A
ENSG00000068654.17	protein_coding	POLR1A
ENSG00000068697.7	protein_coding	LAPTM4A
ENSG00000068724.18	protein_coding	TTC7A
ENSG00000068745.15	protein_coding	IP6K2
ENSG00000068781.21	protein_coding	STON1-GTF2A1L
ENSG00000068784.13	protein_coding	SRBD1
ENSG00000068796.19	protein_coding	KIF2A
ENSG00000068831.19	protein_coding	RASGRP2
ENSG00000068878.15	protein_coding	PSME4
ENSG00000068885.15	protein_coding	IFT80
ENSG00000068903.21	protein_coding	SIRT2
ENSG00000068912.15	protein_coding	ERLEC1
ENSG00000068971.14	protein_coding	PPP2R5B
ENSG00000068976.14	protein_coding	PYGM
ENSG00000068985.5	protein_coding	PAGE1
ENSG00000069011.16	protein_coding	PITX1
ENSG00000069018.19	protein_coding	TRPC7
ENSG00000069020.19	protein_coding	MAST4
ENSG00000069122.19	protein_coding	ADGRF5
ENSG00000069188.17	protein_coding	SDK2
ENSG00000069206.15	protein_coding	ADAM7
ENSG00000069248.12	protein_coding	NUP133
ENSG00000069275.13	protein_coding	NUCKS1
ENSG00000069329.18	protein_coding	VPS35
ENSG00000069345.12	protein_coding	DNAJA2
ENSG00000069399.15	protein_coding	BCL3
ENSG00000069424.16	protein_coding	KCNAB2
ENSG00000069431.14	protein_coding	ABCC9
ENSG00000069482.7	protein_coding	GAL
ENSG00000069493.15	protein_coding	CLEC2D
ENSG00000069509.6	protein_coding	FUNDC1
ENSG00000069535.14	protein_coding	MAOB
ENSG00000069667.16	protein_coding	RORA
ENSG00000069696.7	protein_coding	DRD4
ENSG00000069702.11	protein_coding	TGFBR3
ENSG00000069764.10	protein_coding	PLA2G10
ENSG00000069812.11	protein_coding	HES2
ENSG00000069849.11	protein_coding	ATP1B3
ENSG00000069869.17	protein_coding	NEDD4
ENSG00000069943.10	protein_coding	PIGB
ENSG00000069956.14	protein_coding	MAPK6
ENSG00000069966.19	protein_coding	GNB5
ENSG00000069974.17	protein_coding	RAB27A
ENSG00000069998.12	protein_coding	HDHD5
ENSG00000070010.19	protein_coding	UFD1
ENSG00000070018.9	protein_coding	LRP6
ENSG00000070019.5	protein_coding	GUCY2C
ENSG00000070031.4	protein_coding	SCT
ENSG00000070047.13	protein_coding	PHRF1
ENSG00000070061.16	protein_coding	ELP1
ENSG00000070081.18	protein_coding	NUCB2
ENSG00000070087.15	protein_coding	PFN2
ENSG00000070159.14	protein_coding	PTPN3
ENSG00000070182.21	protein_coding	SPTB
ENSG00000070190.13	protein_coding	DAPP1
ENSG00000070193.5	protein_coding	FGF10
ENSG00000070214.17	protein_coding	SLC44A1
ENSG00000070269.14	protein_coding	TMEM260
ENSG00000070366.14	protein_coding	SMG6
ENSG00000070367.16	protein_coding	EXOC5
ENSG00000070371.16	protein_coding	CLTCL1
ENSG00000070388.12	protein_coding	FGF22
ENSG00000070404.10	protein_coding	FSTL3
ENSG00000070413.20	protein_coding	DGCR2
ENSG00000070423.18	protein_coding	RNF126
ENSG00000070444.15	protein_coding	MNT
ENSG00000070476.15	protein_coding	ZXDC
ENSG00000070495.15	protein_coding	JMJD6
ENSG00000070501.12	protein_coding	POLB
ENSG00000070526.15	protein_coding	ST6GALNAC1
ENSG00000070540.13	protein_coding	WIPI1
ENSG00000070601.10	protein_coding	FRMPD1
ENSG00000070610.14	protein_coding	GBA2
ENSG00000070614.15	protein_coding	NDST1
ENSG00000070669.17	protein_coding	ASNS
ENSG00000070718.12	protein_coding	AP3M2
ENSG00000070729.14	protein_coding	CNGB1
ENSG00000070731.11	protein_coding	ST6GALNAC2
ENSG00000070748.19	protein_coding	CHAT
ENSG00000070756.17	protein_coding	PABPC1
ENSG00000070759.17	protein_coding	TESK2
ENSG00000070761.8	protein_coding	CFAP20
ENSG00000070770.10	protein_coding	CSNK2A2
ENSG00000070778.13	protein_coding	PTPN21
ENSG00000070785.17	protein_coding	EIF2B3
ENSG00000070808.17	protein_coding	CAMK2A
ENSG00000070814.22	protein_coding	TCOF1
ENSG00000070831.18	protein_coding	CDC42
ENSG00000070882.13	protein_coding	OSBPL3
ENSG00000070886.12	protein_coding	EPHA8
ENSG00000070915.10	protein_coding	SLC12A3
ENSG00000070950.10	protein_coding	RAD18
ENSG00000070961.17	protein_coding	ATP2B1
ENSG00000070985.14	protein_coding	TRPM5
ENSG00000071051.14	protein_coding	NCK2
ENSG00000071054.17	protein_coding	MAP4K4
ENSG00000071073.13	protein_coding	MGAT4A
ENSG00000071082.11	protein_coding	RPL31
ENSG00000071127.18	protein_coding	WDR1
ENSG00000071189.21	protein_coding	SNX13
ENSG00000071203.9	protein_coding	MS4A12
ENSG00000071205.12	protein_coding	ARHGAP10
ENSG00000071242.12	protein_coding	RPS6KA2
ENSG00000071243.16	protein_coding	ING3
ENSG00000071246.11	protein_coding	VASH1
ENSG00000071282.12	protein_coding	LMCD1
ENSG00000071462.13	protein_coding	BUD23
ENSG00000071537.14	protein_coding	SEL1L
ENSG00000071539.14	protein_coding	TRIP13
ENSG00000071553.18	protein_coding	ATP6AP1
ENSG00000071564.19	protein_coding	TCF3
ENSG00000071575.12	protein_coding	TRIB2
ENSG00000071626.17	protein_coding	DAZAP1
ENSG00000071655.18	protein_coding	MBD3
ENSG00000071677.1	protein_coding	PRLH
ENSG00000071794.16	protein_coding	HLTF
ENSG00000071859.15	protein_coding	FAM50A
ENSG00000071889.17	protein_coding	FAM3A
ENSG00000071894.17	protein_coding	CPSF1
ENSG00000071909.19	protein_coding	MYO3B
ENSG00000071967.12	protein_coding	CYBRD1
ENSG00000071991.9	protein_coding	CDH19
ENSG00000071994.11	protein_coding	PDCD2
ENSG00000072041.18	protein_coding	SLC6A15
ENSG00000072042.13	protein_coding	RDH11
ENSG00000072062.16	protein_coding	PRKACA
ENSG00000072071.17	protein_coding	ADGRL1
ENSG00000072080.11	protein_coding	SPP2
ENSG00000072110.16	protein_coding	ACTN1
ENSG00000072121.17	protein_coding	ZFYVE26
ENSG00000072133.12	protein_coding	RPS6KA6
ENSG00000072134.16	protein_coding	EPN2
ENSG00000072135.13	protein_coding	PTPN18
ENSG00000072163.20	protein_coding	LIMS2
ENSG00000072182.14	protein_coding	ASIC4
ENSG00000072195.15	protein_coding	SPEG
ENSG00000072201.14	protein_coding	LNX1
ENSG00000072210.19	protein_coding	ALDH3A2
ENSG00000072274.14	protein_coding	TFRC
ENSG00000072310.18	protein_coding	SREBF1
ENSG00000072315.4	protein_coding	TRPC5
ENSG00000072364.13	protein_coding	AFF4
ENSG00000072401.15	protein_coding	UBE2D1
ENSG00000072415.10	protein_coding	PALS1
ENSG00000072422.17	protein_coding	RHOBTB1
ENSG00000072501.19	protein_coding	SMC1A
ENSG00000072506.14	protein_coding	HSD17B10
ENSG00000072518.22	protein_coding	MARK2
ENSG00000072571.20	protein_coding	HMMR
ENSG00000072609.18	protein_coding	CHFR
ENSG00000072657.10	protein_coding	TRHDE
ENSG00000072682.20	protein_coding	P4HA2
ENSG00000072694.22	protein_coding	FCGR2B
ENSG00000072736.19	protein_coding	NFATC3
ENSG00000072756.18	protein_coding	TRNT1
ENSG00000072778.20	protein_coding	ACADVL
ENSG00000072786.13	protein_coding	STK10
ENSG00000072803.18	protein_coding	FBXW11
ENSG00000072818.12	protein_coding	ACAP1
ENSG00000072832.15	protein_coding	CRMP1
ENSG00000072840.13	protein_coding	EVC
ENSG00000072849.11	protein_coding	DERL2
ENSG00000072858.11	protein_coding	SIDT1
ENSG00000072864.16	protein_coding	NDE1
ENSG00000072952.20	protein_coding	IRAG1
ENSG00000072954.7	protein_coding	TMEM38A
ENSG00000072958.9	protein_coding	AP1M1
ENSG00000073008.16	protein_coding	PVR
ENSG00000073050.12	protein_coding	XRCC1
ENSG00000073060.17	protein_coding	SCARB1
ENSG00000073067.14	protein_coding	CYP2W1
ENSG00000073111.14	protein_coding	MCM2
ENSG00000073146.16	protein_coding	MOV10L1
ENSG00000073150.14	protein_coding	PANX2
ENSG00000073169.15	protein_coding	SELENOO
ENSG00000073282.14	protein_coding	TP63
ENSG00000073331.18	protein_coding	ALPK1
ENSG00000073350.14	protein_coding	LLGL2
ENSG00000073417.15	protein_coding	PDE8A
ENSG00000073464.13	protein_coding	CLCN4
ENSG00000073536.18	protein_coding	NLE1
ENSG00000073578.18	protein_coding	SDHA
ENSG00000073584.20	protein_coding	SMARCE1
ENSG00000073598.6	protein_coding	FNDC8
ENSG00000073605.19	protein_coding	GSDMB
ENSG00000073614.13	protein_coding	KDM5A
ENSG00000073670.14	protein_coding	ADAM11
ENSG00000073711.11	protein_coding	PPP2R3A
ENSG00000073712.15	protein_coding	FERMT2
ENSG00000073734.10	protein_coding	ABCB11
ENSG00000073737.17	protein_coding	DHRS9
ENSG00000073754.6	protein_coding	CD5L
ENSG00000073756.13	protein_coding	PTGS2
ENSG00000073792.16	protein_coding	IGF2BP2
ENSG00000073803.14	protein_coding	MAP3K13
ENSG00000073849.16	protein_coding	ST6GAL1
ENSG00000073861.3	protein_coding	TBX21
ENSG00000073910.23	protein_coding	FRY
ENSG00000073921.18	protein_coding	PICALM
ENSG00000073969.19	protein_coding	NSF
ENSG00000074047.22	protein_coding	GLI2
ENSG00000074054.21	protein_coding	CLASP1
ENSG00000074071.15	protein_coding	MRPS34
ENSG00000074181.9	protein_coding	NOTCH3
ENSG00000074201.9	protein_coding	CLNS1A
ENSG00000074211.14	protein_coding	PPP2R2C
ENSG00000074219.14	protein_coding	TEAD2
ENSG00000074266.23	protein_coding	EED
ENSG00000074276.11	protein_coding	CDHR2
ENSG00000074317.11	protein_coding	SNCB
ENSG00000074319.13	protein_coding	TSG101
ENSG00000074356.17	protein_coding	NCBP3
ENSG00000074370.18	protein_coding	ATP2A3
ENSG00000074410.14	protein_coding	CA12
ENSG00000074416.16	protein_coding	MGLL
ENSG00000074527.13	protein_coding	NTN4
ENSG00000074582.15	protein_coding	BCS1L
ENSG00000074590.14	protein_coding	NUAK1
ENSG00000074603.19	protein_coding	DPP8
ENSG00000074621.14	protein_coding	SLC24A1
ENSG00000074657.14	protein_coding	ZNF532
ENSG00000074660.17	protein_coding	SCARF1
ENSG00000074695.6	protein_coding	LMAN1
ENSG00000074696.13	protein_coding	HACD3
ENSG00000074706.14	protein_coding	IPCEF1
ENSG00000074755.15	protein_coding	ZZEF1
ENSG00000074771.4	protein_coding	NOX3
ENSG00000074800.16	protein_coding	ENO1
ENSG00000074803.21	protein_coding	SLC12A1
ENSG00000074842.8	protein_coding	MYDGF
ENSG00000074855.11	protein_coding	ANO8
ENSG00000074935.14	protein_coding	TUBE1
ENSG00000074964.17	protein_coding	ARHGEF10L
ENSG00000074966.11	protein_coding	TXK
ENSG00000075035.10	protein_coding	WSCD2
ENSG00000075043.21	protein_coding	KCNQ2
ENSG00000075073.16	protein_coding	TACR2
ENSG00000075089.10	protein_coding	ACTR6
ENSG00000075131.10	protein_coding	TIPIN
ENSG00000075142.14	protein_coding	SRI
ENSG00000075151.24	protein_coding	EIF4G3
ENSG00000075188.9	protein_coding	NUP37
ENSG00000075213.11	protein_coding	SEMA3A
ENSG00000075218.19	protein_coding	GTSE1
ENSG00000075223.14	protein_coding	SEMA3C
ENSG00000075234.17	protein_coding	TTC38
ENSG00000075239.14	protein_coding	ACAT1
ENSG00000075240.17	protein_coding	GRAMD4
ENSG00000075275.18	protein_coding	CELSR1
ENSG00000075290.8	protein_coding	WNT8B
ENSG00000075292.19	protein_coding	ZNF638
ENSG00000075303.13	protein_coding	SLC25A40
ENSG00000075336.12	protein_coding	TIMM21
ENSG00000075340.23	protein_coding	ADD2
ENSG00000075388.4	protein_coding	FGF4
ENSG00000075391.18	protein_coding	RASAL2
ENSG00000075399.14	protein_coding	VPS9D1
ENSG00000075407.19	protein_coding	ZNF37A
ENSG00000075413.19	protein_coding	MARK3
ENSG00000075415.15	protein_coding	SLC25A3
ENSG00000075420.13	protein_coding	FNDC3B
ENSG00000075426.12	protein_coding	FOSL2
ENSG00000075429.9	protein_coding	CACNG5
ENSG00000075461.6	protein_coding	CACNG4
ENSG00000075539.15	protein_coding	FRYL
ENSG00000075568.17	protein_coding	TMEM131
ENSG00000075618.18	protein_coding	FSCN1
ENSG00000075624.17	protein_coding	ACTB
ENSG00000075643.6	protein_coding	MOCOS
ENSG00000075651.17	protein_coding	PLD1
ENSG00000075673.12	protein_coding	ATP12A
ENSG00000075702.19	protein_coding	WDR62
ENSG00000075711.21	protein_coding	DLG1
ENSG00000075785.14	protein_coding	RAB7A
ENSG00000075790.12	protein_coding	BCAP29
ENSG00000075826.17	protein_coding	SEC31B
ENSG00000075856.12	protein_coding	SART3
ENSG00000075884.14	protein_coding	ARHGAP15
ENSG00000075886.11	protein_coding	TUBA3D
ENSG00000075891.24	protein_coding	PAX2
ENSG00000075914.13	protein_coding	EXOSC7
ENSG00000075945.13	protein_coding	KIFAP3
ENSG00000075975.17	protein_coding	MKRN2
ENSG00000076003.5	protein_coding	MCM6
ENSG00000076043.11	protein_coding	REXO2
ENSG00000076053.12	protein_coding	RBM7
ENSG00000076067.13	protein_coding	RBMS2
ENSG00000076108.12	protein_coding	BAZ2A
ENSG00000076201.16	protein_coding	PTPN23
ENSG00000076242.16	protein_coding	MLH1
ENSG00000076248.12	protein_coding	UNG
ENSG00000076258.10	protein_coding	FMO4
ENSG00000076321.11	protein_coding	KLHL20
ENSG00000076344.16	protein_coding	RGS11
ENSG00000076351.13	protein_coding	SLC46A1
ENSG00000076356.7	protein_coding	PLXNA2
ENSG00000076382.17	protein_coding	SPAG5
ENSG00000076513.17	protein_coding	ANKRD13A
ENSG00000076554.16	protein_coding	TPD52
ENSG00000076555.16	protein_coding	ACACB
ENSG00000076604.16	protein_coding	TRAF4
ENSG00000076641.4	protein_coding	PAG1
ENSG00000076650.7	protein_coding	GPATCH1
ENSG00000076662.11	protein_coding	ICAM3
ENSG00000076685.19	protein_coding	NT5C2
ENSG00000076706.17	protein_coding	MCAM
ENSG00000076716.9	protein_coding	GPC4
ENSG00000076770.16	protein_coding	MBNL3
ENSG00000076826.10	protein_coding	CAMSAP3
ENSG00000076864.21	protein_coding	RAP1GAP
ENSG00000076924.12	protein_coding	XAB2
ENSG00000076928.20	protein_coding	ARHGEF1
ENSG00000076944.18	protein_coding	STXBP2
ENSG00000076984.18	protein_coding	MAP2K7
ENSG00000077009.14	protein_coding	NMRK2
ENSG00000077044.11	protein_coding	DGKD
ENSG00000077063.11	protein_coding	CTTNBP2
ENSG00000077080.10	protein_coding	ACTL6B
ENSG00000077092.20	protein_coding	RARB
ENSG00000077097.17	protein_coding	TOP2B
ENSG00000077147.16	protein_coding	TM9SF3
ENSG00000077150.21	protein_coding	NFKB2
ENSG00000077152.12	protein_coding	UBE2T
ENSG00000077157.23	protein_coding	PPP1R12B
ENSG00000077232.19	protein_coding	DNAJC10
ENSG00000077235.18	protein_coding	GTF3C1
ENSG00000077238.14	protein_coding	IL4R
ENSG00000077254.14	protein_coding	USP33
ENSG00000077264.17	protein_coding	PAK3
ENSG00000077274.9	protein_coding	CAPN6
ENSG00000077279.21	protein_coding	DCX
ENSG00000077312.9	protein_coding	SNRPA
ENSG00000077327.16	protein_coding	SPAG6
ENSG00000077348.10	protein_coding	EXOSC5
ENSG00000077380.16	protein_coding	DYNC1I2
ENSG00000077420.16	protein_coding	APBB1IP
ENSG00000077454.17	protein_coding	LRCH4
ENSG00000077458.13	protein_coding	FAM76B
ENSG00000077463.15	protein_coding	SIRT6
ENSG00000077498.9	protein_coding	TYR
ENSG00000077514.9	protein_coding	POLD3
ENSG00000077522.15	protein_coding	ACTN2
ENSG00000077549.19	protein_coding	CAPZB
ENSG00000077585.14	protein_coding	GPR137B
ENSG00000077616.11	protein_coding	NAALAD2
ENSG00000077684.16	protein_coding	JADE1
ENSG00000077713.19	protein_coding	SLC25A43
ENSG00000077721.17	protein_coding	UBE2A
ENSG00000077782.23	protein_coding	FGFR1
ENSG00000077800.13	protein_coding	FKBP6
ENSG00000077935.17	protein_coding	SMC1B
ENSG00000077942.19	protein_coding	FBLN1
ENSG00000077943.8	protein_coding	ITGA8
ENSG00000077984.6	protein_coding	CST7
ENSG00000078018.22	protein_coding	MAP2
ENSG00000078043.16	protein_coding	PIAS2
ENSG00000078053.17	protein_coding	AMPH
ENSG00000078061.14	protein_coding	ARAF
ENSG00000078070.14	protein_coding	MCCC1
ENSG00000078081.8	protein_coding	LAMP3
ENSG00000078098.15	protein_coding	FAP
ENSG00000078114.19	protein_coding	NEBL
ENSG00000078124.13	protein_coding	ACER3
ENSG00000078140.14	protein_coding	UBE2K
ENSG00000078142.14	protein_coding	PIK3C3
ENSG00000078177.15	protein_coding	N4BP2
ENSG00000078237.7	protein_coding	TIGAR
ENSG00000078246.17	protein_coding	TULP3
ENSG00000078269.15	protein_coding	SYNJ2
ENSG00000078295.17	protein_coding	ADCY2
ENSG00000078304.20	protein_coding	PPP2R5C
ENSG00000078328.23	protein_coding	RBFOX1
ENSG00000078369.19	protein_coding	GNB1
ENSG00000078399.19	protein_coding	HOXA9
ENSG00000078401.7	protein_coding	EDN1
ENSG00000078403.17	protein_coding	MLLT10
ENSG00000078487.18	protein_coding	ZCWPW1
ENSG00000078549.16	protein_coding	ADCYAP1R1
ENSG00000078579.9	protein_coding	FGF20
ENSG00000078589.13	protein_coding	P2RY10
ENSG00000078596.11	protein_coding	ITM2A
ENSG00000078618.23	protein_coding	NRDC
ENSG00000078668.14	protein_coding	VDAC3
ENSG00000078674.20	protein_coding	PCM1
ENSG00000078687.18	protein_coding	TNRC6C
ENSG00000078699.22	protein_coding	CBFA2T2
ENSG00000078725.13	protein_coding	BRINP1
ENSG00000078747.17	protein_coding	ITCH
ENSG00000078795.17	protein_coding	PKD2L2
ENSG00000078804.13	protein_coding	TP53INP2
ENSG00000078808.20	protein_coding	SDF4
ENSG00000078814.18	protein_coding	MYH7B
ENSG00000078898.7	protein_coding	BPIFB2
ENSG00000078900.15	protein_coding	TP73
ENSG00000078902.16	protein_coding	TOLLIP
ENSG00000078967.13	protein_coding	UBE2D4
ENSG00000079101.18	protein_coding	CLUL1
ENSG00000079102.17	protein_coding	RUNX1T1
ENSG00000079112.10	protein_coding	CDH17
ENSG00000079134.13	protein_coding	THOC1
ENSG00000079150.19	protein_coding	FKBP7
ENSG00000079156.17	protein_coding	OSBPL6
ENSG00000079215.15	protein_coding	SLC1A3
ENSG00000079246.16	protein_coding	XRCC5
ENSG00000079257.8	protein_coding	LXN
ENSG00000079263.19	protein_coding	SP140
ENSG00000079277.22	protein_coding	MKNK1
ENSG00000079308.21	protein_coding	TNS1
ENSG00000079313.15	protein_coding	REXO1
ENSG00000079332.15	protein_coding	SAR1A
ENSG00000079335.20	protein_coding	CDC14A
ENSG00000079337.16	protein_coding	RAPGEF3
ENSG00000079385.23	protein_coding	CEACAM1
ENSG00000079387.14	protein_coding	SENP1
ENSG00000079393.21	protein_coding	DUSP13
ENSG00000079432.9	protein_coding	CIC
ENSG00000079435.10	protein_coding	LIPE
ENSG00000079459.13	protein_coding	FDFT1
ENSG00000079462.8	protein_coding	PAFAH1B3
ENSG00000079482.14	protein_coding	OPHN1
ENSG00000079557.5	protein_coding	AFM
ENSG00000079616.14	protein_coding	KIF22
ENSG00000079689.15	protein_coding	SCGN
ENSG00000079691.19	protein_coding	CARMIL1
ENSG00000079739.17	protein_coding	PGM1
ENSG00000079785.16	protein_coding	DDX1
ENSG00000079805.19	protein_coding	DNM2
ENSG00000079819.20	protein_coding	EPB41L2
ENSG00000079841.20	protein_coding	RIMS1
ENSG00000079931.15	protein_coding	MOXD1
ENSG00000079950.14	protein_coding	STX7
ENSG00000079974.19	protein_coding	RABL2B
ENSG00000079999.14	protein_coding	KEAP1
ENSG00000080007.8	protein_coding	DDX43
ENSG00000080031.10	protein_coding	PTPRH
ENSG00000080166.16	protein_coding	DCT
ENSG00000080189.15	protein_coding	SLC35C2
ENSG00000080200.10	protein_coding	CRYBG3
ENSG00000080224.18	protein_coding	EPHA6
ENSG00000080293.10	protein_coding	SCTR
ENSG00000080298.16	protein_coding	RFX3
ENSG00000080345.18	protein_coding	RIF1
ENSG00000080371.6	protein_coding	RAB21
ENSG00000080493.19	protein_coding	SLC4A4
ENSG00000080503.25	protein_coding	SMARCA2
ENSG00000080511.5	protein_coding	RDH8
ENSG00000080546.14	protein_coding	SESN1
ENSG00000080561.14	protein_coding	MID2
ENSG00000080572.14	protein_coding	DNAAF6
ENSG00000080573.7	protein_coding	COL5A3
ENSG00000080603.17	protein_coding	SRCAP
ENSG00000080608.10	protein_coding	PUM3
ENSG00000080618.17	protein_coding	CPB2
ENSG00000080644.16	protein_coding	CHRNA3
ENSG00000080709.17	protein_coding	KCNN2
ENSG00000080802.21	protein_coding	CNOT4
ENSG00000080815.20	protein_coding	PSEN1
ENSG00000080819.9	protein_coding	CPOX
ENSG00000080822.17	protein_coding	CLDND1
ENSG00000080823.23	protein_coding	MOK
ENSG00000080824.19	protein_coding	HSP90AA1
ENSG00000080839.12	protein_coding	RBL1
ENSG00000080845.19	protein_coding	DLGAP4
ENSG00000080854.16	protein_coding	IGSF9B
ENSG00000080910.14	protein_coding	CFHR2
ENSG00000080986.13	protein_coding	NDC80
ENSG00000081014.11	protein_coding	AP4E1
ENSG00000081019.14	protein_coding	RSBN1
ENSG00000081026.19	protein_coding	MAGI3
ENSG00000081041.9	protein_coding	CXCL2
ENSG00000081051.8	protein_coding	AFP
ENSG00000081052.14	protein_coding	COL4A4
ENSG00000081059.20	protein_coding	TCF7
ENSG00000081087.16	protein_coding	OSTM1
ENSG00000081138.14	protein_coding	CDH7
ENSG00000081148.12	protein_coding	IMPG2
ENSG00000081154.12	protein_coding	PCNP
ENSG00000081177.19	protein_coding	EXD2
ENSG00000081181.8	protein_coding	ARG2
ENSG00000081189.17	protein_coding	MEF2C
ENSG00000081237.21	protein_coding	PTPRC
ENSG00000081248.12	protein_coding	CACNA1S
ENSG00000081277.13	protein_coding	PKP1
ENSG00000081307.15	protein_coding	UBA5
ENSG00000081320.11	protein_coding	STK17B
ENSG00000081377.17	protein_coding	CDC14B
ENSG00000081386.13	protein_coding	ZNF510
ENSG00000081479.15	protein_coding	LRP2
ENSG00000081665.14	protein_coding	ZNF506
ENSG00000081692.13	protein_coding	JMJD4
ENSG00000081721.12	protein_coding	DUSP12
ENSG00000081760.17	protein_coding	AACS
ENSG00000081791.9	protein_coding	DELE1
ENSG00000081800.9	protein_coding	SLC13A1
ENSG00000081803.17	protein_coding	CADPS2
ENSG00000081818.4	protein_coding	PCDHB4
ENSG00000081842.18	protein_coding	PCDHA6
ENSG00000081853.15	protein_coding	PCDHGA2
ENSG00000081870.12	protein_coding	HSPB11
ENSG00000081913.14	protein_coding	PHLPP1
ENSG00000081923.15	protein_coding	ATP8B1
ENSG00000081985.14	protein_coding	IL12RB2
ENSG00000082014.17	protein_coding	SMARCD3
ENSG00000082068.9	protein_coding	WDR70
ENSG00000082074.19	protein_coding	FYB1
ENSG00000082126.18	protein_coding	MPP4
ENSG00000082146.13	protein_coding	STRADB
ENSG00000082153.18	protein_coding	BZW1
ENSG00000082175.16	protein_coding	PGR
ENSG00000082196.21	protein_coding	C1QTNF3
ENSG00000082212.13	protein_coding	ME2
ENSG00000082213.18	protein_coding	C5orf22
ENSG00000082258.13	protein_coding	CCNT2
ENSG00000082269.17	protein_coding	FAM135A
ENSG00000082293.13	protein_coding	COL19A1
ENSG00000082397.18	protein_coding	EPB41L3
ENSG00000082438.18	protein_coding	COBLL1
ENSG00000082458.12	protein_coding	DLG3
ENSG00000082482.14	protein_coding	KCNK2
ENSG00000082497.12	protein_coding	SERTAD4
ENSG00000082512.15	protein_coding	TRAF5
ENSG00000082515.18	protein_coding	MRPL22
ENSG00000082516.9	protein_coding	GEMIN5
ENSG00000082556.14	protein_coding	OPRK1
ENSG00000082641.16	protein_coding	NFE2L1
ENSG00000082684.16	protein_coding	SEMA5B
ENSG00000082701.17	protein_coding	GSK3B
ENSG00000082781.12	protein_coding	ITGB5
ENSG00000082805.21	protein_coding	ERC1
ENSG00000082898.19	protein_coding	XPO1
ENSG00000082996.20	protein_coding	RNF13
ENSG00000083067.25	protein_coding	TRPM3
ENSG00000083093.11	protein_coding	PALB2
ENSG00000083097.15	protein_coding	DOP1A
ENSG00000083099.11	protein_coding	LYRM2
ENSG00000083123.15	protein_coding	BCKDHB
ENSG00000083168.11	protein_coding	KAT6A
ENSG00000083223.18	protein_coding	TUT7
ENSG00000083290.20	protein_coding	ULK2
ENSG00000083307.12	protein_coding	GRHL2
ENSG00000083312.19	protein_coding	TNPO1
ENSG00000083444.17	protein_coding	PLOD1
ENSG00000083454.23	protein_coding	P2RX5
ENSG00000083457.12	protein_coding	ITGAE
ENSG00000083520.15	protein_coding	DIS3
ENSG00000083535.16	protein_coding	PIBF1
ENSG00000083544.16	protein_coding	TDRD3
ENSG00000083635.8	protein_coding	NUFIP1
ENSG00000083642.19	protein_coding	PDS5B
ENSG00000083720.13	protein_coding	OXCT1
ENSG00000083750.13	protein_coding	RRAGB
ENSG00000083782.8	protein_coding	EPYC
ENSG00000083799.18	protein_coding	CYLD
ENSG00000083807.10	protein_coding	SLC27A5
ENSG00000083812.13	protein_coding	ZNF324
ENSG00000083814.13	protein_coding	ZNF671
ENSG00000083817.9	protein_coding	ZNF416
ENSG00000083828.16	protein_coding	ZNF586
ENSG00000083838.17	protein_coding	ZNF446
ENSG00000083844.10	protein_coding	ZNF264
ENSG00000083845.9	protein_coding	RPS5
ENSG00000083857.15	protein_coding	FAT1
ENSG00000083896.13	protein_coding	YTHDC1
ENSG00000083937.10	protein_coding	CHMP2B
ENSG00000084070.12	protein_coding	SMAP2
ENSG00000084072.17	protein_coding	PPIE
ENSG00000084073.10	protein_coding	ZMPSTE24
ENSG00000084090.14	protein_coding	STARD7
ENSG00000084092.7	protein_coding	NOA1
ENSG00000084093.19	protein_coding	REST
ENSG00000084110.11	protein_coding	HAL
ENSG00000084112.15	protein_coding	SSH1
ENSG00000084207.18	protein_coding	GSTP1
ENSG00000084234.18	protein_coding	APLP2
ENSG00000084444.14	protein_coding	FAM234B
ENSG00000084453.17	protein_coding	SLCO1A2
ENSG00000084463.8	protein_coding	WBP11
ENSG00000084623.12	protein_coding	EIF3I
ENSG00000084628.10	protein_coding	NKAIN1
ENSG00000084636.18	protein_coding	COL16A1
ENSG00000084652.16	protein_coding	TXLNA
ENSG00000084674.15	protein_coding	APOB
ENSG00000084676.16	protein_coding	NCOA1
ENSG00000084693.16	protein_coding	AGBL5
ENSG00000084710.14	protein_coding	EFR3B
ENSG00000084731.15	protein_coding	KIF3C
ENSG00000084733.11	protein_coding	RAB10
ENSG00000084734.9	protein_coding	GCKR
ENSG00000084754.12	protein_coding	HADHA
ENSG00000084764.12	protein_coding	MAPRE3
ENSG00000084774.14	protein_coding	CAD
ENSG00000085063.18	protein_coding	CD59
ENSG00000085117.12	protein_coding	CD82
ENSG00000085185.16	protein_coding	BCORL1
ENSG00000085224.23	protein_coding	ATRX
ENSG00000085231.14	protein_coding	AK6
ENSG00000085265.12	protein_coding	FCN1
ENSG00000085274.16	protein_coding	MYNN
ENSG00000085276.19	protein_coding	MECOM
ENSG00000085365.18	protein_coding	SCAMP1
ENSG00000085377.15	protein_coding	PREP
ENSG00000085382.12	protein_coding	HACE1
ENSG00000085415.16	protein_coding	SEH1L
ENSG00000085433.17	protein_coding	WDR47
ENSG00000085449.15	protein_coding	WDFY1
ENSG00000085465.13	protein_coding	OVGP1
ENSG00000085491.17	protein_coding	SLC25A24
ENSG00000085511.20	protein_coding	MAP3K4
ENSG00000085514.16	protein_coding	PILRA
ENSG00000085552.18	protein_coding	IGSF9
ENSG00000085563.15	protein_coding	ABCB1
ENSG00000085644.14	protein_coding	ZNF213
ENSG00000085662.14	protein_coding	AKR1B1
ENSG00000085719.13	protein_coding	CPNE3
ENSG00000085721.13	protein_coding	RRN3
ENSG00000085733.16	protein_coding	CTTN
ENSG00000085741.14	protein_coding	WNT11
ENSG00000085760.15	protein_coding	MTIF2
ENSG00000085788.14	protein_coding	DDHD2
ENSG00000085831.16	protein_coding	TTC39A
ENSG00000085832.18	protein_coding	EPS15
ENSG00000085840.13	protein_coding	ORC1
ENSG00000085871.9	protein_coding	MGST2
ENSG00000085872.15	protein_coding	CHERP
ENSG00000085978.22	protein_coding	ATG16L1
ENSG00000085982.16	protein_coding	USP40
ENSG00000085998.15	protein_coding	POMGNT1
ENSG00000085999.13	protein_coding	RAD54L
ENSG00000086015.23	protein_coding	MAST2
ENSG00000086061.16	protein_coding	DNAJA1
ENSG00000086062.13	protein_coding	B4GALT1
ENSG00000086065.14	protein_coding	CHMP5
ENSG00000086102.19	protein_coding	NFX1
ENSG00000086159.13	protein_coding	AQP6
ENSG00000086189.11	protein_coding	DIMT1
ENSG00000086200.17	protein_coding	IPO11
ENSG00000086205.18	protein_coding	FOLH1
ENSG00000086232.13	protein_coding	EIF2AK1
ENSG00000086288.12	protein_coding	NME8
ENSG00000086289.13	protein_coding	EPDR1
ENSG00000086300.17	protein_coding	SNX10
ENSG00000086475.15	protein_coding	SEPHS1
ENSG00000086504.18	protein_coding	MRPL28
ENSG00000086506.3	protein_coding	HBQ1
ENSG00000086544.4	protein_coding	ITPKC
ENSG00000086548.9	protein_coding	CEACAM6
ENSG00000086570.13	protein_coding	FAT2
ENSG00000086589.12	protein_coding	RBM22
ENSG00000086598.11	protein_coding	TMED2
ENSG00000086619.15	protein_coding	ERO1B
ENSG00000086666.19	protein_coding	ZFAND6
ENSG00000086696.11	protein_coding	HSD17B2
ENSG00000086712.13	protein_coding	TXLNG
ENSG00000086717.19	protein_coding	PPEF1
ENSG00000086730.17	protein_coding	LAT2
ENSG00000086758.17	protein_coding	HUWE1
ENSG00000086827.9	protein_coding	ZW10
ENSG00000086848.15	protein_coding	ALG9
ENSG00000086967.10	protein_coding	MYBPC2
ENSG00000086991.13	protein_coding	NOX4
ENSG00000087008.16	protein_coding	ACOX3
ENSG00000087053.20	protein_coding	MTMR2
ENSG00000087074.9	protein_coding	PPP1R15A
ENSG00000087076.9	protein_coding	HSD17B14
ENSG00000087077.14	protein_coding	TRIP6
ENSG00000087085.16	protein_coding	ACHE
ENSG00000087086.15	protein_coding	FTL
ENSG00000087087.20	protein_coding	SRRT
ENSG00000087088.21	protein_coding	BAX
ENSG00000087095.13	protein_coding	NLK
ENSG00000087111.22	protein_coding	PIGS
ENSG00000087116.17	protein_coding	ADAMTS2
ENSG00000087128.10	protein_coding	TMPRSS11E
ENSG00000087152.16	protein_coding	ATXN7L3
ENSG00000087157.19	protein_coding	PGS1
ENSG00000087191.14	protein_coding	PSMC5
ENSG00000087206.17	protein_coding	UIMC1
ENSG00000087237.12	protein_coding	CETP
ENSG00000087245.13	protein_coding	MMP2
ENSG00000087250.9	protein_coding	MT3
ENSG00000087253.13	protein_coding	LPCAT2
ENSG00000087258.16	protein_coding	GNAO1
ENSG00000087263.17	protein_coding	OGFOD1
ENSG00000087266.17	protein_coding	SH3BP2
ENSG00000087269.16	protein_coding	NOP14
ENSG00000087274.19	protein_coding	ADD1
ENSG00000087299.12	protein_coding	L2HGDH
ENSG00000087301.9	protein_coding	TXNDC16
ENSG00000087302.9	protein_coding	RTRAF
ENSG00000087303.19	protein_coding	NID2
ENSG00000087338.5	protein_coding	GMCL1
ENSG00000087365.16	protein_coding	SF3B2
ENSG00000087448.11	protein_coding	KLHL42
ENSG00000087460.29	protein_coding	GNAS
ENSG00000087470.21	protein_coding	DNM1L
ENSG00000087494.16	protein_coding	PTHLH
ENSG00000087495.17	protein_coding	PHACTR3
ENSG00000087502.19	protein_coding	ERGIC2
ENSG00000087510.7	protein_coding	TFAP2C
ENSG00000087586.18	protein_coding	AURKA
ENSG00000087589.17	protein_coding	CASS4
ENSG00000087842.11	protein_coding	PIR
ENSG00000087884.16	protein_coding	AAMDC
ENSG00000087903.13	protein_coding	RFX2
ENSG00000087995.16	protein_coding	METTL2A
ENSG00000088002.12	protein_coding	SULT2B1
ENSG00000088035.18	protein_coding	ALG6
ENSG00000088038.20	protein_coding	CNOT3
ENSG00000088053.11	protein_coding	GP6
ENSG00000088179.9	protein_coding	PTPN4
ENSG00000088205.13	protein_coding	DDX18
ENSG00000088247.19	protein_coding	KHSRP
ENSG00000088256.9	protein_coding	GNA11
ENSG00000088280.20	protein_coding	ASAP3
ENSG00000088298.13	protein_coding	EDEM2
ENSG00000088305.19	protein_coding	DNMT3B
ENSG00000088320.4	protein_coding	REM1
ENSG00000088325.16	protein_coding	TPX2
ENSG00000088356.6	protein_coding	PDRG1
ENSG00000088367.23	protein_coding	EPB41L1
ENSG00000088386.17	protein_coding	SLC15A1
ENSG00000088387.22	protein_coding	DOCK9
ENSG00000088448.14	protein_coding	ANKRD10
ENSG00000088451.11	protein_coding	TGDS
ENSG00000088538.13	protein_coding	DOCK3
ENSG00000088543.15	protein_coding	C3orf18
ENSG00000088682.14	protein_coding	COQ9
ENSG00000088726.16	protein_coding	TMEM40
ENSG00000088727.14	protein_coding	KIF9
ENSG00000088756.13	protein_coding	ARHGAP28
ENSG00000088766.12	protein_coding	CRLS1
ENSG00000088782.5	protein_coding	DEFB127
ENSG00000088808.18	protein_coding	PPP1R13B
ENSG00000088812.18	protein_coding	ATRN
ENSG00000088826.18	protein_coding	SMOX
ENSG00000088827.14	protein_coding	SIGLEC1
ENSG00000088832.18	protein_coding	FKBP1A
ENSG00000088833.18	protein_coding	NSFL1C
ENSG00000088836.14	protein_coding	SLC4A11
ENSG00000088854.13	protein_coding	DNAAF9
ENSG00000088876.13	protein_coding	ZNF343
ENSG00000088881.22	protein_coding	EBF4
ENSG00000088882.8	protein_coding	CPXM1
ENSG00000088888.18	protein_coding	MAVS
ENSG00000088899.16	protein_coding	LZTS3
ENSG00000088926.14	protein_coding	F11
ENSG00000088930.8	protein_coding	XRN2
ENSG00000088970.16	protein_coding	KIZ
ENSG00000088986.11	protein_coding	DYNLL1
ENSG00000088992.18	protein_coding	TESC
ENSG00000089006.17	protein_coding	SNX5
ENSG00000089009.16	protein_coding	RPL6
ENSG00000089012.14	protein_coding	SIRPG
ENSG00000089022.14	protein_coding	MAPKAPK5
ENSG00000089041.17	protein_coding	P2RX7
ENSG00000089048.15	protein_coding	ESF1
ENSG00000089050.16	protein_coding	RBBP9
ENSG00000089053.13	protein_coding	ANAPC5
ENSG00000089057.15	protein_coding	SLC23A2
ENSG00000089060.12	protein_coding	SLC8B1
ENSG00000089063.15	protein_coding	TMEM230
ENSG00000089091.17	protein_coding	DZANK1
ENSG00000089094.20	protein_coding	KDM2B
ENSG00000089101.19	protein_coding	CFAP61
ENSG00000089116.4	protein_coding	LHX5
ENSG00000089123.16	protein_coding	TASP1
ENSG00000089127.15	protein_coding	OAS1
ENSG00000089154.11	protein_coding	GCN1
ENSG00000089157.16	protein_coding	RPLP0
ENSG00000089159.17	protein_coding	PXN
ENSG00000089163.4	protein_coding	SIRT4
ENSG00000089169.15	protein_coding	RPH3A
ENSG00000089177.19	protein_coding	KIF16B
ENSG00000089195.15	protein_coding	TRMT6
ENSG00000089199.10	protein_coding	CHGB
ENSG00000089220.5	protein_coding	PEBP1
ENSG00000089225.20	protein_coding	TBX5
ENSG00000089234.16	protein_coding	BRAP
ENSG00000089248.7	protein_coding	ERP29
ENSG00000089250.20	protein_coding	NOS1
ENSG00000089280.19	protein_coding	FUS
ENSG00000089289.16	protein_coding	IGBP1
ENSG00000089327.15	protein_coding	FXYD5
ENSG00000089335.22	protein_coding	ZNF302
ENSG00000089351.15	protein_coding	GRAMD1A
ENSG00000089356.19	protein_coding	FXYD3
ENSG00000089472.18	protein_coding	HEPH
ENSG00000089486.17	protein_coding	CDIP1
ENSG00000089505.18	protein_coding	CMTM1
ENSG00000089558.9	protein_coding	KCNH4
ENSG00000089597.18	protein_coding	GANAB
ENSG00000089639.11	protein_coding	GMIP
ENSG00000089682.17	protein_coding	RBM41
ENSG00000089685.15	protein_coding	BIRC5
ENSG00000089692.9	protein_coding	LAG3
ENSG00000089693.11	protein_coding	MLF2
ENSG00000089723.10	protein_coding	OTUB2
ENSG00000089737.18	protein_coding	DDX24
ENSG00000089775.12	protein_coding	ZBTB25
ENSG00000089818.18	protein_coding	NECAP1
ENSG00000089820.17	protein_coding	ARHGAP4
ENSG00000089847.13	protein_coding	ANKRD24
ENSG00000089876.12	protein_coding	DHX32
ENSG00000089902.10	protein_coding	RCOR1
ENSG00000089916.18	protein_coding	GPATCH2L
ENSG00000090006.18	protein_coding	LTBP4
ENSG00000090013.11	protein_coding	BLVRB
ENSG00000090020.11	protein_coding	SLC9A1
ENSG00000090054.16	protein_coding	SPTLC1
ENSG00000090060.19	protein_coding	PAPOLA
ENSG00000090061.17	protein_coding	CCNK
ENSG00000090097.22	protein_coding	PCBP4
ENSG00000090104.12	protein_coding	RGS1
ENSG00000090238.12	protein_coding	YPEL3
ENSG00000090263.16	protein_coding	MRPS33
ENSG00000090266.13	protein_coding	NDUFB2
ENSG00000090273.14	protein_coding	NUDC
ENSG00000090316.16	protein_coding	MAEA
ENSG00000090339.9	protein_coding	ICAM1
ENSG00000090372.15	protein_coding	STRN4
ENSG00000090376.11	protein_coding	IRAK3
ENSG00000090382.7	protein_coding	LYZ
ENSG00000090402.8	protein_coding	SI
ENSG00000090432.7	protein_coding	MUL1
ENSG00000090447.12	protein_coding	TFAP4
ENSG00000090470.15	protein_coding	PDCD7
ENSG00000090487.11	protein_coding	SPG21
ENSG00000090512.12	protein_coding	FETUB
ENSG00000090520.12	protein_coding	DNAJB11
ENSG00000090530.10	protein_coding	P3H2
ENSG00000090534.20	protein_coding	THPO
ENSG00000090539.16	protein_coding	CHRD
ENSG00000090554.13	protein_coding	FLT3LG
ENSG00000090565.17	protein_coding	RAB11FIP3
ENSG00000090581.11	protein_coding	GNPTG
ENSG00000090612.22	protein_coding	ZNF268
ENSG00000090615.16	protein_coding	GOLGA3
ENSG00000090621.15	protein_coding	PABPC4
ENSG00000090659.18	protein_coding	CD209
ENSG00000090661.12	protein_coding	CERS4
ENSG00000090674.16	protein_coding	MCOLN1
ENSG00000090686.16	protein_coding	USP48
ENSG00000090776.6	protein_coding	EFNB1
ENSG00000090857.14	protein_coding	PDPR
ENSG00000090861.17	protein_coding	AARS1
ENSG00000090863.12	protein_coding	GLG1
ENSG00000090889.12	protein_coding	KIF4A
ENSG00000090905.19	protein_coding	TNRC6A
ENSG00000090924.15	protein_coding	PLEKHG2
ENSG00000090932.11	protein_coding	DLL3
ENSG00000090971.5	protein_coding	NAT14
ENSG00000090975.14	protein_coding	PITPNM2
ENSG00000090989.18	protein_coding	EXOC1
ENSG00000091009.8	protein_coding	RBM27
ENSG00000091010.6	protein_coding	POU4F3
ENSG00000091039.17	protein_coding	OSBPL8
ENSG00000091073.20	protein_coding	DTX2
ENSG00000091106.19	protein_coding	NLRC4
ENSG00000091127.14	protein_coding	PUS7
ENSG00000091128.13	protein_coding	LAMB4
ENSG00000091129.22	protein_coding	NRCAM
ENSG00000091136.15	protein_coding	LAMB1
ENSG00000091137.14	protein_coding	SLC26A4
ENSG00000091138.13	protein_coding	SLC26A3
ENSG00000091140.15	protein_coding	DLD
ENSG00000091157.15	protein_coding	WDR7
ENSG00000091164.13	protein_coding	TXNL1
ENSG00000091181.20	protein_coding	IL5RA
ENSG00000091262.17	protein_coding	ABCC6
ENSG00000091317.8	protein_coding	CMTM6
ENSG00000091409.16	protein_coding	ITGA6
ENSG00000091428.18	protein_coding	RAPGEF4
ENSG00000091436.17	protein_coding	MAP3K20
ENSG00000091482.8	protein_coding	SMPX
ENSG00000091483.8	protein_coding	FH
ENSG00000091490.11	protein_coding	SEL1L3
ENSG00000091513.16	protein_coding	TF
ENSG00000091527.17	protein_coding	CDV3
ENSG00000091536.20	protein_coding	MYO15A
ENSG00000091542.9	protein_coding	ALKBH5
ENSG00000091583.11	protein_coding	APOH
ENSG00000091592.17	protein_coding	NLRP1
ENSG00000091622.16	protein_coding	PITPNM3
ENSG00000091640.8	protein_coding	SPAG7
ENSG00000091651.9	protein_coding	ORC6
ENSG00000091656.19	protein_coding	ZFHX4
ENSG00000091664.9	protein_coding	SLC17A6
ENSG00000091704.10	protein_coding	CPA1
ENSG00000091732.17	protein_coding	ZC3HC1
ENSG00000091831.25	protein_coding	ESR1
ENSG00000091844.8	protein_coding	RGS17
ENSG00000091879.14	protein_coding	ANGPT2
ENSG00000091947.10	protein_coding	TMEM101
ENSG00000091972.18	protein_coding	CD200
ENSG00000091986.16	protein_coding	CCDC80
ENSG00000092009.10	protein_coding	CMA1
ENSG00000092010.15	protein_coding	PSME1
ENSG00000092020.11	protein_coding	PPP2R3C
ENSG00000092036.19	protein_coding	HAUS4
ENSG00000092051.18	protein_coding	JPH4
ENSG00000092054.13	protein_coding	MYH7
ENSG00000092067.7	protein_coding	CEBPE
ENSG00000092068.21	protein_coding	SLC7A8
ENSG00000092094.11	protein_coding	OSGEP
ENSG00000092096.19	protein_coding	SLC22A17
ENSG00000092098.18	protein_coding	RNF31
ENSG00000092108.22	protein_coding	SCFD1
ENSG00000092140.16	protein_coding	G2E3
ENSG00000092148.14	protein_coding	HECTD1
ENSG00000092199.19	protein_coding	HNRNPC
ENSG00000092200.13	protein_coding	RPGRIP1
ENSG00000092201.10	protein_coding	SUPT16H
ENSG00000092203.15	protein_coding	TOX4
ENSG00000092208.19	protein_coding	GEMIN2
ENSG00000092295.12	protein_coding	TGM1
ENSG00000092330.19	protein_coding	TINF2
ENSG00000092345.14	protein_coding	DAZL
ENSG00000092377.15	protein_coding	TBL1Y
ENSG00000092421.17	protein_coding	SEMA6A
ENSG00000092439.16	protein_coding	TRPM7
ENSG00000092445.12	protein_coding	TYRO3
ENSG00000092470.12	protein_coding	WDR76
ENSG00000092529.25	protein_coding	CAPN3
ENSG00000092531.10	protein_coding	SNAP23
ENSG00000092607.15	protein_coding	TBX15
ENSG00000092621.13	protein_coding	PHGDH
ENSG00000092758.18	protein_coding	COL9A3
ENSG00000092820.19	protein_coding	EZR
ENSG00000092841.19	protein_coding	MYL6
ENSG00000092847.14	protein_coding	AGO1
ENSG00000092850.12	protein_coding	TEKT2
ENSG00000092853.14	protein_coding	CLSPN
ENSG00000092871.17	protein_coding	RFFL
ENSG00000092929.13	protein_coding	UNC13D
ENSG00000092931.12	protein_coding	MFSD11
ENSG00000092964.18	protein_coding	DPYSL2
ENSG00000092969.12	protein_coding	TGFB2
ENSG00000092978.11	protein_coding	GPATCH2
ENSG00000093000.19	protein_coding	NUP50
ENSG00000093009.11	protein_coding	CDC45
ENSG00000093010.15	protein_coding	COMT
ENSG00000093072.19	protein_coding	ADA2
ENSG00000093144.19	protein_coding	ECHDC1
ENSG00000093167.18	protein_coding	LRRFIP2
ENSG00000093183.14	protein_coding	SEC22C
ENSG00000093217.11	protein_coding	XYLB
ENSG00000094631.22	protein_coding	HDAC6
ENSG00000094661.3	protein_coding	OR1I1
ENSG00000094755.17	protein_coding	GABRP
ENSG00000094796.5	protein_coding	KRT31
ENSG00000094804.12	protein_coding	CDC6
ENSG00000094841.14	protein_coding	UPRT
ENSG00000094880.11	protein_coding	CDC23
ENSG00000094914.14	protein_coding	AAAS
ENSG00000094916.16	protein_coding	CBX5
ENSG00000094963.14	protein_coding	FMO2
ENSG00000094975.14	protein_coding	SUCO
ENSG00000095002.15	protein_coding	MSH2
ENSG00000095015.6	protein_coding	MAP3K1
ENSG00000095059.17	protein_coding	DHPS
ENSG00000095066.12	protein_coding	HOOK2
ENSG00000095110.9	protein_coding	NXPE1
ENSG00000095139.15	protein_coding	ARCN1
ENSG00000095203.15	protein_coding	EPB41L4B
ENSG00000095209.12	protein_coding	TMEM38B
ENSG00000095261.14	protein_coding	PSMD5
ENSG00000095303.17	protein_coding	PTGS1
ENSG00000095319.14	protein_coding	NUP188
ENSG00000095321.18	protein_coding	CRAT
ENSG00000095370.20	protein_coding	SH2D3C
ENSG00000095380.11	protein_coding	NANS
ENSG00000095383.20	protein_coding	TBC1D2
ENSG00000095397.17	protein_coding	WHRN
ENSG00000095464.10	protein_coding	PDE6C
ENSG00000095485.18	protein_coding	CWF19L1
ENSG00000095539.16	protein_coding	SEMA4G
ENSG00000095564.15	protein_coding	BTAF1
ENSG00000095574.12	protein_coding	IKZF5
ENSG00000095585.18	protein_coding	BLNK
ENSG00000095587.9	protein_coding	TLL2
ENSG00000095596.12	protein_coding	CYP26A1
ENSG00000095627.10	protein_coding	TDRD1
ENSG00000095637.23	protein_coding	SORBS1
ENSG00000095713.14	protein_coding	CRTAC1
ENSG00000095739.11	protein_coding	BAMBI
ENSG00000095752.7	protein_coding	IL11
ENSG00000095777.17	protein_coding	MYO3A
ENSG00000095787.26	protein_coding	WAC
ENSG00000095794.21	protein_coding	CREM
ENSG00000095906.17	protein_coding	NUBP2
ENSG00000095917.14	protein_coding	TPSD1
ENSG00000095932.7	protein_coding	SMIM24
ENSG00000095951.17	protein_coding	HIVEP1
ENSG00000095970.17	protein_coding	TREM2
ENSG00000095981.11	protein_coding	KCNK16
ENSG00000096006.12	protein_coding	CRISP3
ENSG00000096060.15	protein_coding	FKBP5
ENSG00000096063.16	protein_coding	SRPK1
ENSG00000096070.19	protein_coding	BRPF3
ENSG00000096080.12	protein_coding	MRPS18A
ENSG00000096088.16	protein_coding	PGC
ENSG00000096092.6	protein_coding	TMEM14A
ENSG00000096093.16	protein_coding	EFHC1
ENSG00000096264.14	protein_coding	NCR2
ENSG00000096384.20	protein_coding	HSP90AB1
ENSG00000096395.11	protein_coding	MLN
ENSG00000096401.8	protein_coding	CDC5L
ENSG00000096433.11	protein_coding	ITPR3
ENSG00000096654.16	protein_coding	ZNF184
ENSG00000096696.15	protein_coding	DSP
ENSG00000096717.12	protein_coding	SIRT1
ENSG00000096746.18	protein_coding	HNRNPH3
ENSG00000096872.17	protein_coding	IFT74
ENSG00000096968.14	protein_coding	JAK2
ENSG00000096996.16	protein_coding	IL12RB1
ENSG00000097007.20	protein_coding	ABL1
ENSG00000097021.21	protein_coding	ACOT7
ENSG00000097033.15	protein_coding	SH3GLB1
ENSG00000097046.13	protein_coding	CDC7
ENSG00000097096.10	protein_coding	SYDE2
ENSG00000099139.14	protein_coding	PCSK5
ENSG00000099194.6	protein_coding	SCD
ENSG00000099203.7	protein_coding	TMED1
ENSG00000099204.22	protein_coding	ABLIM1
ENSG00000099219.15	protein_coding	ERMP1
ENSG00000099246.18	protein_coding	RAB18
ENSG00000099250.18	protein_coding	NRP1
ENSG00000099256.19	protein_coding	PRTFDC1
ENSG00000099260.12	protein_coding	PALMD
ENSG00000099282.10	protein_coding	TSPAN15
ENSG00000099284.15	protein_coding	MACROH2A2
ENSG00000099290.17	protein_coding	WASHC2A
ENSG00000099308.13	protein_coding	MAST3
ENSG00000099326.9	protein_coding	MZF1
ENSG00000099330.9	protein_coding	OCEL1
ENSG00000099331.14	protein_coding	MYO9B
ENSG00000099337.5	protein_coding	KCNK6
ENSG00000099338.23	protein_coding	CATSPERG
ENSG00000099341.13	protein_coding	PSMD8
ENSG00000099364.18	protein_coding	FBXL19
ENSG00000099365.11	protein_coding	STX1B
ENSG00000099377.14	protein_coding	HSD3B7
ENSG00000099381.19	protein_coding	SETD1A
ENSG00000099385.12	protein_coding	BCL7C
ENSG00000099399.6	protein_coding	MAGEB2
ENSG00000099617.4	protein_coding	EFNA2
ENSG00000099622.14	protein_coding	CIRBP
ENSG00000099624.8	protein_coding	ATP5F1D
ENSG00000099625.14	protein_coding	CBARP
ENSG00000099715.15	protein_coding	PCDH11Y
ENSG00000099721.16	protein_coding	AMELY
ENSG00000099769.6	protein_coding	IGFALS
ENSG00000099783.12	protein_coding	HNRNPM
ENSG00000099785.11	protein_coding	MARCHF2
ENSG00000099795.7	protein_coding	NDUFB7
ENSG00000099797.15	protein_coding	TECR
ENSG00000099800.8	protein_coding	TIMM13
ENSG00000099804.9	protein_coding	CDC34
ENSG00000099810.21	protein_coding	MTAP
ENSG00000099812.9	protein_coding	MISP
ENSG00000099814.17	protein_coding	CEP170B
ENSG00000099817.12	protein_coding	POLR2E
ENSG00000099821.14	protein_coding	POLRMT
ENSG00000099822.3	protein_coding	HCN2
ENSG00000099834.19	protein_coding	CDHR5
ENSG00000099840.14	protein_coding	IZUMO4
ENSG00000099849.15	protein_coding	RASSF7
ENSG00000099860.9	protein_coding	GADD45B
ENSG00000099864.18	protein_coding	PALM
ENSG00000099866.16	protein_coding	MADCAM1
ENSG00000099875.16	protein_coding	MKNK2
ENSG00000099889.14	protein_coding	ARVCF
ENSG00000099899.16	protein_coding	TRMT2A
ENSG00000099901.17	protein_coding	RANBP1
ENSG00000099904.16	protein_coding	ZDHHC8
ENSG00000099910.17	protein_coding	KLHL22
ENSG00000099917.17	protein_coding	MED15
ENSG00000099937.11	protein_coding	SERPIND1
ENSG00000099940.12	protein_coding	SNAP29
ENSG00000099942.13	protein_coding	CRKL
ENSG00000099949.22	protein_coding	LZTR1
ENSG00000099953.10	protein_coding	MMP11
ENSG00000099954.19	protein_coding	CECR2
ENSG00000099956.20	protein_coding	SMARCB1
ENSG00000099957.17	protein_coding	P2RX6
ENSG00000099958.15	protein_coding	DERL3
ENSG00000099960.13	protein_coding	SLC7A4
ENSG00000099968.18	protein_coding	BCL2L13
ENSG00000099974.8	protein_coding	DDTL
ENSG00000099977.16	protein_coding	DDT
ENSG00000099984.12	protein_coding	GSTT2
ENSG00000099985.4	protein_coding	OSM
ENSG00000099991.18	protein_coding	CABIN1
ENSG00000099992.16	protein_coding	TBC1D10A
ENSG00000099994.11	protein_coding	SUSD2
ENSG00000099995.19	protein_coding	SF3A1
ENSG00000099998.19	protein_coding	GGT5
ENSG00000099999.15	protein_coding	RNF215
ENSG00000100003.18	protein_coding	SEC14L2
ENSG00000100012.12	protein_coding	SEC14L3
ENSG00000100014.20	protein_coding	SPECC1L
ENSG00000100023.20	protein_coding	PPIL2
ENSG00000100024.15	protein_coding	UPB1
ENSG00000100027.17	protein_coding	YPEL1
ENSG00000100028.12	protein_coding	SNRPD3
ENSG00000100029.18	protein_coding	PES1
ENSG00000100030.15	protein_coding	MAPK1
ENSG00000100031.19	protein_coding	GGT1
ENSG00000100033.17	protein_coding	PRODH
ENSG00000100034.14	protein_coding	PPM1F
ENSG00000100036.13	protein_coding	SLC35E4
ENSG00000100038.20	protein_coding	TOP3B
ENSG00000100053.10	protein_coding	CRYBB3
ENSG00000100055.21	protein_coding	CYTH4
ENSG00000100056.12	protein_coding	ESS2
ENSG00000100060.18	protein_coding	MFNG
ENSG00000100065.15	protein_coding	CARD10
ENSG00000100075.10	protein_coding	SLC25A1
ENSG00000100077.16	protein_coding	GRK3
ENSG00000100078.4	protein_coding	PLA2G3
ENSG00000100079.7	protein_coding	LGALS2
ENSG00000100083.19	protein_coding	GGA1
ENSG00000100084.14	protein_coding	HIRA
ENSG00000100092.24	protein_coding	SH3BP1
ENSG00000100095.19	protein_coding	SEZ6L
ENSG00000100097.12	protein_coding	LGALS1
ENSG00000100099.22	protein_coding	HPS4
ENSG00000100100.13	protein_coding	PIK3IP1
ENSG00000100101.15	protein_coding	ENSG00000100101
ENSG00000100104.13	protein_coding	SRRD
ENSG00000100105.18	protein_coding	PATZ1
ENSG00000100106.22	protein_coding	TRIOBP
ENSG00000100109.17	protein_coding	TFIP11
ENSG00000100116.17	protein_coding	GCAT
ENSG00000100121.14	protein_coding	GGTLC2
ENSG00000100122.7	protein_coding	CRYBB1
ENSG00000100124.15	protein_coding	ANKRD54
ENSG00000100129.18	protein_coding	EIF3L
ENSG00000100138.15	protein_coding	SNU13
ENSG00000100139.14	protein_coding	MICALL1
ENSG00000100142.16	protein_coding	POLR2F
ENSG00000100146.20	protein_coding	SOX10
ENSG00000100147.14	protein_coding	CCDC134
ENSG00000100150.20	protein_coding	DEPDC5
ENSG00000100151.16	protein_coding	PICK1
ENSG00000100154.15	protein_coding	TTC28
ENSG00000100156.12	protein_coding	SLC16A8
ENSG00000100162.15	protein_coding	CENPM
ENSG00000100167.21	protein_coding	SEPTIN3
ENSG00000100170.10	protein_coding	SLC5A1
ENSG00000100191.6	protein_coding	SLC5A4
ENSG00000100196.11	protein_coding	KDELR3
ENSG00000100197.23	protein_coding	CYP2D6
ENSG00000100201.23	protein_coding	DDX17
ENSG00000100206.11	protein_coding	DMC1
ENSG00000100207.21	protein_coding	TCF20
ENSG00000100209.11	protein_coding	HSCB
ENSG00000100211.12	protein_coding	CBY1
ENSG00000100216.6	protein_coding	TOMM22
ENSG00000100218.12	protein_coding	RSPH14
ENSG00000100219.17	protein_coding	XBP1
ENSG00000100220.12	protein_coding	RTCB
ENSG00000100221.11	protein_coding	JOSD1
ENSG00000100225.18	protein_coding	FBXO7
ENSG00000100226.16	protein_coding	GTPBP1
ENSG00000100227.19	protein_coding	POLDIP3
ENSG00000100228.14	protein_coding	RAB36
ENSG00000100234.12	protein_coding	TIMP3
ENSG00000100239.16	protein_coding	PPP6R2
ENSG00000100241.22	protein_coding	SBF1
ENSG00000100242.16	protein_coding	SUN2
ENSG00000100243.22	protein_coding	CYB5R3
ENSG00000100246.13	protein_coding	DNAL4
ENSG00000100249.5	protein_coding	C22orf31
ENSG00000100253.13	protein_coding	MIOX
ENSG00000100258.18	protein_coding	LMF2
ENSG00000100263.14	protein_coding	RHBDD3
ENSG00000100266.19	protein_coding	PACSIN2
ENSG00000100271.17	protein_coding	TTLL1
ENSG00000100276.10	protein_coding	RASL10A
ENSG00000100280.17	protein_coding	AP1B1
ENSG00000100281.14	protein_coding	HMGXB4
ENSG00000100284.22	protein_coding	TOM1
ENSG00000100285.10	protein_coding	NEFH
ENSG00000100288.20	protein_coding	CHKB
ENSG00000100290.3	protein_coding	BIK
ENSG00000100292.18	protein_coding	HMOX1
ENSG00000100294.13	protein_coding	MCAT
ENSG00000100296.14	protein_coding	THOC5
ENSG00000100297.16	protein_coding	MCM5
ENSG00000100298.16	protein_coding	APOBEC3H
ENSG00000100299.18	protein_coding	ARSA
ENSG00000100300.18	protein_coding	TSPO
ENSG00000100302.7	protein_coding	RASD2
ENSG00000100304.13	protein_coding	TTLL12
ENSG00000100307.13	protein_coding	CBX7
ENSG00000100311.17	protein_coding	PDGFB
ENSG00000100312.11	protein_coding	ACR
ENSG00000100314.4	protein_coding	CABP7
ENSG00000100316.16	protein_coding	RPL3
ENSG00000100319.13	protein_coding	ZMAT5
ENSG00000100320.24	protein_coding	RBFOX2
ENSG00000100321.15	protein_coding	SYNGR1
ENSG00000100324.14	protein_coding	TAB1
ENSG00000100325.15	protein_coding	ASCC2
ENSG00000100330.16	protein_coding	MTMR3
ENSG00000100335.15	protein_coding	MIEF1
ENSG00000100336.18	protein_coding	APOL4
ENSG00000100341.13	protein_coding	PNPLA5
ENSG00000100342.22	protein_coding	APOL1
ENSG00000100344.11	protein_coding	PNPLA3
ENSG00000100345.23	protein_coding	MYH9
ENSG00000100346.18	protein_coding	CACNA1I
ENSG00000100347.15	protein_coding	SAMM50
ENSG00000100348.10	protein_coding	TXN2
ENSG00000100350.16	protein_coding	FOXRED2
ENSG00000100351.17	protein_coding	GRAP2
ENSG00000100353.18	protein_coding	EIF3D
ENSG00000100354.21	protein_coding	TNRC6B
ENSG00000100359.21	protein_coding	SGSM3
ENSG00000100360.15	protein_coding	IFT27
ENSG00000100362.13	protein_coding	PVALB
ENSG00000100364.19	protein_coding	KIAA0930
ENSG00000100365.16	protein_coding	NCF4
ENSG00000100368.15	protein_coding	CSF2RB
ENSG00000100372.15	protein_coding	SLC25A17
ENSG00000100373.10	protein_coding	UPK3A
ENSG00000100376.12	protein_coding	FAM118A
ENSG00000100379.18	protein_coding	KCTD17
ENSG00000100380.15	protein_coding	ST13
ENSG00000100385.15	protein_coding	IL2RB
ENSG00000100387.9	protein_coding	RBX1
ENSG00000100393.15	protein_coding	EP300
ENSG00000100395.15	protein_coding	L3MBTL2
ENSG00000100399.16	protein_coding	CHADL
ENSG00000100401.21	protein_coding	RANGAP1
ENSG00000100403.12	protein_coding	ZC3H7B
ENSG00000100410.8	protein_coding	PHF5A
ENSG00000100412.17	protein_coding	ACO2
ENSG00000100413.17	protein_coding	POLR3H
ENSG00000100416.15	protein_coding	TRMU
ENSG00000100417.12	protein_coding	PMM1
ENSG00000100418.8	protein_coding	DESI1
ENSG00000100422.14	protein_coding	CERK
ENSG00000100425.19	protein_coding	BRD1
ENSG00000100426.7	protein_coding	ZBED4
ENSG00000100427.16	protein_coding	MLC1
ENSG00000100429.18	protein_coding	HDAC10
ENSG00000100433.16	protein_coding	KCNK10
ENSG00000100439.11	protein_coding	ABHD4
ENSG00000100441.10	protein_coding	KHNYN
ENSG00000100442.11	protein_coding	FKBP3
ENSG00000100445.18	protein_coding	SDR39U1
ENSG00000100448.4	protein_coding	CTSG
ENSG00000100450.13	protein_coding	GZMH
ENSG00000100453.14	protein_coding	GZMB
ENSG00000100461.18	protein_coding	RBM23
ENSG00000100462.16	protein_coding	PRMT5
ENSG00000100473.18	protein_coding	COCH
ENSG00000100478.16	protein_coding	AP4S1
ENSG00000100479.14	protein_coding	POLE2
ENSG00000100483.14	protein_coding	VCPKMT
ENSG00000100485.12	protein_coding	SOS2
ENSG00000100490.10	protein_coding	CDKL1
ENSG00000100503.27	protein_coding	NIN
ENSG00000100504.17	protein_coding	PYGL
ENSG00000100505.14	protein_coding	TRIM9
ENSG00000100519.12	protein_coding	PSMC6
ENSG00000100522.10	protein_coding	GNPNAT1
ENSG00000100523.16	protein_coding	DDHD1
ENSG00000100526.21	protein_coding	CDKN3
ENSG00000100528.12	protein_coding	CNIH1
ENSG00000100532.13	protein_coding	CGRRF1
ENSG00000100554.12	protein_coding	ATP6V1D
ENSG00000100557.10	protein_coding	CCDC198
ENSG00000100558.9	protein_coding	PLEK2
ENSG00000100564.9	protein_coding	PIGH
ENSG00000100565.16	protein_coding	LRRC74A
ENSG00000100567.13	protein_coding	PSMA3
ENSG00000100568.11	protein_coding	VTI1B
ENSG00000100575.14	protein_coding	TIMM9
ENSG00000100577.19	protein_coding	GSTZ1
ENSG00000100578.18	protein_coding	KIAA0586
ENSG00000100580.8	protein_coding	TMED8
ENSG00000100583.5	protein_coding	SAMD15
ENSG00000100591.8	protein_coding	AHSA1
ENSG00000100592.16	protein_coding	DAAM1
ENSG00000100593.18	protein_coding	ISM2
ENSG00000100596.8	protein_coding	SPTLC2
ENSG00000100599.16	protein_coding	RIN3
ENSG00000100600.15	protein_coding	LGMN
ENSG00000100601.10	protein_coding	ALKBH1
ENSG00000100603.14	protein_coding	SNW1
ENSG00000100604.13	protein_coding	CHGA
ENSG00000100605.17	protein_coding	ITPK1
ENSG00000100612.14	protein_coding	DHRS7
ENSG00000100614.18	protein_coding	PPM1A
ENSG00000100625.9	protein_coding	SIX4
ENSG00000100626.17	protein_coding	GALNT16
ENSG00000100628.12	protein_coding	ASB2
ENSG00000100629.17	protein_coding	CEP128
ENSG00000100632.11	protein_coding	ERH
ENSG00000100644.17	protein_coding	HIF1A
ENSG00000100647.8	protein_coding	SUSD6
ENSG00000100650.16	protein_coding	SRSF5
ENSG00000100652.5	protein_coding	SLC10A1
ENSG00000100664.11	protein_coding	EIF5
ENSG00000100665.12	protein_coding	SERPINA4
ENSG00000100678.20	protein_coding	SLC8A3
ENSG00000100697.17	protein_coding	DICER1
ENSG00000100711.14	protein_coding	ZFYVE21
ENSG00000100714.18	protein_coding	MTHFD1
ENSG00000100721.11	protein_coding	TCL1A
ENSG00000100722.20	protein_coding	ZC3H14
ENSG00000100726.15	protein_coding	TELO2
ENSG00000100731.16	protein_coding	PCNX1
ENSG00000100739.11	protein_coding	BDKRB1
ENSG00000100744.15	protein_coding	GSKIP
ENSG00000100749.9	protein_coding	VRK1
ENSG00000100764.14	protein_coding	PSMC1
ENSG00000100767.17	protein_coding	PAPLN
ENSG00000100784.12	protein_coding	RPS6KA5
ENSG00000100796.18	protein_coding	PPP4R3A
ENSG00000100802.15	protein_coding	C14orf93
ENSG00000100804.19	protein_coding	PSMB5
ENSG00000100811.15	protein_coding	YY1
ENSG00000100813.15	protein_coding	ACIN1
ENSG00000100814.18	protein_coding	CCNB1IP1
ENSG00000100815.12	protein_coding	TRIP11
ENSG00000100823.12	protein_coding	APEX1
ENSG00000100836.11	protein_coding	PABPN1
ENSG00000100842.13	protein_coding	EFS
ENSG00000100852.14	protein_coding	ARHGAP5
ENSG00000100865.15	protein_coding	CINP
ENSG00000100867.15	protein_coding	DHRS2
ENSG00000100883.13	protein_coding	SRP54
ENSG00000100884.10	protein_coding	CPNE6
ENSG00000100888.15	protein_coding	CHD8
ENSG00000100889.12	protein_coding	PCK2
ENSG00000100890.16	protein_coding	PRORP
ENSG00000100897.18	protein_coding	DCAF11
ENSG00000100902.11	protein_coding	PSMA6
ENSG00000100906.12	protein_coding	NFKBIA
ENSG00000100908.14	protein_coding	EMC9
ENSG00000100911.16	protein_coding	PSME2
ENSG00000100916.14	protein_coding	BRMS1L
ENSG00000100918.14	protein_coding	REC8
ENSG00000100926.15	protein_coding	TM9SF1
ENSG00000100934.15	protein_coding	SEC23A
ENSG00000100938.19	protein_coding	GMPR2
ENSG00000100941.9	protein_coding	PNN
ENSG00000100949.15	protein_coding	RABGGTA
ENSG00000100968.14	protein_coding	NFATC4
ENSG00000100979.15	protein_coding	PLTP
ENSG00000100982.12	protein_coding	PCIF1
ENSG00000100983.12	protein_coding	GSS
ENSG00000100985.7	protein_coding	MMP9
ENSG00000100987.15	protein_coding	VSX1
ENSG00000100991.12	protein_coding	TRPC4AP
ENSG00000100994.12	protein_coding	PYGB
ENSG00000100997.20	protein_coding	ABHD12
ENSG00000101000.6	protein_coding	PROCR
ENSG00000101003.12	protein_coding	GINS1
ENSG00000101004.16	protein_coding	NINL
ENSG00000101017.15	protein_coding	CD40
ENSG00000101019.22	protein_coding	UQCC1
ENSG00000101040.20	protein_coding	ZMYND8
ENSG00000101049.18	protein_coding	SGK2
ENSG00000101052.13	protein_coding	IFT52
ENSG00000101057.16	protein_coding	MYBL2
ENSG00000101074.5	protein_coding	R3HDML
ENSG00000101076.20	protein_coding	HNF4A
ENSG00000101079.21	protein_coding	NDRG3
ENSG00000101082.14	protein_coding	SLA2
ENSG00000101084.19	protein_coding	RAB5IF
ENSG00000101096.20	protein_coding	NFATC2
ENSG00000101098.13	protein_coding	RIMS4
ENSG00000101104.13	protein_coding	PABPC1L
ENSG00000101109.13	protein_coding	STK4
ENSG00000101115.13	protein_coding	SALL4
ENSG00000101126.18	protein_coding	ADNP
ENSG00000101132.10	protein_coding	PFDN4
ENSG00000101134.12	protein_coding	DOK5
ENSG00000101138.12	protein_coding	CSTF1
ENSG00000101144.13	protein_coding	BMP7
ENSG00000101146.13	protein_coding	RAE1
ENSG00000101150.18	protein_coding	TPD52L2
ENSG00000101152.12	protein_coding	DNAJC5
ENSG00000101158.15	protein_coding	NELFCD
ENSG00000101160.15	protein_coding	CTSZ
ENSG00000101161.8	protein_coding	PRPF6
ENSG00000101162.4	protein_coding	TUBB1
ENSG00000101166.16	protein_coding	PRELID3B
ENSG00000101180.17	protein_coding	HRH3
ENSG00000101181.18	protein_coding	MTG2
ENSG00000101182.15	protein_coding	PSMA7
ENSG00000101187.16	protein_coding	SLCO4A1
ENSG00000101188.5	protein_coding	NTSR1
ENSG00000101189.7	protein_coding	MRGBP
ENSG00000101190.13	protein_coding	TCFL5
ENSG00000101191.17	protein_coding	DIDO1
ENSG00000101193.8	protein_coding	GID8
ENSG00000101194.18	protein_coding	SLC17A9
ENSG00000101197.13	protein_coding	BIRC7
ENSG00000101198.15	protein_coding	NKAIN4
ENSG00000101199.13	protein_coding	ARFGAP1
ENSG00000101200.5	protein_coding	AVP
ENSG00000101203.17	protein_coding	COL20A1
ENSG00000101204.18	protein_coding	CHRNA4
ENSG00000101210.14	protein_coding	EEF1A2
ENSG00000101213.7	protein_coding	PTK6
ENSG00000101216.11	protein_coding	GMEB2
ENSG00000101220.18	protein_coding	C20orf27
ENSG00000101222.12	protein_coding	SPEF1
ENSG00000101224.18	protein_coding	CDC25B
ENSG00000101230.6	protein_coding	ISM1
ENSG00000101236.17	protein_coding	RNF24
ENSG00000101246.20	protein_coding	ARFRP1
ENSG00000101247.18	protein_coding	NDUFAF5
ENSG00000101251.13	protein_coding	SEL1L2
ENSG00000101255.12	protein_coding	TRIB3
ENSG00000101265.16	protein_coding	RASSF2
ENSG00000101266.19	protein_coding	CSNK2A1
ENSG00000101276.18	protein_coding	SLC52A3
ENSG00000101280.8	protein_coding	ANGPT4
ENSG00000101282.9	protein_coding	RSPO4
ENSG00000101290.14	protein_coding	CDS2
ENSG00000101292.8	protein_coding	PROKR2
ENSG00000101294.18	protein_coding	HM13
ENSG00000101298.15	protein_coding	SNPH
ENSG00000101306.11	protein_coding	MYLK2
ENSG00000101307.16	protein_coding	SIRPB1
ENSG00000101310.17	protein_coding	SEC23B
ENSG00000101311.17	protein_coding	FERMT1
ENSG00000101323.5	protein_coding	HAO1
ENSG00000101327.9	protein_coding	PDYN
ENSG00000101331.17	protein_coding	CCM2L
ENSG00000101333.19	protein_coding	PLCB4
ENSG00000101335.10	protein_coding	MYL9
ENSG00000101336.18	protein_coding	HCK
ENSG00000101337.16	protein_coding	TM9SF4
ENSG00000101342.10	protein_coding	TLDC2
ENSG00000101343.15	protein_coding	CRNKL1
ENSG00000101346.15	protein_coding	POFUT1
ENSG00000101347.11	protein_coding	SAMHD1
ENSG00000101349.17	protein_coding	PAK5
ENSG00000101350.8	protein_coding	KIF3B
ENSG00000101353.16	protein_coding	MROH8
ENSG00000101361.17	protein_coding	NOP56
ENSG00000101363.13	protein_coding	MANBAL
ENSG00000101365.21	protein_coding	IDH3B
ENSG00000101367.9	protein_coding	MAPRE1
ENSG00000101384.12	protein_coding	JAG1
ENSG00000101391.21	protein_coding	CDK5RAP1
ENSG00000101400.6	protein_coding	SNTA1
ENSG00000101405.3	protein_coding	OXT
ENSG00000101407.13	protein_coding	TTI1
ENSG00000101412.13	protein_coding	E2F1
ENSG00000101413.12	protein_coding	RPRD1B
ENSG00000101417.12	protein_coding	PXMP4
ENSG00000101421.4	protein_coding	CHMP4B
ENSG00000101425.14	protein_coding	BPI
ENSG00000101435.5	protein_coding	CST9L
ENSG00000101438.4	protein_coding	SLC32A1
ENSG00000101439.9	protein_coding	CST3
ENSG00000101440.10	protein_coding	ASIP
ENSG00000101441.5	protein_coding	CST4
ENSG00000101442.10	protein_coding	ACTR5
ENSG00000101443.18	protein_coding	WFDC2
ENSG00000101444.13	protein_coding	AHCY
ENSG00000101445.10	protein_coding	PPP1R16B
ENSG00000101446.8	protein_coding	SPINT3
ENSG00000101447.15	protein_coding	FAM83D
ENSG00000101448.14	protein_coding	EPPIN
ENSG00000101452.15	protein_coding	DHX35
ENSG00000101457.13	protein_coding	DNTTIP1
ENSG00000101460.13	protein_coding	MAP1LC3A
ENSG00000101463.6	protein_coding	SYNDIG1
ENSG00000101464.11	protein_coding	PIGU
ENSG00000101470.10	protein_coding	TNNC2
ENSG00000101473.17	protein_coding	ACOT8
ENSG00000101474.12	protein_coding	APMAP
ENSG00000101489.20	protein_coding	CELF4
ENSG00000101493.11	protein_coding	ZNF516
ENSG00000101542.10	protein_coding	CDH20
ENSG00000101544.9	protein_coding	ADNP2
ENSG00000101546.13	protein_coding	RBFA
ENSG00000101557.15	protein_coding	USP14
ENSG00000101558.14	protein_coding	VAPA
ENSG00000101574.15	protein_coding	METTL4
ENSG00000101577.11	protein_coding	LPIN2
ENSG00000101596.17	protein_coding	SMCHD1
ENSG00000101605.14	protein_coding	MYOM1
ENSG00000101608.13	protein_coding	MYL12A
ENSG00000101624.11	protein_coding	CEP76
ENSG00000101638.14	protein_coding	ST8SIA5
ENSG00000101639.19	protein_coding	CEP192
ENSG00000101654.18	protein_coding	RNMT
ENSG00000101665.10	protein_coding	SMAD7
ENSG00000101670.12	protein_coding	LIPG
ENSG00000101680.16	protein_coding	LAMA1
ENSG00000101695.9	protein_coding	RNF125
ENSG00000101745.17	protein_coding	ANKRD12
ENSG00000101746.16	protein_coding	NOL4
ENSG00000101751.11	protein_coding	POLI
ENSG00000101752.13	protein_coding	MIB1
ENSG00000101773.19	protein_coding	RBBP8
ENSG00000101782.15	protein_coding	RIOK3
ENSG00000101811.15	protein_coding	CSTF2
ENSG00000101812.15	protein_coding	H2BW2
ENSG00000101825.8	protein_coding	MXRA5
ENSG00000101842.14	protein_coding	VSIG1
ENSG00000101843.19	protein_coding	PSMD10
ENSG00000101844.18	protein_coding	ATG4A
ENSG00000101846.9	protein_coding	STS
ENSG00000101849.18	protein_coding	TBL1X
ENSG00000101850.13	protein_coding	GPR143
ENSG00000101856.10	protein_coding	PGRMC1
ENSG00000101868.13	protein_coding	POLA1
ENSG00000101871.17	protein_coding	MID1
ENSG00000101882.10	protein_coding	NKAP
ENSG00000101883.6	protein_coding	RHOXF1
ENSG00000101888.12	protein_coding	NXT2
ENSG00000101890.5	protein_coding	GUCY2F
ENSG00000101892.12	protein_coding	ATP1B4
ENSG00000101898.7	protein_coding	MCTS2
ENSG00000101901.13	protein_coding	ALG13
ENSG00000101911.13	protein_coding	PRPS2
ENSG00000101916.12	protein_coding	TLR8
ENSG00000101928.13	protein_coding	MOSPD1
ENSG00000101935.13	protein_coding	AMMECR1
ENSG00000101938.15	protein_coding	CHRDL1
ENSG00000101940.18	protein_coding	WDR13
ENSG00000101945.17	protein_coding	SUV39H1
ENSG00000101951.17	protein_coding	PAGE4
ENSG00000101955.15	protein_coding	SRPX
ENSG00000101958.14	protein_coding	GLRA2
ENSG00000101966.14	protein_coding	XIAP
ENSG00000101972.20	protein_coding	STAG2
ENSG00000101974.15	protein_coding	ATP11C
ENSG00000101977.22	protein_coding	MCF2
ENSG00000101981.12	protein_coding	F9
ENSG00000101986.12	protein_coding	ABCD1
ENSG00000101997.13	protein_coding	CCDC22
ENSG00000102001.13	protein_coding	CACNA1F
ENSG00000102003.12	protein_coding	SYP
ENSG00000102007.11	protein_coding	PLP2
ENSG00000102010.15	protein_coding	BMX
ENSG00000102021.11	protein_coding	LUZP4
ENSG00000102024.19	protein_coding	PLS3
ENSG00000102030.16	protein_coding	NAA10
ENSG00000102032.13	protein_coding	RENBP
ENSG00000102034.18	protein_coding	ELF4
ENSG00000102038.16	protein_coding	SMARCA1
ENSG00000102043.16	protein_coding	MTMR8
ENSG00000102048.16	protein_coding	ASB9
ENSG00000102053.13	protein_coding	ZC3H12B
ENSG00000102054.18	protein_coding	RBBP7
ENSG00000102055.7	protein_coding	PPP1R2C
ENSG00000102057.10	protein_coding	KCND1
ENSG00000102076.10	protein_coding	OPN1LW
ENSG00000102078.16	protein_coding	SLC25A14
ENSG00000102081.16	protein_coding	FMR1
ENSG00000102096.9	protein_coding	PIM2
ENSG00000102098.19	protein_coding	SCML2
ENSG00000102100.16	protein_coding	SLC35A2
ENSG00000102103.18	protein_coding	PQBP1
ENSG00000102104.9	protein_coding	RS1
ENSG00000102109.9	protein_coding	PCSK1N
ENSG00000102119.12	protein_coding	EMD
ENSG00000102125.17	protein_coding	TAFAZZIN
ENSG00000102128.8	protein_coding	RAB40AL
ENSG00000102144.15	protein_coding	PGK1
ENSG00000102145.16	protein_coding	GATA1
ENSG00000102158.22	protein_coding	MAGT1
ENSG00000102172.16	protein_coding	SMS
ENSG00000102174.10	protein_coding	PHEX
ENSG00000102178.13	protein_coding	UBL4A
ENSG00000102181.21	protein_coding	CD99L2
ENSG00000102189.17	protein_coding	EEA1
ENSG00000102195.10	protein_coding	GPR50
ENSG00000102218.6	protein_coding	RP2
ENSG00000102221.14	protein_coding	JADE3
ENSG00000102225.17	protein_coding	CDK16
ENSG00000102226.10	protein_coding	USP11
ENSG00000102230.14	protein_coding	PCYT1B
ENSG00000102239.5	protein_coding	BRS3
ENSG00000102241.12	protein_coding	HTATSF1
ENSG00000102243.13	protein_coding	VGLL1
ENSG00000102245.9	protein_coding	CD40LG
ENSG00000102265.12	protein_coding	TIMP1
ENSG00000102271.14	protein_coding	KLHL4
ENSG00000102287.19	protein_coding	GABRE
ENSG00000102290.23	protein_coding	PCDH11X
ENSG00000102302.8	protein_coding	FGD1
ENSG00000102309.15	protein_coding	PIN4
ENSG00000102312.24	protein_coding	PORCN
ENSG00000102313.9	protein_coding	ITIH6
ENSG00000102316.17	protein_coding	MAGED2
ENSG00000102317.18	protein_coding	RBM3
ENSG00000102349.18	protein_coding	KLF8
ENSG00000102359.9	protein_coding	SRPX2
ENSG00000102362.16	protein_coding	SYTL4
ENSG00000102383.14	protein_coding	ZDHHC15
ENSG00000102384.14	protein_coding	CENPI
ENSG00000102385.13	protein_coding	DRP2
ENSG00000102387.16	protein_coding	TAF7L
ENSG00000102390.11	protein_coding	PBDC1
ENSG00000102393.14	protein_coding	GLA
ENSG00000102401.20	protein_coding	ARMCX3
ENSG00000102409.10	protein_coding	BEX4
ENSG00000102445.20	protein_coding	RUBCNL
ENSG00000102452.18	protein_coding	NALCN
ENSG00000102466.17	protein_coding	FGF14
ENSG00000102468.11	protein_coding	HTR2A
ENSG00000102471.16	protein_coding	NDFIP2
ENSG00000102524.12	protein_coding	TNFSF13B
ENSG00000102531.16	protein_coding	FNDC3A
ENSG00000102539.5	protein_coding	MLNR
ENSG00000102543.14	protein_coding	CDADC1
ENSG00000102547.19	protein_coding	CAB39L
ENSG00000102554.14	protein_coding	KLF5
ENSG00000102572.15	protein_coding	STK24
ENSG00000102575.14	protein_coding	ACP5
ENSG00000102580.15	protein_coding	DNAJC3
ENSG00000102595.21	protein_coding	UGGT2
ENSG00000102606.20	protein_coding	ARHGEF7
ENSG00000102678.7	protein_coding	FGF9
ENSG00000102683.8	protein_coding	SGCG
ENSG00000102699.6	protein_coding	PARP4
ENSG00000102710.21	protein_coding	SUPT20H
ENSG00000102738.8	protein_coding	MRPS31
ENSG00000102743.16	protein_coding	SLC25A15
ENSG00000102753.10	protein_coding	KPNA3
ENSG00000102755.13	protein_coding	FLT1
ENSG00000102760.13	protein_coding	RGCC
ENSG00000102763.18	protein_coding	VWA8
ENSG00000102780.17	protein_coding	DGKH
ENSG00000102781.14	protein_coding	KATNAL1
ENSG00000102786.15	protein_coding	INTS6
ENSG00000102794.10	protein_coding	ACOD1
ENSG00000102796.12	protein_coding	DHRS12
ENSG00000102802.10	protein_coding	MEDAG
ENSG00000102804.15	protein_coding	TSC22D1
ENSG00000102805.16	protein_coding	CLN5
ENSG00000102837.7	protein_coding	OLFM4
ENSG00000102854.16	protein_coding	MSLN
ENSG00000102858.13	protein_coding	MGRN1
ENSG00000102870.6	protein_coding	ZNF629
ENSG00000102871.16	protein_coding	TRADD
ENSG00000102878.18	protein_coding	HSF4
ENSG00000102879.17	protein_coding	CORO1A
ENSG00000102882.12	protein_coding	MAPK3
ENSG00000102886.15	protein_coding	GDPD3
ENSG00000102890.16	protein_coding	ELMO3
ENSG00000102891.4	protein_coding	MT4
ENSG00000102893.18	protein_coding	PHKB
ENSG00000102897.10	protein_coding	LYRM1
ENSG00000102898.13	protein_coding	NUTF2
ENSG00000102900.13	protein_coding	NUP93
ENSG00000102901.13	protein_coding	CENPT
ENSG00000102904.15	protein_coding	TSNAXIP1
ENSG00000102908.23	protein_coding	NFAT5
ENSG00000102910.14	protein_coding	LONP2
ENSG00000102921.8	protein_coding	N4BP1
ENSG00000102924.12	protein_coding	CBLN1
ENSG00000102931.8	protein_coding	ARL2BP
ENSG00000102934.10	protein_coding	PLLP
ENSG00000102935.12	protein_coding	ZNF423
ENSG00000102962.5	protein_coding	CCL22
ENSG00000102967.12	protein_coding	DHODH
ENSG00000102970.11	protein_coding	CCL17
ENSG00000102974.16	protein_coding	CTCF
ENSG00000102977.18	protein_coding	ACD
ENSG00000102978.13	protein_coding	POLR2C
ENSG00000102981.10	protein_coding	PARD6A
ENSG00000102984.15	protein_coding	ZNF821
ENSG00000102996.5	protein_coding	MMP15
ENSG00000103005.13	protein_coding	USB1
ENSG00000103018.18	protein_coding	CYB5B
ENSG00000103021.10	protein_coding	CCDC113
ENSG00000103023.12	protein_coding	PRSS54
ENSG00000103024.8	protein_coding	NME3
ENSG00000103034.15	protein_coding	NDRG4
ENSG00000103035.11	protein_coding	PSMD7
ENSG00000103037.12	protein_coding	SETD6
ENSG00000103042.9	protein_coding	SLC38A7
ENSG00000103043.15	protein_coding	VAC14
ENSG00000103044.11	protein_coding	HAS3
ENSG00000103047.8	protein_coding	TANGO6
ENSG00000103051.21	protein_coding	COG4
ENSG00000103056.12	protein_coding	SMPD3
ENSG00000103061.13	protein_coding	SLC7A6OS
ENSG00000103064.15	protein_coding	SLC7A6
ENSG00000103066.13	protein_coding	PLA2G15
ENSG00000103067.14	protein_coding	ESRP2
ENSG00000103089.9	protein_coding	FA2H
ENSG00000103091.15	protein_coding	WDR59
ENSG00000103111.15	protein_coding	MON1B
ENSG00000103121.9	protein_coding	CMC2
ENSG00000103126.15	protein_coding	AXIN1
ENSG00000103145.11	protein_coding	HCFC1R1
ENSG00000103148.17	protein_coding	NPRL3
ENSG00000103150.7	protein_coding	MLYCD
ENSG00000103152.12	protein_coding	MPG
ENSG00000103154.10	protein_coding	NECAB2
ENSG00000103160.12	protein_coding	HSDL1
ENSG00000103168.17	protein_coding	TAF1C
ENSG00000103174.13	protein_coding	NAGPA
ENSG00000103175.11	protein_coding	WFDC1
ENSG00000103184.12	protein_coding	SEC14L5
ENSG00000103187.8	protein_coding	COTL1
ENSG00000103194.16	protein_coding	USP10
ENSG00000103196.12	protein_coding	CRISPLD2
ENSG00000103197.18	protein_coding	TSC2
ENSG00000103199.14	protein_coding	ZNF500
ENSG00000103202.13	protein_coding	NME4
ENSG00000103222.20	protein_coding	ABCC1
ENSG00000103226.19	protein_coding	NOMO3
ENSG00000103227.19	protein_coding	LMF1
ENSG00000103241.7	protein_coding	FOXF1
ENSG00000103245.14	protein_coding	CIAO3
ENSG00000103248.19	protein_coding	MTHFSD
ENSG00000103249.19	protein_coding	CLCN7
ENSG00000103253.19	protein_coding	HAGHL
ENSG00000103254.10	protein_coding	ANTKMT
ENSG00000103257.9	protein_coding	SLC7A5
ENSG00000103260.9	protein_coding	METRN
ENSG00000103264.18	protein_coding	FBXO31
ENSG00000103266.11	protein_coding	STUB1
ENSG00000103269.14	protein_coding	RHBDL1
ENSG00000103274.11	protein_coding	NUBP1
ENSG00000103275.21	protein_coding	UBE2I
ENSG00000103310.11	protein_coding	ZP2
ENSG00000103313.14	protein_coding	MEFV
ENSG00000103316.12	protein_coding	CRYM
ENSG00000103319.12	protein_coding	EEF2K
ENSG00000103326.12	protein_coding	CAPN15
ENSG00000103335.22	protein_coding	PIEZO1
ENSG00000103342.13	protein_coding	GSPT1
ENSG00000103343.13	protein_coding	ZNF174
ENSG00000103351.13	protein_coding	CLUAP1
ENSG00000103353.16	protein_coding	UBFD1
ENSG00000103355.14	protein_coding	PRSS33
ENSG00000103356.18	protein_coding	EARS2
ENSG00000103363.16	protein_coding	ELOB
ENSG00000103365.15	protein_coding	GGA2
ENSG00000103375.11	protein_coding	AQP8
ENSG00000103381.12	protein_coding	CPPED1
ENSG00000103404.15	protein_coding	USP31
ENSG00000103415.12	protein_coding	HMOX2
ENSG00000103423.14	protein_coding	DNAJA3
ENSG00000103426.12	protein_coding	CORO7-PAM16
ENSG00000103429.11	protein_coding	BFAR
ENSG00000103449.13	protein_coding	SALL1
ENSG00000103460.17	protein_coding	TOX3
ENSG00000103479.17	protein_coding	RBL2
ENSG00000103485.19	protein_coding	QPRT
ENSG00000103489.12	protein_coding	XYLT1
ENSG00000103490.14	protein_coding	PYCARD
ENSG00000103494.16	protein_coding	RPGRIP1L
ENSG00000103495.15	protein_coding	MAZ
ENSG00000103496.15	protein_coding	STX4
ENSG00000103502.14	protein_coding	CDIPT
ENSG00000103507.14	protein_coding	BCKDK
ENSG00000103510.20	protein_coding	KAT8
ENSG00000103512.16	protein_coding	NOMO1
ENSG00000103522.17	protein_coding	IL21R
ENSG00000103528.17	protein_coding	SYT17
ENSG00000103534.17	protein_coding	TMC5
ENSG00000103540.17	protein_coding	CCP110
ENSG00000103544.17	protein_coding	VPS35L
ENSG00000103546.19	protein_coding	SLC6A2
ENSG00000103549.22	protein_coding	RNF40
ENSG00000103550.14	protein_coding	KNOP1
ENSG00000103569.10	protein_coding	AQP9
ENSG00000103591.13	protein_coding	AAGAB
ENSG00000103599.20	protein_coding	IQCH
ENSG00000103642.12	protein_coding	LACTB
ENSG00000103647.13	protein_coding	CORO2B
ENSG00000103653.17	protein_coding	CSK
ENSG00000103657.14	protein_coding	HERC1
ENSG00000103671.10	protein_coding	TRIP4
ENSG00000103707.10	protein_coding	MTFMT
ENSG00000103710.11	protein_coding	RASL12
ENSG00000103723.17	protein_coding	AP3B2
ENSG00000103740.10	protein_coding	ACSBG1
ENSG00000103742.12	protein_coding	IGDCC4
ENSG00000103769.10	protein_coding	RAB11A
ENSG00000103811.18	protein_coding	CTSH
ENSG00000103852.13	protein_coding	TTC23
ENSG00000103855.18	protein_coding	CD276
ENSG00000103876.14	protein_coding	FAH
ENSG00000103888.17	protein_coding	CEMIP
ENSG00000103932.12	protein_coding	RPAP1
ENSG00000103942.13	protein_coding	HOMER2
ENSG00000103966.11	protein_coding	EHD4
ENSG00000103978.17	protein_coding	TMEM87A
ENSG00000103994.18	protein_coding	ZNF106
ENSG00000103995.14	protein_coding	CEP152
ENSG00000104043.15	protein_coding	ATP8B4
ENSG00000104044.16	protein_coding	OCA2
ENSG00000104047.15	protein_coding	DTWD1
ENSG00000104055.17	protein_coding	TGM5
ENSG00000104059.5	protein_coding	ENTREP2
ENSG00000104064.18	protein_coding	GABPB1
ENSG00000104067.17	protein_coding	TJP1
ENSG00000104081.14	protein_coding	BMF
ENSG00000104093.14	protein_coding	DMXL2
ENSG00000104112.9	protein_coding	SCG3
ENSG00000104129.10	protein_coding	DNAJC17
ENSG00000104131.13	protein_coding	EIF3J
ENSG00000104133.16	protein_coding	SPG11
ENSG00000104140.7	protein_coding	RHOV
ENSG00000104142.11	protein_coding	VPS18
ENSG00000104147.9	protein_coding	OIP5
ENSG00000104154.7	protein_coding	SLC30A4
ENSG00000104164.12	protein_coding	BLOC1S6
ENSG00000104177.19	protein_coding	MYEF2
ENSG00000104205.16	protein_coding	SGK3
ENSG00000104213.13	protein_coding	PDGFRL
ENSG00000104218.16	protein_coding	CSPP1
ENSG00000104219.13	protein_coding	ZDHHC2
ENSG00000104221.13	protein_coding	BRF2
ENSG00000104228.13	protein_coding	TRIM35
ENSG00000104231.11	protein_coding	ZFAND1
ENSG00000104237.11	protein_coding	RP1
ENSG00000104267.10	protein_coding	CA2
ENSG00000104290.11	protein_coding	FZD3
ENSG00000104299.15	protein_coding	INTS9
ENSG00000104312.8	protein_coding	RIPK2
ENSG00000104313.20	protein_coding	EYA1
ENSG00000104320.15	protein_coding	NBN
ENSG00000104321.11	protein_coding	TRPA1
ENSG00000104324.16	protein_coding	CPQ
ENSG00000104325.7	protein_coding	DECR1
ENSG00000104327.7	protein_coding	CALB1
ENSG00000104331.9	protein_coding	BPNT2
ENSG00000104332.12	protein_coding	SFRP1
ENSG00000104341.17	protein_coding	LAPTM4B
ENSG00000104343.21	protein_coding	UBE2W
ENSG00000104356.11	protein_coding	POP1
ENSG00000104361.10	protein_coding	NIPAL2
ENSG00000104365.16	protein_coding	IKBKB
ENSG00000104368.19	protein_coding	PLAT
ENSG00000104369.5	protein_coding	JPH1
ENSG00000104371.5	protein_coding	DKK4
ENSG00000104375.17	protein_coding	STK3
ENSG00000104381.14	protein_coding	GDAP1
ENSG00000104388.15	protein_coding	RAB2A
ENSG00000104408.11	protein_coding	EIF3E
ENSG00000104412.8	protein_coding	EMC2
ENSG00000104413.18	protein_coding	ESRP1
ENSG00000104415.14	protein_coding	CCN4
ENSG00000104419.17	protein_coding	NDRG1
ENSG00000104427.13	protein_coding	ZC2HC1A
ENSG00000104432.14	protein_coding	IL7
ENSG00000104435.14	protein_coding	STMN2
ENSG00000104442.10	protein_coding	ARMC1
ENSG00000104447.13	protein_coding	TRPS1
ENSG00000104450.13	protein_coding	SPAG1
ENSG00000104472.10	protein_coding	CHRAC1
ENSG00000104490.18	protein_coding	NCALD
ENSG00000104497.15	protein_coding	SNX16
ENSG00000104499.7	protein_coding	GML
ENSG00000104517.13	protein_coding	UBR5
ENSG00000104518.11	protein_coding	GSDMD
ENSG00000104522.16	protein_coding	GFUS
ENSG00000104524.14	protein_coding	PYCR3
ENSG00000104529.19	protein_coding	EEF1D
ENSG00000104537.17	protein_coding	ANXA13
ENSG00000104549.12	protein_coding	SQLE
ENSG00000104611.12	protein_coding	SH2D4A
ENSG00000104613.12	protein_coding	INTS10
ENSG00000104626.15	protein_coding	ERI1
ENSG00000104635.15	protein_coding	SLC39A14
ENSG00000104643.10	protein_coding	MTMR9
ENSG00000104660.19	protein_coding	LEPROTL1
ENSG00000104671.8	protein_coding	DCTN6
ENSG00000104679.12	protein_coding	R3HCC1
ENSG00000104687.14	protein_coding	GSR
ENSG00000104689.10	protein_coding	TNFRSF10A
ENSG00000104691.16	protein_coding	UBXN8
ENSG00000104695.13	protein_coding	PPP2CB
ENSG00000104714.14	protein_coding	ERICH1
ENSG00000104722.14	protein_coding	NEFM
ENSG00000104723.21	protein_coding	TUSC3
ENSG00000104728.16	protein_coding	ARHGEF10
ENSG00000104731.14	protein_coding	KLHDC4
ENSG00000104738.19	protein_coding	MCM4
ENSG00000104755.16	protein_coding	ADAM2
ENSG00000104756.16	protein_coding	KCTD9
ENSG00000104760.17	protein_coding	FGL1
ENSG00000104763.20	protein_coding	ASAH1
ENSG00000104765.16	protein_coding	BNIP3L
ENSG00000104774.13	protein_coding	MAN2B1
ENSG00000104783.15	protein_coding	KCNN4
ENSG00000104804.9	protein_coding	TULP2
ENSG00000104805.17	protein_coding	NUCB1
ENSG00000104808.8	protein_coding	DHDH
ENSG00000104812.15	protein_coding	GYS1
ENSG00000104814.13	protein_coding	MAP4K1
ENSG00000104818.15	protein_coding	CGB2
ENSG00000104823.9	protein_coding	ECH1
ENSG00000104824.18	protein_coding	HNRNPL
ENSG00000104825.17	protein_coding	NFKBIB
ENSG00000104826.15	protein_coding	LHB
ENSG00000104827.12	protein_coding	CGB3
ENSG00000104833.12	protein_coding	TUBB4A
ENSG00000104835.15	protein_coding	SARS2
ENSG00000104848.2	protein_coding	KCNA7
ENSG00000104852.15	protein_coding	SNRNP70
ENSG00000104853.16	protein_coding	CLPTM1
ENSG00000104856.15	protein_coding	RELB
ENSG00000104859.15	protein_coding	CLASRP
ENSG00000104863.12	protein_coding	LIN7B
ENSG00000104866.11	protein_coding	PPP1R37
ENSG00000104870.13	protein_coding	FCGRT
ENSG00000104872.11	protein_coding	PIH1D1
ENSG00000104879.5	protein_coding	CKM
ENSG00000104880.19	protein_coding	ARHGEF18
ENSG00000104881.16	protein_coding	PPP1R13L
ENSG00000104883.8	protein_coding	PEX11G
ENSG00000104884.17	protein_coding	ERCC2
ENSG00000104885.19	protein_coding	DOT1L
ENSG00000104886.12	protein_coding	PLEKHJ1
ENSG00000104888.10	protein_coding	SLC17A7
ENSG00000104889.7	protein_coding	RNASEH2A
ENSG00000104892.17	protein_coding	KLC3
ENSG00000104894.12	protein_coding	CD37
ENSG00000104897.10	protein_coding	SF3A2
ENSG00000104899.8	protein_coding	AMH
ENSG00000104901.7	protein_coding	DKKL1
ENSG00000104903.5	protein_coding	LYL1
ENSG00000104904.12	protein_coding	OAZ1
ENSG00000104907.13	protein_coding	TRMT1
ENSG00000104915.15	protein_coding	STX10
ENSG00000104918.8	protein_coding	RETN
ENSG00000104921.15	protein_coding	FCER2
ENSG00000104936.20	protein_coding	DMPK
ENSG00000104938.18	protein_coding	CLEC4M
ENSG00000104941.8	protein_coding	RSPH6A
ENSG00000104946.14	protein_coding	TBC1D17
ENSG00000104951.16	protein_coding	IL4I1
ENSG00000104953.20	protein_coding	TLE6
ENSG00000104957.14	protein_coding	YJU2B
ENSG00000104960.15	protein_coding	PTOV1
ENSG00000104964.15	protein_coding	TLE5
ENSG00000104967.8	protein_coding	NOVA2
ENSG00000104969.11	protein_coding	SGTA
ENSG00000104972.16	protein_coding	LILRB1
ENSG00000104973.19	protein_coding	MED25
ENSG00000104974.12	protein_coding	LILRA1
ENSG00000104976.13	protein_coding	SNAPC2
ENSG00000104979.9	protein_coding	C19orf53
ENSG00000104980.8	protein_coding	TIMM44
ENSG00000104983.8	protein_coding	CCDC61
ENSG00000104998.4	protein_coding	IL27RA
ENSG00000105011.9	protein_coding	ASF1B
ENSG00000105048.18	protein_coding	TNNT1
ENSG00000105053.11	protein_coding	VRK3
ENSG00000105058.12	protein_coding	FAM32A
ENSG00000105063.19	protein_coding	PPP6R1
ENSG00000105072.9	protein_coding	C19orf44
ENSG00000105085.11	protein_coding	MED26
ENSG00000105088.9	protein_coding	OLFM2
ENSG00000105122.13	protein_coding	RASAL3
ENSG00000105127.10	protein_coding	AKAP8
ENSG00000105131.8	protein_coding	EPHX3
ENSG00000105135.16	protein_coding	ILVBL
ENSG00000105136.22	protein_coding	ZNF419
ENSG00000105137.13	protein_coding	SYDE1
ENSG00000105141.6	protein_coding	CASP14
ENSG00000105143.13	protein_coding	SLC1A6
ENSG00000105146.14	protein_coding	AURKC
ENSG00000105171.10	protein_coding	POP4
ENSG00000105173.14	protein_coding	CCNE1
ENSG00000105176.18	protein_coding	URI1
ENSG00000105185.12	protein_coding	PDCD5
ENSG00000105186.16	protein_coding	ANKRD27
ENSG00000105193.9	protein_coding	RPS16
ENSG00000105197.11	protein_coding	TIMM50
ENSG00000105198.12	protein_coding	LGALS13
ENSG00000105202.9	protein_coding	FBL
ENSG00000105204.14	protein_coding	DYRK1B
ENSG00000105205.7	protein_coding	CLC
ENSG00000105219.10	protein_coding	CCNP
ENSG00000105220.17	protein_coding	GPI
ENSG00000105221.18	protein_coding	AKT2
ENSG00000105223.21	protein_coding	PLD3
ENSG00000105227.16	protein_coding	PRX
ENSG00000105229.7	protein_coding	PIAS4
ENSG00000105245.9	protein_coding	NUMBL
ENSG00000105246.6	protein_coding	EBI3
ENSG00000105248.16	protein_coding	YJU2
ENSG00000105251.11	protein_coding	SHD
ENSG00000105254.12	protein_coding	TBCB
ENSG00000105255.11	protein_coding	FSD1
ENSG00000105258.9	protein_coding	POLR2I
ENSG00000105261.8	protein_coding	OVOL3
ENSG00000105270.15	protein_coding	CLIP3
ENSG00000105278.12	protein_coding	ZFR2
ENSG00000105281.12	protein_coding	SLC1A5
ENSG00000105287.13	protein_coding	PRKD2
ENSG00000105289.15	protein_coding	TJP3
ENSG00000105290.13	protein_coding	APLP1
ENSG00000105298.14	protein_coding	CACTIN
ENSG00000105321.14	protein_coding	CCDC9
ENSG00000105323.18	protein_coding	HNRNPUL1
ENSG00000105325.15	protein_coding	FZR1
ENSG00000105327.18	protein_coding	BBC3
ENSG00000105329.11	protein_coding	TGFB1
ENSG00000105339.11	protein_coding	DENND3
ENSG00000105341.19	protein_coding	DMAC2
ENSG00000105352.11	protein_coding	CEACAM4
ENSG00000105355.9	protein_coding	PLIN3
ENSG00000105357.20	protein_coding	MYH14
ENSG00000105364.14	protein_coding	MRPL4
ENSG00000105366.15	protein_coding	SIGLEC8
ENSG00000105369.10	protein_coding	CD79A
ENSG00000105370.8	protein_coding	LIM2
ENSG00000105371.10	protein_coding	ICAM4
ENSG00000105372.8	protein_coding	RPS19
ENSG00000105373.19	protein_coding	NOP53
ENSG00000105374.10	protein_coding	NKG7
ENSG00000105376.5	protein_coding	ICAM5
ENSG00000105379.10	protein_coding	ETFB
ENSG00000105383.15	protein_coding	CD33
ENSG00000105388.17	protein_coding	CEACAM5
ENSG00000105392.17	protein_coding	CRX
ENSG00000105393.16	protein_coding	BABAM1
ENSG00000105397.15	protein_coding	TYK2
ENSG00000105398.4	protein_coding	SULT2A1
ENSG00000105401.9	protein_coding	CDC37
ENSG00000105402.8	protein_coding	NAPA
ENSG00000105404.11	protein_coding	RABAC1
ENSG00000105409.19	protein_coding	ATP1A3
ENSG00000105419.18	protein_coding	MEIS3
ENSG00000105426.19	protein_coding	PTPRS
ENSG00000105427.10	protein_coding	CNFN
ENSG00000105428.6	protein_coding	ZNRF4
ENSG00000105429.13	protein_coding	MEGF8
ENSG00000105438.9	protein_coding	KDELR1
ENSG00000105443.17	protein_coding	CYTH2
ENSG00000105447.13	protein_coding	GRWD1
ENSG00000105464.4	protein_coding	GRIN2D
ENSG00000105467.9	protein_coding	SYNGR4
ENSG00000105472.14	protein_coding	CLEC11A
ENSG00000105479.16	protein_coding	ODAD1
ENSG00000105483.18	protein_coding	CARD8
ENSG00000105486.15	protein_coding	LIG1
ENSG00000105492.16	protein_coding	SIGLEC6
ENSG00000105497.8	protein_coding	ZNF175
ENSG00000105499.14	protein_coding	PLA2G4C
ENSG00000105507.3	protein_coding	CABP5
ENSG00000105509.11	protein_coding	HAS1
ENSG00000105514.8	protein_coding	RAB3D
ENSG00000105516.11	protein_coding	DBP
ENSG00000105518.14	protein_coding	TMEM205
ENSG00000105519.18	protein_coding	CAPS
ENSG00000105520.11	protein_coding	PLPPR2
ENSG00000105523.4	protein_coding	FAM83E
ENSG00000105538.10	protein_coding	RASIP1
ENSG00000105549.11	protein_coding	THEG
ENSG00000105550.10	protein_coding	FGF21
ENSG00000105552.15	protein_coding	BCAT2
ENSG00000105556.12	protein_coding	MIER2
ENSG00000105559.13	protein_coding	PLEKHA4
ENSG00000105568.19	protein_coding	PPP2R1A
ENSG00000105576.16	protein_coding	TNPO2
ENSG00000105583.11	protein_coding	WDR83OS
ENSG00000105605.8	protein_coding	CACNG7
ENSG00000105607.13	protein_coding	GCDH
ENSG00000105609.17	protein_coding	LILRB5
ENSG00000105610.6	protein_coding	KLF1
ENSG00000105612.10	protein_coding	DNASE2
ENSG00000105613.10	protein_coding	MAST1
ENSG00000105617.4	protein_coding	LENG1
ENSG00000105618.14	protein_coding	PRPF31
ENSG00000105619.14	protein_coding	TFPT
ENSG00000105639.21	protein_coding	JAK3
ENSG00000105640.13	protein_coding	RPL18A
ENSG00000105641.4	protein_coding	SLC5A5
ENSG00000105642.16	protein_coding	KCNN1
ENSG00000105643.11	protein_coding	ARRDC2
ENSG00000105647.19	protein_coding	PIK3R2
ENSG00000105649.10	protein_coding	RAB3A
ENSG00000105650.23	protein_coding	PDE4C
ENSG00000105655.19	protein_coding	ISYNA1
ENSG00000105656.13	protein_coding	ELL
ENSG00000105662.16	protein_coding	CRTC1
ENSG00000105664.11	protein_coding	COMP
ENSG00000105668.8	protein_coding	UPK1A
ENSG00000105669.14	protein_coding	COPE
ENSG00000105671.12	protein_coding	DDX49
ENSG00000105672.15	protein_coding	ETV2
ENSG00000105675.9	protein_coding	ATP4A
ENSG00000105676.14	protein_coding	ARMC6
ENSG00000105677.12	protein_coding	TMEM147
ENSG00000105679.9	protein_coding	GAPDHS
ENSG00000105695.15	protein_coding	MAG
ENSG00000105696.9	protein_coding	TMEM59L
ENSG00000105697.9	protein_coding	HAMP
ENSG00000105698.16	protein_coding	USF2
ENSG00000105699.17	protein_coding	LSR
ENSG00000105700.11	protein_coding	KXD1
ENSG00000105701.16	protein_coding	FKBP8
ENSG00000105705.16	protein_coding	SUGP1
ENSG00000105707.15	protein_coding	HPN
ENSG00000105708.9	protein_coding	ZNF14
ENSG00000105711.14	protein_coding	SCN1B
ENSG00000105717.14	protein_coding	PBX4
ENSG00000105722.10	protein_coding	ERF
ENSG00000105723.13	protein_coding	GSK3A
ENSG00000105726.17	protein_coding	ATP13A1
ENSG00000105732.13	protein_coding	ZNF574
ENSG00000105737.10	protein_coding	GRIK5
ENSG00000105738.11	protein_coding	SIPA1L3
ENSG00000105750.15	protein_coding	ZNF85
ENSG00000105755.8	protein_coding	ETHE1
ENSG00000105767.3	protein_coding	CADM4
ENSG00000105771.14	protein_coding	SMG9
ENSG00000105778.20	protein_coding	AVL9
ENSG00000105784.16	protein_coding	RUNDC3B
ENSG00000105792.19	protein_coding	CFAP69
ENSG00000105793.16	protein_coding	GTPBP10
ENSG00000105808.19	protein_coding	RASA4
ENSG00000105810.10	protein_coding	CDK6
ENSG00000105819.15	protein_coding	PMPCB
ENSG00000105821.15	protein_coding	DNAJC2
ENSG00000105825.14	protein_coding	TFPI2
ENSG00000105829.13	protein_coding	BET1
ENSG00000105835.13	protein_coding	NAMPT
ENSG00000105849.6	protein_coding	POLR1F
ENSG00000105851.11	protein_coding	PIK3CG
ENSG00000105852.11	protein_coding	PON3
ENSG00000105854.13	protein_coding	PON2
ENSG00000105855.10	protein_coding	ITGB8
ENSG00000105856.14	protein_coding	HBP1
ENSG00000105865.11	protein_coding	DUS4L
ENSG00000105866.15	protein_coding	SP4
ENSG00000105875.15	protein_coding	WDR91
ENSG00000105877.19	protein_coding	DNAH11
ENSG00000105879.13	protein_coding	CBLL1
ENSG00000105880.7	protein_coding	DLX5
ENSG00000105887.11	protein_coding	MTPN
ENSG00000105889.16	protein_coding	STEAP1B
ENSG00000105894.13	protein_coding	PTN
ENSG00000105926.16	protein_coding	PALS2
ENSG00000105928.16	protein_coding	GSDME
ENSG00000105929.16	protein_coding	ATP6V0A4
ENSG00000105939.14	protein_coding	ZC3HAV1
ENSG00000105948.13	protein_coding	TTC26
ENSG00000105953.16	protein_coding	OGDH
ENSG00000105954.2	protein_coding	NPVF
ENSG00000105963.15	protein_coding	ADAP1
ENSG00000105967.16	protein_coding	TFEC
ENSG00000105968.19	protein_coding	H2AZ2
ENSG00000105971.15	protein_coding	CAV2
ENSG00000105974.13	protein_coding	CAV1
ENSG00000105976.16	protein_coding	MET
ENSG00000105982.17	protein_coding	RNF32
ENSG00000105983.23	protein_coding	LMBR1
ENSG00000105989.10	protein_coding	WNT2
ENSG00000105991.10	protein_coding	HOXA1
ENSG00000105993.15	protein_coding	DNAJB6
ENSG00000105996.7	protein_coding	HOXA2
ENSG00000105997.23	protein_coding	HOXA3
ENSG00000106003.14	protein_coding	LFNG
ENSG00000106004.5	protein_coding	HOXA5
ENSG00000106006.6	protein_coding	HOXA6
ENSG00000106009.16	protein_coding	BRAT1
ENSG00000106012.18	protein_coding	IQCE
ENSG00000106013.15	protein_coding	ANKRD7
ENSG00000106018.14	protein_coding	VIPR2
ENSG00000106025.9	protein_coding	TSPAN12
ENSG00000106028.11	protein_coding	SSBP1
ENSG00000106031.9	protein_coding	HOXA13
ENSG00000106034.18	protein_coding	CPED1
ENSG00000106038.13	protein_coding	EVX1
ENSG00000106049.9	protein_coding	HIBADH
ENSG00000106052.14	protein_coding	TAX1BP1
ENSG00000106066.15	protein_coding	CPVL
ENSG00000106069.26	protein_coding	CHN2
ENSG00000106070.20	protein_coding	GRB10
ENSG00000106077.19	protein_coding	ABHD11
ENSG00000106078.19	protein_coding	COBL
ENSG00000106080.11	protein_coding	FKBP14
ENSG00000106086.20	protein_coding	PLEKHA8
ENSG00000106089.12	protein_coding	STX1A
ENSG00000106100.11	protein_coding	NOD1
ENSG00000106105.15	protein_coding	GARS1
ENSG00000106113.19	protein_coding	CRHR2
ENSG00000106123.12	protein_coding	EPHB6
ENSG00000106125.14	protein_coding	MINDY4
ENSG00000106128.19	protein_coding	GHRHR
ENSG00000106144.20	protein_coding	CASP2
ENSG00000106153.13	protein_coding	CHCHD2
ENSG00000106178.7	protein_coding	CCL24
ENSG00000106211.10	protein_coding	HSPB1
ENSG00000106236.4	protein_coding	NPTX2
ENSG00000106244.13	protein_coding	PDAP1
ENSG00000106245.11	protein_coding	BUD31
ENSG00000106246.18	protein_coding	PTCD1
ENSG00000106258.15	protein_coding	CYP3A5
ENSG00000106261.17	protein_coding	ZKSCAN1
ENSG00000106263.19	protein_coding	EIF3B
ENSG00000106266.11	protein_coding	SNX8
ENSG00000106268.16	protein_coding	NUDT1
ENSG00000106278.12	protein_coding	PTPRZ1
ENSG00000106290.16	protein_coding	TAF6
ENSG00000106299.8	protein_coding	WASL
ENSG00000106302.10	protein_coding	HYAL4
ENSG00000106304.16	protein_coding	SPAM1
ENSG00000106305.10	protein_coding	AIMP2
ENSG00000106327.13	protein_coding	TFR2
ENSG00000106328.10	protein_coding	FSCN3
ENSG00000106330.12	protein_coding	MOSPD3
ENSG00000106331.18	protein_coding	PAX4
ENSG00000106333.13	protein_coding	PCOLCE
ENSG00000106336.13	protein_coding	FBXO24
ENSG00000106341.11	protein_coding	PPP1R17
ENSG00000106344.8	protein_coding	RBM28
ENSG00000106346.12	protein_coding	USP42
ENSG00000106348.18	protein_coding	IMPDH1
ENSG00000106351.13	protein_coding	AGFG2
ENSG00000106355.10	protein_coding	LSM5
ENSG00000106366.9	protein_coding	SERPINE1
ENSG00000106367.15	protein_coding	AP1S1
ENSG00000106384.12	protein_coding	MOGAT3
ENSG00000106392.11	protein_coding	C1GALT1
ENSG00000106397.12	protein_coding	PLOD3
ENSG00000106399.11	protein_coding	RPA3
ENSG00000106400.12	protein_coding	ZNHIT1
ENSG00000106404.14	protein_coding	CLDN15
ENSG00000106410.15	protein_coding	NOBOX
ENSG00000106415.13	protein_coding	GLCCI1
ENSG00000106436.8	protein_coding	MYL10
ENSG00000106443.17	protein_coding	PHF14
ENSG00000106459.15	protein_coding	NRF1
ENSG00000106460.20	protein_coding	TMEM106B
ENSG00000106462.12	protein_coding	EZH2
ENSG00000106477.20	protein_coding	CEP41
ENSG00000106479.11	protein_coding	ZNF862
ENSG00000106483.12	protein_coding	SFRP4
ENSG00000106484.16	protein_coding	MEST
ENSG00000106511.6	protein_coding	MEOX2
ENSG00000106524.9	protein_coding	ANKMY2
ENSG00000106526.11	protein_coding	ACTR3C
ENSG00000106536.21	protein_coding	POU6F2
ENSG00000106537.8	protein_coding	TSPAN13
ENSG00000106538.10	protein_coding	RARRES2
ENSG00000106541.12	protein_coding	AGR2
ENSG00000106546.14	protein_coding	AHR
ENSG00000106554.13	protein_coding	CHCHD3
ENSG00000106560.11	protein_coding	GIMAP2
ENSG00000106565.18	protein_coding	TMEM176B
ENSG00000106571.15	protein_coding	GLI3
ENSG00000106588.12	protein_coding	PSMA2
ENSG00000106591.4	protein_coding	MRPL32
ENSG00000106603.20	protein_coding	COA1
ENSG00000106605.11	protein_coding	BLVRA
ENSG00000106608.17	protein_coding	URGCP
ENSG00000106609.16	protein_coding	TMEM248
ENSG00000106615.10	protein_coding	RHEB
ENSG00000106617.15	protein_coding	PRKAG2
ENSG00000106624.11	protein_coding	AEBP1
ENSG00000106628.13	protein_coding	POLD2
ENSG00000106631.8	protein_coding	MYL7
ENSG00000106633.18	protein_coding	GCK
ENSG00000106635.8	protein_coding	BCL7B
ENSG00000106636.9	protein_coding	YKT6
ENSG00000106638.18	protein_coding	TBL2
ENSG00000106648.14	protein_coding	GALNTL5
ENSG00000106665.16	protein_coding	CLIP2
ENSG00000106682.16	protein_coding	EIF4H
ENSG00000106683.15	protein_coding	LIMK1
ENSG00000106686.17	protein_coding	SPATA6L
ENSG00000106688.12	protein_coding	SLC1A1
ENSG00000106689.11	protein_coding	LHX2
ENSG00000106692.15	protein_coding	FKTN
ENSG00000106701.13	protein_coding	FSD1L
ENSG00000106714.18	protein_coding	CNTNAP3
ENSG00000106723.17	protein_coding	SPIN1
ENSG00000106733.21	protein_coding	NMRK1
ENSG00000106771.13	protein_coding	TMEM245
ENSG00000106772.19	protein_coding	PRUNE2
ENSG00000106780.9	protein_coding	MEGF9
ENSG00000106785.15	protein_coding	TRIM14
ENSG00000106789.13	protein_coding	CORO2A
ENSG00000106799.14	protein_coding	TGFBR1
ENSG00000106803.10	protein_coding	SEC61B
ENSG00000106804.10	protein_coding	C5
ENSG00000106809.11	protein_coding	OGN
ENSG00000106819.13	protein_coding	ASPN
ENSG00000106823.13	protein_coding	ECM2
ENSG00000106829.21	protein_coding	TLE4
ENSG00000106852.16	protein_coding	LHX6
ENSG00000106853.20	protein_coding	PTGR1
ENSG00000106868.17	protein_coding	SUSD1
ENSG00000106927.12	protein_coding	AMBP
ENSG00000106948.17	protein_coding	AKNA
ENSG00000106952.8	protein_coding	TNFSF8
ENSG00000106976.22	protein_coding	DNM1
ENSG00000106991.14	protein_coding	ENG
ENSG00000106992.19	protein_coding	AK1
ENSG00000106993.12	protein_coding	CDC37L1
ENSG00000107014.9	protein_coding	RLN2
ENSG00000107018.8	protein_coding	RLN1
ENSG00000107020.10	protein_coding	PLGRKT
ENSG00000107021.16	protein_coding	TBC1D13
ENSG00000107036.12	protein_coding	RIC1
ENSG00000107077.19	protein_coding	KDM4C
ENSG00000107099.18	protein_coding	DOCK8
ENSG00000107104.21	protein_coding	KANK1
ENSG00000107105.15	protein_coding	ELAVL2
ENSG00000107130.10	protein_coding	NCS1
ENSG00000107140.16	protein_coding	TESK1
ENSG00000107147.14	protein_coding	KCNT1
ENSG00000107159.14	protein_coding	CA9
ENSG00000107164.17	protein_coding	FUBP3
ENSG00000107165.13	protein_coding	TYRP1
ENSG00000107175.12	protein_coding	CREB3
ENSG00000107185.10	protein_coding	RGP1
ENSG00000107186.17	protein_coding	MPDZ
ENSG00000107187.17	protein_coding	LHX3
ENSG00000107201.11	protein_coding	RIGI
ENSG00000107223.13	protein_coding	EDF1
ENSG00000107242.20	protein_coding	PIP5K1B
ENSG00000107249.24	protein_coding	GLIS3
ENSG00000107262.26	protein_coding	BAG1
ENSG00000107263.19	protein_coding	RAPGEF1
ENSG00000107281.10	protein_coding	NPDC1
ENSG00000107282.9	protein_coding	APBA1
ENSG00000107290.14	protein_coding	SETX
ENSG00000107295.10	protein_coding	SH3GL2
ENSG00000107317.13	protein_coding	PTGDS
ENSG00000107331.18	protein_coding	ABCA2
ENSG00000107338.10	protein_coding	SHB
ENSG00000107341.5	protein_coding	UBE2R2
ENSG00000107362.14	protein_coding	ABHD17B
ENSG00000107371.14	protein_coding	EXOSC3
ENSG00000107372.13	protein_coding	ZFAND5
ENSG00000107404.21	protein_coding	DVL1
ENSG00000107438.9	protein_coding	PDLIM1
ENSG00000107443.16	protein_coding	CCNJ
ENSG00000107447.8	protein_coding	DNTT
ENSG00000107485.18	protein_coding	GATA3
ENSG00000107518.18	protein_coding	ATRNL1
ENSG00000107521.21	protein_coding	HPS1
ENSG00000107537.14	protein_coding	PHYH
ENSG00000107551.21	protein_coding	RASSF4
ENSG00000107554.17	protein_coding	DNMBP
ENSG00000107560.12	protein_coding	RAB11FIP2
ENSG00000107562.17	protein_coding	CXCL12
ENSG00000107566.14	protein_coding	ERLIN1
ENSG00000107581.13	protein_coding	EIF3A
ENSG00000107593.17	protein_coding	PKD2L1
ENSG00000107611.16	protein_coding	CUBN
ENSG00000107614.22	protein_coding	TRDMT1
ENSG00000107625.14	protein_coding	DDX50
ENSG00000107643.17	protein_coding	MAPK8
ENSG00000107651.15	protein_coding	SEC23IP
ENSG00000107669.19	protein_coding	ATE1
ENSG00000107672.15	protein_coding	NSMCE4A
ENSG00000107679.15	protein_coding	PLEKHA1
ENSG00000107719.10	protein_coding	PALD1
ENSG00000107731.12	protein_coding	UNC5B
ENSG00000107736.22	protein_coding	CDH23
ENSG00000107738.20	protein_coding	VSIR
ENSG00000107742.14	protein_coding	SPOCK2
ENSG00000107745.20	protein_coding	MICU1
ENSG00000107758.16	protein_coding	PPP3CB
ENSG00000107771.17	protein_coding	CCSER2
ENSG00000107779.14	protein_coding	BMPR1A
ENSG00000107789.16	protein_coding	MINPP1
ENSG00000107796.13	protein_coding	ACTA2
ENSG00000107798.18	protein_coding	LIPA
ENSG00000107807.13	protein_coding	TLX1
ENSG00000107815.10	protein_coding	TWNK
ENSG00000107816.17	protein_coding	LZTS2
ENSG00000107819.15	protein_coding	SFXN3
ENSG00000107821.15	protein_coding	KAZALD1
ENSG00000107829.15	protein_coding	FBXW4
ENSG00000107831.14	protein_coding	FGF8
ENSG00000107833.11	protein_coding	NPM3
ENSG00000107854.6	protein_coding	TNKS2
ENSG00000107859.10	protein_coding	PITX3
ENSG00000107862.7	protein_coding	GBF1
ENSG00000107863.20	protein_coding	ARHGAP21
ENSG00000107864.15	protein_coding	CPEB3
ENSG00000107872.14	protein_coding	FBXL15
ENSG00000107874.11	protein_coding	CUEDC2
ENSG00000107882.12	protein_coding	SUFU
ENSG00000107890.17	protein_coding	ANKRD26
ENSG00000107897.20	protein_coding	ACBD5
ENSG00000107902.14	protein_coding	LHPP
ENSG00000107929.16	protein_coding	LARP4B
ENSG00000107937.19	protein_coding	GTPBP4
ENSG00000107938.18	protein_coding	EDRF1
ENSG00000107949.17	protein_coding	BCCIP
ENSG00000107951.15	protein_coding	MTPAP
ENSG00000107954.11	protein_coding	NEURL1
ENSG00000107957.17	protein_coding	SH3PXD2A
ENSG00000107959.17	protein_coding	PITRM1
ENSG00000107960.12	protein_coding	STN1
ENSG00000107968.10	protein_coding	MAP3K8
ENSG00000107984.10	protein_coding	DKK1
ENSG00000108001.16	protein_coding	EBF3
ENSG00000108010.12	protein_coding	GLRX3
ENSG00000108018.16	protein_coding	SORCS1
ENSG00000108021.22	protein_coding	TASOR2
ENSG00000108039.18	protein_coding	XPNPEP1
ENSG00000108055.11	protein_coding	SMC3
ENSG00000108061.13	protein_coding	SHOC2
ENSG00000108064.11	protein_coding	TFAM
ENSG00000108091.11	protein_coding	CCDC6
ENSG00000108094.17	protein_coding	CUL2
ENSG00000108100.18	protein_coding	CCNY
ENSG00000108106.14	protein_coding	UBE2S
ENSG00000108107.15	protein_coding	RPL28
ENSG00000108175.19	protein_coding	ZMIZ1
ENSG00000108176.15	protein_coding	DNAJC12
ENSG00000108179.14	protein_coding	PPIF
ENSG00000108187.16	protein_coding	PBLD
ENSG00000108219.16	protein_coding	TSPAN14
ENSG00000108231.14	protein_coding	LGI1
ENSG00000108239.9	protein_coding	TBC1D12
ENSG00000108242.13	protein_coding	CYP2C18
ENSG00000108244.17	protein_coding	KRT23
ENSG00000108255.8	protein_coding	CRYBA1
ENSG00000108256.9	protein_coding	NUFIP2
ENSG00000108262.16	protein_coding	GIT1
ENSG00000108298.12	protein_coding	RPL19
ENSG00000108306.13	protein_coding	FBXL20
ENSG00000108309.14	protein_coding	RUNDC3A
ENSG00000108312.16	protein_coding	UBTF
ENSG00000108342.13	protein_coding	CSF3
ENSG00000108344.15	protein_coding	PSMD3
ENSG00000108349.17	protein_coding	CASC3
ENSG00000108352.13	protein_coding	RAPGEFL1
ENSG00000108370.17	protein_coding	RGS9
ENSG00000108375.13	protein_coding	RNF43
ENSG00000108379.11	protein_coding	WNT3
ENSG00000108381.11	protein_coding	ASPA
ENSG00000108384.16	protein_coding	RAD51C
ENSG00000108387.16	protein_coding	SEPTIN4
ENSG00000108389.10	protein_coding	MTMR4
ENSG00000108395.14	protein_coding	TRIM37
ENSG00000108405.4	protein_coding	P2RX1
ENSG00000108406.10	protein_coding	DHX40
ENSG00000108417.4	protein_coding	KRT37
ENSG00000108423.15	protein_coding	TUBD1
ENSG00000108424.11	protein_coding	KPNB1
ENSG00000108433.17	protein_coding	GOSR2
ENSG00000108439.11	protein_coding	PNPO
ENSG00000108443.14	protein_coding	RPS6KB1
ENSG00000108465.15	protein_coding	CDK5RAP3
ENSG00000108468.15	protein_coding	CBX1
ENSG00000108469.15	protein_coding	RECQL5
ENSG00000108474.17	protein_coding	PIGL
ENSG00000108479.13	protein_coding	GALK1
ENSG00000108506.13	protein_coding	INTS2
ENSG00000108509.21	protein_coding	CAMTA2
ENSG00000108510.10	protein_coding	MED13
ENSG00000108511.10	protein_coding	HOXB6
ENSG00000108515.18	protein_coding	ENO3
ENSG00000108518.8	protein_coding	PFN1
ENSG00000108523.16	protein_coding	RNF167
ENSG00000108528.14	protein_coding	SLC25A11
ENSG00000108551.5	protein_coding	RASD1
ENSG00000108556.10	protein_coding	CHRNE
ENSG00000108557.20	protein_coding	RAI1
ENSG00000108559.13	protein_coding	NUP88
ENSG00000108561.8	protein_coding	C1QBP
ENSG00000108576.10	protein_coding	SLC6A4
ENSG00000108578.15	protein_coding	BLMH
ENSG00000108582.12	protein_coding	CPD
ENSG00000108587.16	protein_coding	GOSR1
ENSG00000108588.15	protein_coding	CCDC47
ENSG00000108590.11	protein_coding	MED31
ENSG00000108591.10	protein_coding	DRG2
ENSG00000108592.17	protein_coding	FTSJ3
ENSG00000108599.15	protein_coding	AKAP10
ENSG00000108602.18	protein_coding	ALDH3A1
ENSG00000108604.18	protein_coding	SMARCD2
ENSG00000108622.11	protein_coding	ICAM2
ENSG00000108639.8	protein_coding	SYNGR2
ENSG00000108641.20	protein_coding	B9D1
ENSG00000108651.10	protein_coding	UTP6
ENSG00000108654.16	protein_coding	DDX5
ENSG00000108666.10	protein_coding	C17orf75
ENSG00000108669.17	protein_coding	CYTH1
ENSG00000108671.11	protein_coding	PSMD11
ENSG00000108679.13	protein_coding	LGALS3BP
ENSG00000108684.15	protein_coding	ASIC2
ENSG00000108688.11	protein_coding	CCL7
ENSG00000108691.10	protein_coding	CCL2
ENSG00000108700.5	protein_coding	CCL8
ENSG00000108702.4	protein_coding	CCL1
ENSG00000108733.11	protein_coding	PEX12
ENSG00000108759.4	protein_coding	KRT32
ENSG00000108771.13	protein_coding	DHX58
ENSG00000108773.11	protein_coding	KAT2A
ENSG00000108774.15	protein_coding	RAB5C
ENSG00000108784.10	protein_coding	NAGLU
ENSG00000108786.11	protein_coding	HSD17B1
ENSG00000108788.12	protein_coding	MLX
ENSG00000108797.12	protein_coding	CNTNAP1
ENSG00000108798.9	protein_coding	ABI3
ENSG00000108799.13	protein_coding	EZH1
ENSG00000108813.12	protein_coding	DLX4
ENSG00000108819.11	protein_coding	PPP1R9B
ENSG00000108821.14	protein_coding	COL1A1
ENSG00000108823.17	protein_coding	SGCA
ENSG00000108825.18	protein_coding	PTGES3L-AARSD1
ENSG00000108826.16	protein_coding	MRPL27
ENSG00000108828.16	protein_coding	VAT1
ENSG00000108829.10	protein_coding	LRRC59
ENSG00000108830.10	protein_coding	RND2
ENSG00000108839.12	protein_coding	ALOX12
ENSG00000108840.16	protein_coding	HDAC5
ENSG00000108846.16	protein_coding	ABCC3
ENSG00000108848.16	protein_coding	LUC7L3
ENSG00000108849.8	protein_coding	PPY
ENSG00000108852.16	protein_coding	MPP2
ENSG00000108854.16	protein_coding	SMURF2
ENSG00000108861.9	protein_coding	DUSP3
ENSG00000108878.5	protein_coding	CACNG1
ENSG00000108883.13	protein_coding	EFTUD2
ENSG00000108924.14	protein_coding	HLF
ENSG00000108932.13	protein_coding	SLC16A6
ENSG00000108946.16	protein_coding	PRKAR1A
ENSG00000108947.5	protein_coding	EFNB3
ENSG00000108950.12	protein_coding	FAM20A
ENSG00000108953.17	protein_coding	YWHAE
ENSG00000108960.9	protein_coding	MMD
ENSG00000108961.14	protein_coding	RANGRF
ENSG00000108963.19	protein_coding	DPH1
ENSG00000108984.15	protein_coding	MAP2K6
ENSG00000109016.18	protein_coding	DHRS7B
ENSG00000109046.15	protein_coding	WSB1
ENSG00000109047.8	protein_coding	RCVRN
ENSG00000109061.10	protein_coding	MYH1
ENSG00000109062.12	protein_coding	SLC9A3R1
ENSG00000109063.15	protein_coding	MYH3
ENSG00000109065.12	protein_coding	NAT9
ENSG00000109066.14	protein_coding	TMEM104
ENSG00000109072.14	protein_coding	VTN
ENSG00000109079.10	protein_coding	TNFAIP1
ENSG00000109083.14	protein_coding	IFT20
ENSG00000109084.14	protein_coding	TMEM97
ENSG00000109089.7	protein_coding	CDR2L
ENSG00000109099.16	protein_coding	PMP22
ENSG00000109101.8	protein_coding	FOXN1
ENSG00000109103.12	protein_coding	UNC119
ENSG00000109107.14	protein_coding	ALDOC
ENSG00000109111.15	protein_coding	SUPT6H
ENSG00000109113.20	protein_coding	RAB34
ENSG00000109118.14	protein_coding	PHF12
ENSG00000109132.7	protein_coding	PHOX2B
ENSG00000109133.13	protein_coding	TMEM33
ENSG00000109158.11	protein_coding	GABRA4
ENSG00000109163.7	protein_coding	GNRHR
ENSG00000109171.15	protein_coding	SLAIN2
ENSG00000109180.15	protein_coding	OCIAD1
ENSG00000109181.12	protein_coding	UGT2B10
ENSG00000109182.12	protein_coding	CWH43
ENSG00000109184.15	protein_coding	DCUN1D4
ENSG00000109189.13	protein_coding	USP46
ENSG00000109193.12	protein_coding	SULT1E1
ENSG00000109205.17	protein_coding	ODAM
ENSG00000109208.5	protein_coding	SMR3A
ENSG00000109220.11	protein_coding	CHIC2
ENSG00000109255.11	protein_coding	NMU
ENSG00000109265.15	protein_coding	CRACD
ENSG00000109270.13	protein_coding	LAMTOR3
ENSG00000109272.4	protein_coding	PF4V1
ENSG00000109320.14	protein_coding	NFKB1
ENSG00000109321.11	protein_coding	AREG
ENSG00000109323.11	protein_coding	MANBA
ENSG00000109332.20	protein_coding	UBE2D3
ENSG00000109339.24	protein_coding	MAPK10
ENSG00000109381.21	protein_coding	ELF2
ENSG00000109390.13	protein_coding	NDUFC1
ENSG00000109424.4	protein_coding	UCP1
ENSG00000109436.8	protein_coding	TBC1D9
ENSG00000109445.11	protein_coding	ZNF330
ENSG00000109452.13	protein_coding	INPP4B
ENSG00000109458.10	protein_coding	GAB1
ENSG00000109466.14	protein_coding	KLHL2
ENSG00000109471.5	protein_coding	IL2
ENSG00000109472.14	protein_coding	CPE
ENSG00000109475.17	protein_coding	RPL34
ENSG00000109501.15	protein_coding	WFS1
ENSG00000109511.12	protein_coding	ANXA10
ENSG00000109519.14	protein_coding	GRPEL1
ENSG00000109534.17	protein_coding	GAR1
ENSG00000109536.12	protein_coding	FRG1
ENSG00000109572.16	protein_coding	CLCN3
ENSG00000109576.14	protein_coding	AADAT
ENSG00000109586.12	protein_coding	GALNT7
ENSG00000109606.13	protein_coding	DHX15
ENSG00000109610.6	protein_coding	SOD3
ENSG00000109618.13	protein_coding	SEPSECS
ENSG00000109625.19	protein_coding	CPZ
ENSG00000109654.16	protein_coding	TRIM2
ENSG00000109667.12	protein_coding	SLC2A9
ENSG00000109670.17	protein_coding	FBXW7
ENSG00000109674.4	protein_coding	NEIL3
ENSG00000109680.11	protein_coding	TBC1D19
ENSG00000109684.16	protein_coding	CLNK
ENSG00000109685.19	protein_coding	NSD2
ENSG00000109686.19	protein_coding	SH3D19
ENSG00000109689.20	protein_coding	STIM2
ENSG00000109705.8	protein_coding	NKX3-2
ENSG00000109736.15	protein_coding	MFSD10
ENSG00000109738.11	protein_coding	GLRB
ENSG00000109743.11	protein_coding	BST1
ENSG00000109756.10	protein_coding	RAPGEF2
ENSG00000109758.9	protein_coding	HGFAC
ENSG00000109762.17	protein_coding	SNX25
ENSG00000109771.16	protein_coding	LRP2BP
ENSG00000109775.11	protein_coding	UFSP2
ENSG00000109787.13	protein_coding	KLF3
ENSG00000109790.18	protein_coding	KLHL5
ENSG00000109794.14	protein_coding	FAM149A
ENSG00000109805.10	protein_coding	NCAPG
ENSG00000109814.12	protein_coding	UGDH
ENSG00000109819.9	protein_coding	PPARGC1A
ENSG00000109832.14	protein_coding	DDX25
ENSG00000109846.9	protein_coding	CRYAB
ENSG00000109851.7	protein_coding	DBX1
ENSG00000109854.14	protein_coding	HTATIP2
ENSG00000109861.17	protein_coding	CTSC
ENSG00000109881.17	protein_coding	CCDC34
ENSG00000109906.15	protein_coding	ZBTB16
ENSG00000109911.19	protein_coding	ELP4
ENSG00000109917.11	protein_coding	ZPR1
ENSG00000109919.10	protein_coding	MTCH2
ENSG00000109920.13	protein_coding	FNBP4
ENSG00000109927.11	protein_coding	TECTA
ENSG00000109929.10	protein_coding	SC5D
ENSG00000109943.9	protein_coding	CRTAM
ENSG00000109944.11	protein_coding	JHY
ENSG00000109956.13	protein_coding	B3GAT1
ENSG00000109971.14	protein_coding	HSPA8
ENSG00000109991.10	protein_coding	P2RX3
ENSG00000110002.16	protein_coding	VWA5A
ENSG00000110011.14	protein_coding	DNAJC4
ENSG00000110013.13	protein_coding	SIAE
ENSG00000110025.13	protein_coding	SNX15
ENSG00000110031.13	protein_coding	LPXN
ENSG00000110042.8	protein_coding	DTX4
ENSG00000110046.13	protein_coding	ATG2A
ENSG00000110047.18	protein_coding	EHD1
ENSG00000110048.12	protein_coding	OSBP
ENSG00000110057.9	protein_coding	UNC93B1
ENSG00000110060.9	protein_coding	PUS3
ENSG00000110063.10	protein_coding	DCPS
ENSG00000110066.16	protein_coding	KMT5B
ENSG00000110074.12	protein_coding	FOXRED1
ENSG00000110075.15	protein_coding	PPP6R3
ENSG00000110076.21	protein_coding	NRXN2
ENSG00000110077.15	protein_coding	MS4A6A
ENSG00000110079.19	protein_coding	MS4A4A
ENSG00000110080.20	protein_coding	ST3GAL4
ENSG00000110090.13	protein_coding	CPT1A
ENSG00000110092.4	protein_coding	CCND1
ENSG00000110104.13	protein_coding	CCDC86
ENSG00000110107.9	protein_coding	PRPF19
ENSG00000110108.10	protein_coding	TMEM109
ENSG00000110148.10	protein_coding	CCKBR
ENSG00000110169.12	protein_coding	HPX
ENSG00000110171.21	protein_coding	TRIM3
ENSG00000110172.12	protein_coding	CHORDC1
ENSG00000110195.14	protein_coding	FOLR1
ENSG00000110200.9	protein_coding	ANAPC15
ENSG00000110203.10	protein_coding	FOLR3
ENSG00000110218.9	protein_coding	PANX1
ENSG00000110237.5	protein_coding	ARHGEF17
ENSG00000110243.12	protein_coding	APOA5
ENSG00000110244.7	protein_coding	APOA4
ENSG00000110245.12	protein_coding	APOC3
ENSG00000110274.16	protein_coding	CEP164
ENSG00000110315.7	protein_coding	RNF141
ENSG00000110318.15	protein_coding	CEP126
ENSG00000110321.19	protein_coding	EIF4G2
ENSG00000110324.12	protein_coding	IL10RA
ENSG00000110328.6	protein_coding	GALNT18
ENSG00000110330.10	protein_coding	BIRC2
ENSG00000110344.10	protein_coding	UBE4A
ENSG00000110367.14	protein_coding	DDX6
ENSG00000110375.3	protein_coding	UPK2
ENSG00000110395.8	protein_coding	CBL
ENSG00000110400.11	protein_coding	NECTIN1
ENSG00000110422.12	protein_coding	HIPK3
ENSG00000110427.17	protein_coding	KIAA1549L
ENSG00000110429.14	protein_coding	FBXO3
ENSG00000110435.13	protein_coding	PDHX
ENSG00000110436.13	protein_coding	SLC1A2
ENSG00000110442.12	protein_coding	COMMD9
ENSG00000110446.12	protein_coding	SLC15A3
ENSG00000110448.11	protein_coding	CD5
ENSG00000110455.14	protein_coding	ACCS
ENSG00000110484.7	protein_coding	SCGB2A2
ENSG00000110492.17	protein_coding	MDK
ENSG00000110497.15	protein_coding	AMBRA1
ENSG00000110514.20	protein_coding	MADD
ENSG00000110536.14	protein_coding	PTPMT1
ENSG00000110583.13	protein_coding	NAA40
ENSG00000110619.18	protein_coding	CARS1
ENSG00000110628.16	protein_coding	SLC22A18
ENSG00000110651.13	protein_coding	CD81
ENSG00000110660.15	protein_coding	SLC35F2
ENSG00000110665.12	protein_coding	C11orf21
ENSG00000110675.13	protein_coding	ELMOD1
ENSG00000110680.14	protein_coding	CALCA
ENSG00000110693.19	protein_coding	SOX6
ENSG00000110696.10	protein_coding	C11orf58
ENSG00000110697.13	protein_coding	PITPNM1
ENSG00000110700.7	protein_coding	RPS13
ENSG00000110711.11	protein_coding	AIP
ENSG00000110713.18	protein_coding	NUP98
ENSG00000110717.13	protein_coding	NDUFS8
ENSG00000110719.11	protein_coding	TCIRG1
ENSG00000110721.12	protein_coding	CHKA
ENSG00000110723.12	protein_coding	EXPH5
ENSG00000110756.18	protein_coding	HPS5
ENSG00000110768.12	protein_coding	GTF2H1
ENSG00000110777.12	protein_coding	POU2AF1
ENSG00000110786.18	protein_coding	PTPN5
ENSG00000110799.14	protein_coding	VWF
ENSG00000110801.14	protein_coding	PSMD9
ENSG00000110811.20	protein_coding	P3H3
ENSG00000110841.14	protein_coding	PPFIBP1
ENSG00000110844.14	protein_coding	PRPF40B
ENSG00000110848.8	protein_coding	CD69
ENSG00000110851.12	protein_coding	PRDM4
ENSG00000110852.5	protein_coding	CLEC2B
ENSG00000110871.15	protein_coding	COQ5
ENSG00000110876.10	protein_coding	SELPLG
ENSG00000110880.11	protein_coding	CORO1C
ENSG00000110881.12	protein_coding	ASIC1
ENSG00000110887.8	protein_coding	DAO
ENSG00000110888.19	protein_coding	CAPRIN2
ENSG00000110900.16	protein_coding	TSPAN11
ENSG00000110906.13	protein_coding	KCTD10
ENSG00000110911.17	protein_coding	SLC11A2
ENSG00000110917.8	protein_coding	MLEC
ENSG00000110921.14	protein_coding	MVK
ENSG00000110925.7	protein_coding	CSRNP2
ENSG00000110931.19	protein_coding	CAMKK2
ENSG00000110934.13	protein_coding	BIN2
ENSG00000110944.9	protein_coding	IL23A
ENSG00000110955.9	protein_coding	ATP5F1B
ENSG00000110958.16	protein_coding	PTGES3
ENSG00000110975.8	protein_coding	SYT10
ENSG00000110987.9	protein_coding	BCL7A
ENSG00000111011.18	protein_coding	RSRC2
ENSG00000111012.10	protein_coding	CYP27B1
ENSG00000111046.4	protein_coding	MYF6
ENSG00000111049.4	protein_coding	MYF5
ENSG00000111052.8	protein_coding	LIN7A
ENSG00000111057.11	protein_coding	KRT18
ENSG00000111058.8	protein_coding	ACSS3
ENSG00000111077.18	protein_coding	TNS2
ENSG00000111087.10	protein_coding	GLI1
ENSG00000111110.12	protein_coding	PPM1H
ENSG00000111142.14	protein_coding	METAP2
ENSG00000111144.10	protein_coding	LTA4H
ENSG00000111145.8	protein_coding	ELK3
ENSG00000111181.13	protein_coding	SLC6A12
ENSG00000111186.13	protein_coding	WNT5B
ENSG00000111196.10	protein_coding	MAGOHB
ENSG00000111199.12	protein_coding	TRPV4
ENSG00000111203.13	protein_coding	ITFG2
ENSG00000111206.13	protein_coding	FOXM1
ENSG00000111215.12	protein_coding	PRR4
ENSG00000111218.12	protein_coding	PRMT8
ENSG00000111224.14	protein_coding	PARP11
ENSG00000111229.16	protein_coding	ARPC3
ENSG00000111231.9	protein_coding	GPN3
ENSG00000111237.19	protein_coding	VPS29
ENSG00000111241.3	protein_coding	FGF6
ENSG00000111245.17	protein_coding	MYL2
ENSG00000111247.15	protein_coding	RAD51AP1
ENSG00000111249.14	protein_coding	CUX2
ENSG00000111252.11	protein_coding	SH2B3
ENSG00000111254.8	protein_coding	AKAP3
ENSG00000111261.14	protein_coding	MANSC1
ENSG00000111262.6	protein_coding	KCNA1
ENSG00000111266.9	protein_coding	DUSP16
ENSG00000111269.3	protein_coding	CREBL2
ENSG00000111271.15	protein_coding	ACAD10
ENSG00000111275.13	protein_coding	ALDH2
ENSG00000111276.12	protein_coding	CDKN1B
ENSG00000111291.9	protein_coding	GPRC5D
ENSG00000111300.10	protein_coding	NAA25
ENSG00000111305.19	protein_coding	GSG1
ENSG00000111319.13	protein_coding	SCNN1A
ENSG00000111321.11	protein_coding	LTBR
ENSG00000111325.16	protein_coding	OGFOD2
ENSG00000111328.7	protein_coding	CDK2AP1
ENSG00000111331.14	protein_coding	OAS3
ENSG00000111335.14	protein_coding	OAS2
ENSG00000111339.12	protein_coding	ART4
ENSG00000111341.10	protein_coding	MGP
ENSG00000111344.12	protein_coding	RASAL1
ENSG00000111348.9	protein_coding	ARHGDIB
ENSG00000111358.14	protein_coding	GTF2H3
ENSG00000111361.13	protein_coding	EIF2B1
ENSG00000111364.16	protein_coding	DDX55
ENSG00000111371.16	protein_coding	SLC38A1
ENSG00000111404.7	protein_coding	RERGL
ENSG00000111405.9	protein_coding	ENDOU
ENSG00000111412.6	protein_coding	SPRING1
ENSG00000111424.12	protein_coding	VDR
ENSG00000111432.5	protein_coding	FZD10
ENSG00000111445.14	protein_coding	RFC5
ENSG00000111450.15	protein_coding	STX2
ENSG00000111452.13	protein_coding	ADGRD1
ENSG00000111481.10	protein_coding	COPZ1
ENSG00000111490.15	protein_coding	TBC1D30
ENSG00000111530.13	protein_coding	CAND1
ENSG00000111536.5	protein_coding	IL26
ENSG00000111537.5	protein_coding	IFNG
ENSG00000111540.16	protein_coding	RAB5B
ENSG00000111554.15	protein_coding	MDM1
ENSG00000111581.10	protein_coding	NUP107
ENSG00000111596.14	protein_coding	CNOT2
ENSG00000111602.12	protein_coding	TIMELESS
ENSG00000111605.18	protein_coding	CPSF6
ENSG00000111615.14	protein_coding	KRR1
ENSG00000111639.8	protein_coding	MRPL51
ENSG00000111640.15	protein_coding	GAPDH
ENSG00000111641.12	protein_coding	NOP2
ENSG00000111642.16	protein_coding	CHD4
ENSG00000111644.8	protein_coding	ACRBP
ENSG00000111647.13	protein_coding	BLTP3B
ENSG00000111652.10	protein_coding	COPS7A
ENSG00000111653.20	protein_coding	ING4
ENSG00000111664.11	protein_coding	GNB3
ENSG00000111665.12	protein_coding	CDCA3
ENSG00000111666.11	protein_coding	CHPT1
ENSG00000111667.14	protein_coding	USP5
ENSG00000111669.15	protein_coding	TPI1
ENSG00000111670.16	protein_coding	GNPTAB
ENSG00000111671.10	protein_coding	SPSB2
ENSG00000111674.9	protein_coding	ENO2
ENSG00000111676.15	protein_coding	ATN1
ENSG00000111678.11	protein_coding	C12orf57
ENSG00000111679.17	protein_coding	PTPN6
ENSG00000111684.11	protein_coding	LPCAT3
ENSG00000111696.12	protein_coding	NT5DC3
ENSG00000111700.13	protein_coding	SLCO1B3
ENSG00000111701.7	protein_coding	APOBEC1
ENSG00000111704.11	protein_coding	NANOG
ENSG00000111707.12	protein_coding	SUDS3
ENSG00000111711.10	protein_coding	GOLT1B
ENSG00000111713.3	protein_coding	GYS2
ENSG00000111716.14	protein_coding	LDHB
ENSG00000111725.11	protein_coding	PRKAB1
ENSG00000111726.13	protein_coding	CMAS
ENSG00000111727.12	protein_coding	HCFC2
ENSG00000111728.11	protein_coding	ST8SIA1
ENSG00000111729.15	protein_coding	CLEC4A
ENSG00000111731.13	protein_coding	C2CD5
ENSG00000111732.12	protein_coding	AICDA
ENSG00000111737.12	protein_coding	RAB35
ENSG00000111752.11	protein_coding	PHC1
ENSG00000111775.3	protein_coding	COX6A1
ENSG00000111780.8	protein_coding	ENSG00000111780
ENSG00000111783.13	protein_coding	RFX4
ENSG00000111785.21	protein_coding	RIC8B
ENSG00000111786.10	protein_coding	SRSF9
ENSG00000111790.14	protein_coding	FGFR1OP2
ENSG00000111796.4	protein_coding	KLRB1
ENSG00000111799.22	protein_coding	COL12A1
ENSG00000111801.16	protein_coding	BTN3A3
ENSG00000111802.14	protein_coding	TDP2
ENSG00000111816.8	protein_coding	FRK
ENSG00000111817.19	protein_coding	DSE
ENSG00000111832.13	protein_coding	RWDD1
ENSG00000111834.13	protein_coding	RSPH4A
ENSG00000111837.12	protein_coding	MAK
ENSG00000111843.14	protein_coding	TMEM14C
ENSG00000111845.5	protein_coding	PAK1IP1
ENSG00000111846.20	protein_coding	GCNT2
ENSG00000111850.11	protein_coding	SMIM8
ENSG00000111859.17	protein_coding	NEDD9
ENSG00000111860.14	protein_coding	CEP85L
ENSG00000111863.13	protein_coding	ADTRP
ENSG00000111875.8	protein_coding	ASF1A
ENSG00000111877.18	protein_coding	MCM9
ENSG00000111879.20	protein_coding	FAM184A
ENSG00000111880.16	protein_coding	RNGTT
ENSG00000111885.7	protein_coding	MAN1A1
ENSG00000111886.11	protein_coding	GABRR2
ENSG00000111897.7	protein_coding	SERINC1
ENSG00000111906.18	protein_coding	HDDC2
ENSG00000111907.21	protein_coding	TPD52L1
ENSG00000111911.7	protein_coding	HINT3
ENSG00000111912.20	protein_coding	NCOA7
ENSG00000111913.20	protein_coding	RIPOR2
ENSG00000111961.19	protein_coding	SASH1
ENSG00000111962.8	protein_coding	UST
ENSG00000111981.5	protein_coding	ULBP1
ENSG00000112029.10	protein_coding	FBXO5
ENSG00000112031.16	protein_coding	MTRF1L
ENSG00000112033.14	protein_coding	PPARD
ENSG00000112038.18	protein_coding	OPRM1
ENSG00000112039.6	protein_coding	FANCE
ENSG00000112041.13	protein_coding	TULP1
ENSG00000112053.14	protein_coding	SLC26A8
ENSG00000112062.12	protein_coding	MAPK14
ENSG00000112077.18	protein_coding	RHAG
ENSG00000112078.14	protein_coding	KCTD20
ENSG00000112079.9	protein_coding	STK38
ENSG00000112081.17	protein_coding	SRSF3
ENSG00000112110.10	protein_coding	MRPL18
ENSG00000112115.7	protein_coding	IL17A
ENSG00000112116.11	protein_coding	IL17F
ENSG00000112118.20	protein_coding	MCM3
ENSG00000112130.17	protein_coding	RNF8
ENSG00000112137.19	protein_coding	PHACTR1
ENSG00000112139.17	protein_coding	MDGA1
ENSG00000112144.16	protein_coding	CILK1
ENSG00000112146.17	protein_coding	FBXO9
ENSG00000112149.10	protein_coding	CD83
ENSG00000112159.13	protein_coding	MDN1
ENSG00000112164.6	protein_coding	GLP1R
ENSG00000112167.11	protein_coding	SAYSD1
ENSG00000112175.8	protein_coding	BMP5
ENSG00000112182.16	protein_coding	BACH2
ENSG00000112183.15	protein_coding	RBM24
ENSG00000112186.13	protein_coding	CAP2
ENSG00000112195.9	protein_coding	TREML2
ENSG00000112200.17	protein_coding	ZNF451
ENSG00000112208.11	protein_coding	BAG2
ENSG00000112210.12	protein_coding	RAB23
ENSG00000112212.12	protein_coding	TSPO2
ENSG00000112214.11	protein_coding	FHL5
ENSG00000112218.9	protein_coding	GPR63
ENSG00000112232.10	protein_coding	KHDRBS2
ENSG00000112234.9	protein_coding	FBXL4
ENSG00000112237.13	protein_coding	CCNC
ENSG00000112238.12	protein_coding	PRDM13
ENSG00000112242.16	protein_coding	E2F3
ENSG00000112245.13	protein_coding	PTP4A1
ENSG00000112246.10	protein_coding	SIM1
ENSG00000112249.14	protein_coding	ASCC3
ENSG00000112273.7	protein_coding	HDGFL1
ENSG00000112276.14	protein_coding	BVES
ENSG00000112280.18	protein_coding	COL9A1
ENSG00000112282.18	protein_coding	MED23
ENSG00000112290.13	protein_coding	WASF1
ENSG00000112293.15	protein_coding	GPLD1
ENSG00000112294.14	protein_coding	ALDH5A1
ENSG00000112297.18	protein_coding	CRYBG1
ENSG00000112299.8	protein_coding	VNN1
ENSG00000112303.14	protein_coding	VNN2
ENSG00000112304.11	protein_coding	ACOT13
ENSG00000112305.15	protein_coding	SMAP1
ENSG00000112306.8	protein_coding	RPS12
ENSG00000112308.13	protein_coding	C6orf62
ENSG00000112309.11	protein_coding	B3GAT2
ENSG00000112312.10	protein_coding	GMNN
ENSG00000112319.21	protein_coding	EYA4
ENSG00000112320.12	protein_coding	SOBP
ENSG00000112333.12	protein_coding	NR2E1
ENSG00000112335.15	protein_coding	SNX3
ENSG00000112337.11	protein_coding	SLC17A2
ENSG00000112339.15	protein_coding	HBS1L
ENSG00000112343.11	protein_coding	TRIM38
ENSG00000112357.14	protein_coding	PEX7
ENSG00000112365.6	protein_coding	ZBTB24
ENSG00000112367.12	protein_coding	FIG4
ENSG00000112378.12	protein_coding	PERP
ENSG00000112379.9	protein_coding	ARFGEF3
ENSG00000112394.18	protein_coding	SLC16A10
ENSG00000112406.5	protein_coding	HECA
ENSG00000112414.15	protein_coding	ADGRG6
ENSG00000112419.15	protein_coding	PHACTR2
ENSG00000112425.16	protein_coding	EPM2A
ENSG00000112462.8	protein_coding	OR12D3
ENSG00000112473.19	protein_coding	SLC39A7
ENSG00000112486.18	protein_coding	CCR6
ENSG00000112494.10	protein_coding	UNC93A
ENSG00000112499.13	protein_coding	SLC22A2
ENSG00000112511.18	protein_coding	PHF1
ENSG00000112514.18	protein_coding	CUTA
ENSG00000112530.12	protein_coding	PACRG
ENSG00000112531.17	protein_coding	QKI
ENSG00000112539.15	protein_coding	C6orf118
ENSG00000112541.19	protein_coding	PDE10A
ENSG00000112559.15	protein_coding	MDFI
ENSG00000112561.19	protein_coding	TFEB
ENSG00000112562.20	protein_coding	SMOC2
ENSG00000112576.13	protein_coding	CCND3
ENSG00000112578.10	protein_coding	BYSL
ENSG00000112584.14	protein_coding	FAM120B
ENSG00000112592.15	protein_coding	TBP
ENSG00000112599.9	protein_coding	GUCA1B
ENSG00000112619.8	protein_coding	PRPH2
ENSG00000112624.13	protein_coding	BICRAL
ENSG00000112640.16	protein_coding	PPP2R5D
ENSG00000112651.12	protein_coding	MRPL2
ENSG00000112655.16	protein_coding	PTK7
ENSG00000112658.8	protein_coding	SRF
ENSG00000112659.14	protein_coding	CUL9
ENSG00000112667.13	protein_coding	DNPH1
ENSG00000112679.15	protein_coding	DUSP22
ENSG00000112685.14	protein_coding	EXOC2
ENSG00000112695.13	protein_coding	COX7A2
ENSG00000112697.17	protein_coding	TMEM30A
ENSG00000112699.11	protein_coding	GMDS
ENSG00000112701.18	protein_coding	SENP6
ENSG00000112706.12	protein_coding	IMPG1
ENSG00000112715.26	protein_coding	VEGFA
ENSG00000112739.17	protein_coding	PRPF4B
ENSG00000112742.10	protein_coding	TTK
ENSG00000112759.19	protein_coding	SLC29A1
ENSG00000112761.22	protein_coding	CCN6
ENSG00000112763.17	protein_coding	BTN2A1
ENSG00000112769.20	protein_coding	LAMA4
ENSG00000112773.16	protein_coding	TENT5A
ENSG00000112782.19	protein_coding	CLIC5
ENSG00000112787.14	protein_coding	FBRSL1
ENSG00000112796.10	protein_coding	ENPP5
ENSG00000112799.9	protein_coding	LY86
ENSG00000112812.16	protein_coding	PRSS16
ENSG00000112818.11	protein_coding	MEP1A
ENSG00000112837.17	protein_coding	TBX18
ENSG00000112851.16	protein_coding	ERBIN
ENSG00000112852.7	protein_coding	PCDHB2
ENSG00000112855.17	protein_coding	HARS2
ENSG00000112874.10	protein_coding	NUDT12
ENSG00000112877.8	protein_coding	CEP72
ENSG00000112893.10	protein_coding	MAN2A1
ENSG00000112902.12	protein_coding	SEMA5A
ENSG00000112936.21	protein_coding	C7
ENSG00000112941.14	protein_coding	TENT4A
ENSG00000112964.14	protein_coding	GHR
ENSG00000112972.15	protein_coding	HMGCS1
ENSG00000112977.16	protein_coding	DAP
ENSG00000112981.5	protein_coding	NME5
ENSG00000112983.18	protein_coding	BRD8
ENSG00000112984.12	protein_coding	KIF20A
ENSG00000112992.18	protein_coding	NNT
ENSG00000112996.11	protein_coding	MRPS30
ENSG00000113013.16	protein_coding	HSPA9
ENSG00000113048.19	protein_coding	MRPS27
ENSG00000113068.10	protein_coding	PFDN1
ENSG00000113070.8	protein_coding	HBEGF
ENSG00000113073.15	protein_coding	SLC4A9
ENSG00000113083.15	protein_coding	LOX
ENSG00000113088.6	protein_coding	GZMK
ENSG00000113100.10	protein_coding	CDH9
ENSG00000113108.20	protein_coding	APBB3
ENSG00000113119.13	protein_coding	TMCO6
ENSG00000113140.11	protein_coding	SPARC
ENSG00000113141.19	protein_coding	IK
ENSG00000113161.17	protein_coding	HMGCR
ENSG00000113163.19	protein_coding	CERT1
ENSG00000113194.13	protein_coding	FAF2
ENSG00000113196.3	protein_coding	HAND1
ENSG00000113205.5	protein_coding	PCDHB3
ENSG00000113209.9	protein_coding	PCDHB5
ENSG00000113211.6	protein_coding	PCDHB6
ENSG00000113212.7	protein_coding	PCDHB7
ENSG00000113231.14	protein_coding	PDE8B
ENSG00000113240.14	protein_coding	CLK4
ENSG00000113248.6	protein_coding	PCDHB15
ENSG00000113249.14	protein_coding	HAVCR1
ENSG00000113262.16	protein_coding	GRM6
ENSG00000113263.14	protein_coding	ITK
ENSG00000113269.14	protein_coding	RNF130
ENSG00000113272.14	protein_coding	THG1L
ENSG00000113273.17	protein_coding	ARSB
ENSG00000113282.14	protein_coding	CLINT1
ENSG00000113296.14	protein_coding	THBS4
ENSG00000113300.13	protein_coding	CNOT6
ENSG00000113302.6	protein_coding	IL12B
ENSG00000113303.12	protein_coding	BTNL8
ENSG00000113312.12	protein_coding	TTC1
ENSG00000113318.11	protein_coding	MSH3
ENSG00000113319.13	protein_coding	RASGRF2
ENSG00000113327.17	protein_coding	GABRG2
ENSG00000113328.19	protein_coding	CCNG1
ENSG00000113356.13	protein_coding	POLR3G
ENSG00000113360.17	protein_coding	DROSHA
ENSG00000113361.13	protein_coding	CDH6
ENSG00000113368.12	protein_coding	LMNB1
ENSG00000113369.9	protein_coding	ARRDC3
ENSG00000113384.14	protein_coding	GOLPH3
ENSG00000113387.12	protein_coding	SUB1
ENSG00000113389.16	protein_coding	NPR3
ENSG00000113391.19	protein_coding	FAM172A
ENSG00000113396.13	protein_coding	SLC27A6
ENSG00000113407.14	protein_coding	TARS1
ENSG00000113430.10	protein_coding	IRX4
ENSG00000113441.16	protein_coding	LNPEP
ENSG00000113448.20	protein_coding	PDE4D
ENSG00000113456.20	protein_coding	RAD1
ENSG00000113460.13	protein_coding	BRIX1
ENSG00000113492.14	protein_coding	AGXT2
ENSG00000113494.17	protein_coding	PRLR
ENSG00000113504.21	protein_coding	SLC12A7
ENSG00000113520.11	protein_coding	IL4
ENSG00000113522.14	protein_coding	RAD50
ENSG00000113525.10	protein_coding	IL5
ENSG00000113532.13	protein_coding	ST8SIA4
ENSG00000113552.16	protein_coding	GNPDA1
ENSG00000113555.6	protein_coding	PCDH12
ENSG00000113558.19	protein_coding	SKP1
ENSG00000113569.16	protein_coding	NUP155
ENSG00000113575.12	protein_coding	PPP2CA
ENSG00000113578.18	protein_coding	FGF1
ENSG00000113580.15	protein_coding	NR3C1
ENSG00000113583.8	protein_coding	C5orf15
ENSG00000113593.12	protein_coding	PPWD1
ENSG00000113594.10	protein_coding	LIFR
ENSG00000113595.15	protein_coding	TRIM23
ENSG00000113597.18	protein_coding	TRAPPC13
ENSG00000113600.12	protein_coding	C9
ENSG00000113615.13	protein_coding	SEC24A
ENSG00000113621.15	protein_coding	TXNDC15
ENSG00000113638.14	protein_coding	TTC33
ENSG00000113643.9	protein_coding	RARS1
ENSG00000113645.15	protein_coding	WWC1
ENSG00000113648.17	protein_coding	MACROH2A1
ENSG00000113649.13	protein_coding	TCERG1
ENSG00000113657.13	protein_coding	DPYSL3
ENSG00000113658.18	protein_coding	SMAD5
ENSG00000113712.19	protein_coding	CSNK1A1
ENSG00000113716.13	protein_coding	HMGXB3
ENSG00000113719.17	protein_coding	ERGIC1
ENSG00000113721.14	protein_coding	PDGFRB
ENSG00000113722.18	protein_coding	CDX1
ENSG00000113732.9	protein_coding	ATP6V0E1
ENSG00000113734.18	protein_coding	BNIP1
ENSG00000113739.11	protein_coding	STC2
ENSG00000113742.14	protein_coding	CPEB4
ENSG00000113749.8	protein_coding	HRH2
ENSG00000113758.14	protein_coding	DBN1
ENSG00000113761.12	protein_coding	ZNF346
ENSG00000113763.12	protein_coding	UNC5A
ENSG00000113790.11	protein_coding	EHHADH
ENSG00000113805.9	protein_coding	CNTN3
ENSG00000113810.16	protein_coding	SMC4
ENSG00000113811.12	protein_coding	SELENOK
ENSG00000113812.14	protein_coding	ACTR8
ENSG00000113838.13	protein_coding	TBCCD1
ENSG00000113845.10	protein_coding	TIMMDC1
ENSG00000113851.16	protein_coding	CRBN
ENSG00000113889.14	protein_coding	KNG1
ENSG00000113905.5	protein_coding	HRG
ENSG00000113916.18	protein_coding	BCL6
ENSG00000113924.12	protein_coding	HGD
ENSG00000113946.4	protein_coding	CLDN16
ENSG00000113966.11	protein_coding	ARL6
ENSG00000113971.21	protein_coding	NPHP3
ENSG00000114013.16	protein_coding	CD86
ENSG00000114019.15	protein_coding	AMOTL2
ENSG00000114021.12	protein_coding	NIT2
ENSG00000114023.16	protein_coding	FAM162A
ENSG00000114026.22	protein_coding	OGG1
ENSG00000114030.13	protein_coding	KPNA1
ENSG00000114054.14	protein_coding	PCCB
ENSG00000114062.22	protein_coding	UBE3A
ENSG00000114098.18	protein_coding	ARMC8
ENSG00000114107.9	protein_coding	CEP70
ENSG00000114113.6	protein_coding	RBP2
ENSG00000114115.10	protein_coding	RBP1
ENSG00000114120.14	protein_coding	SLC25A36
ENSG00000114124.3	protein_coding	GRK7
ENSG00000114125.14	protein_coding	RNF7
ENSG00000114126.18	protein_coding	TFDP2
ENSG00000114127.11	protein_coding	XRN1
ENSG00000114166.8	protein_coding	KAT2B
ENSG00000114200.10	protein_coding	BCHE
ENSG00000114204.16	protein_coding	SERPINI2
ENSG00000114209.15	protein_coding	PDCD10
ENSG00000114248.10	protein_coding	LRRC31
ENSG00000114251.15	protein_coding	WNT5A
ENSG00000114268.12	protein_coding	PFKFB4
ENSG00000114270.18	protein_coding	COL7A1
ENSG00000114279.15	protein_coding	FGF12
ENSG00000114302.17	protein_coding	PRKAR2A
ENSG00000114315.4	protein_coding	HES1
ENSG00000114316.13	protein_coding	USP4
ENSG00000114331.16	protein_coding	ACAP2
ENSG00000114346.14	protein_coding	ECT2
ENSG00000114349.10	protein_coding	GNAT1
ENSG00000114353.17	protein_coding	GNAI2
ENSG00000114354.15	protein_coding	TFG
ENSG00000114374.13	protein_coding	USP9Y
ENSG00000114378.17	protein_coding	HYAL1
ENSG00000114383.10	protein_coding	TUSC2
ENSG00000114388.14	protein_coding	NPRL2
ENSG00000114391.14	protein_coding	RPL24
ENSG00000114395.11	protein_coding	CYB561D2
ENSG00000114405.11	protein_coding	C3orf14
ENSG00000114416.19	protein_coding	FXR1
ENSG00000114423.23	protein_coding	CBLB
ENSG00000114439.19	protein_coding	BBX
ENSG00000114446.5	protein_coding	IFT57
ENSG00000114450.11	protein_coding	GNB4
ENSG00000114455.15	protein_coding	HHLA2
ENSG00000114473.14	protein_coding	IQCG
ENSG00000114480.13	protein_coding	GBE1
ENSG00000114487.10	protein_coding	MORC1
ENSG00000114491.14	protein_coding	UMPS
ENSG00000114503.11	protein_coding	NCBP2
ENSG00000114520.11	protein_coding	SNX4
ENSG00000114529.13	protein_coding	C3orf52
ENSG00000114541.15	protein_coding	FRMD4B
ENSG00000114544.17	protein_coding	SLC41A3
ENSG00000114547.10	protein_coding	ROPN1B
ENSG00000114554.12	protein_coding	PLXNA1
ENSG00000114573.12	protein_coding	ATP6V1A
ENSG00000114626.18	protein_coding	ABTB1
ENSG00000114631.11	protein_coding	PODXL2
ENSG00000114638.8	protein_coding	UPK1B
ENSG00000114646.10	protein_coding	CSPG5
ENSG00000114648.12	protein_coding	KLHL18
ENSG00000114650.21	protein_coding	SCAP
ENSG00000114654.8	protein_coding	EFCC1
ENSG00000114656.13	protein_coding	CFAP92
ENSG00000114670.14	protein_coding	NEK11
ENSG00000114686.9	protein_coding	MRPL3
ENSG00000114698.15	protein_coding	PLSCR4
ENSG00000114735.10	protein_coding	HEMK1
ENSG00000114737.16	protein_coding	CISH
ENSG00000114738.11	protein_coding	MAPKAPK3
ENSG00000114739.14	protein_coding	ACVR2B
ENSG00000114742.14	protein_coding	WDR48
ENSG00000114744.9	protein_coding	COMMD2
ENSG00000114745.15	protein_coding	GORASP1
ENSG00000114757.19	protein_coding	PEX5L
ENSG00000114767.7	protein_coding	RRP9
ENSG00000114770.17	protein_coding	ABCC5
ENSG00000114771.14	protein_coding	AADAC
ENSG00000114779.20	protein_coding	ABHD14B
ENSG00000114784.4	protein_coding	EIF1B
ENSG00000114786.16	protein_coding	ABHD14A-ACY1
ENSG00000114790.13	protein_coding	ARHGEF26
ENSG00000114796.16	protein_coding	KLHL24
ENSG00000114805.18	protein_coding	PLCH1
ENSG00000114812.13	protein_coding	VIPR1
ENSG00000114841.18	protein_coding	DNAH1
ENSG00000114850.7	protein_coding	SSR3
ENSG00000114853.15	protein_coding	ZBTB47
ENSG00000114854.8	protein_coding	TNNC1
ENSG00000114857.19	protein_coding	NKTR
ENSG00000114859.16	protein_coding	CLCN2
ENSG00000114861.24	protein_coding	FOXP1
ENSG00000114867.22	protein_coding	EIF4G1
ENSG00000114902.14	protein_coding	SPCS1
ENSG00000114904.13	protein_coding	NEK4
ENSG00000114923.17	protein_coding	SLC4A3
ENSG00000114933.16	protein_coding	INO80D
ENSG00000114942.14	protein_coding	EEF1B2
ENSG00000114948.13	protein_coding	ADAM23
ENSG00000114956.20	protein_coding	DGUOK
ENSG00000114978.18	protein_coding	MOB1A
ENSG00000114982.19	protein_coding	KANSL3
ENSG00000114988.12	protein_coding	LMAN2L
ENSG00000114993.17	protein_coding	RTKN
ENSG00000114999.8	protein_coding	TTL
ENSG00000115008.6	protein_coding	IL1A
ENSG00000115009.13	protein_coding	CCL20
ENSG00000115020.17	protein_coding	PIKFYVE
ENSG00000115041.14	protein_coding	KCNIP3
ENSG00000115042.10	protein_coding	FAHD2A
ENSG00000115053.17	protein_coding	NCL
ENSG00000115073.8	protein_coding	ACTR1B
ENSG00000115084.15	protein_coding	SLC35F5
ENSG00000115085.15	protein_coding	ZAP70
ENSG00000115091.12	protein_coding	ACTR3
ENSG00000115107.20	protein_coding	STEAP3
ENSG00000115109.14	protein_coding	EPB41L5
ENSG00000115112.8	protein_coding	TFCP2L1
ENSG00000115128.7	protein_coding	SF3B6
ENSG00000115129.14	protein_coding	TP53I3
ENSG00000115137.12	protein_coding	DNAJC27
ENSG00000115138.11	protein_coding	POMC
ENSG00000115145.10	protein_coding	STAM2
ENSG00000115155.19	protein_coding	OTOF
ENSG00000115159.16	protein_coding	GPD2
ENSG00000115163.15	protein_coding	CENPA
ENSG00000115165.10	protein_coding	CYTIP
ENSG00000115170.16	protein_coding	ACVR1
ENSG00000115183.15	protein_coding	TANC1
ENSG00000115194.11	protein_coding	SLC30A3
ENSG00000115204.15	protein_coding	MPV17
ENSG00000115207.15	protein_coding	GTF3C2
ENSG00000115211.17	protein_coding	EIF2B4
ENSG00000115216.14	protein_coding	NRBP1
ENSG00000115221.12	protein_coding	ITGB6
ENSG00000115226.10	protein_coding	FNDC4
ENSG00000115232.14	protein_coding	ITGA4
ENSG00000115233.12	protein_coding	PSMD14
ENSG00000115234.11	protein_coding	SNX17
ENSG00000115239.24	protein_coding	ASB3
ENSG00000115241.11	protein_coding	PPM1G
ENSG00000115252.19	protein_coding	PDE1A
ENSG00000115255.12	protein_coding	REEP6
ENSG00000115257.15	protein_coding	PCSK4
ENSG00000115263.15	protein_coding	GCG
ENSG00000115266.12	protein_coding	APC2
ENSG00000115267.10	protein_coding	IFIH1
ENSG00000115268.10	protein_coding	RPS15
ENSG00000115271.11	protein_coding	GCA
ENSG00000115274.15	protein_coding	INO80B
ENSG00000115275.15	protein_coding	MOGS
ENSG00000115282.21	protein_coding	TTC31
ENSG00000115286.21	protein_coding	NDUFS7
ENSG00000115289.14	protein_coding	PCGF1
ENSG00000115290.11	protein_coding	GRB14
ENSG00000115295.21	protein_coding	CLIP4
ENSG00000115297.11	protein_coding	TLX2
ENSG00000115306.16	protein_coding	SPTBN1
ENSG00000115307.17	protein_coding	AUP1
ENSG00000115310.19	protein_coding	RTN4
ENSG00000115317.13	protein_coding	HTRA2
ENSG00000115318.12	protein_coding	LOXL3
ENSG00000115325.14	protein_coding	DOK1
ENSG00000115339.14	protein_coding	GALNT3
ENSG00000115350.12	protein_coding	POLE4
ENSG00000115353.11	protein_coding	TACR1
ENSG00000115355.18	protein_coding	CCDC88A
ENSG00000115361.8	protein_coding	ACADL
ENSG00000115363.14	protein_coding	EVA1A
ENSG00000115364.14	protein_coding	MRPL19
ENSG00000115365.13	protein_coding	LANCL1
ENSG00000115368.10	protein_coding	WDR75
ENSG00000115380.20	protein_coding	EFEMP1
ENSG00000115386.6	protein_coding	REG1A
ENSG00000115392.13	protein_coding	FANCL
ENSG00000115414.21	protein_coding	FN1
ENSG00000115415.21	protein_coding	STAT1
ENSG00000115419.14	protein_coding	GLS
ENSG00000115421.13	protein_coding	PAPOLG
ENSG00000115423.19	protein_coding	DNAH6
ENSG00000115425.14	protein_coding	PECR
ENSG00000115446.12	protein_coding	UNC50
ENSG00000115457.10	protein_coding	IGFBP2
ENSG00000115459.18	protein_coding	ELMOD3
ENSG00000115461.5	protein_coding	IGFBP5
ENSG00000115464.15	protein_coding	USP34
ENSG00000115468.13	protein_coding	EFHD1
ENSG00000115474.7	protein_coding	KCNJ13
ENSG00000115484.15	protein_coding	CCT4
ENSG00000115486.13	protein_coding	GGCX
ENSG00000115488.3	protein_coding	NEU2
ENSG00000115504.15	protein_coding	EHBP1
ENSG00000115507.10	protein_coding	OTX1
ENSG00000115514.12	protein_coding	TXNDC9
ENSG00000115520.9	protein_coding	COQ10B
ENSG00000115523.17	protein_coding	GNLY
ENSG00000115524.17	protein_coding	SF3B1
ENSG00000115525.18	protein_coding	ST3GAL5
ENSG00000115526.11	protein_coding	CHST10
ENSG00000115539.14	protein_coding	PDCL3
ENSG00000115540.15	protein_coding	MOB4
ENSG00000115541.11	protein_coding	HSPE1
ENSG00000115548.17	protein_coding	KDM3A
ENSG00000115556.14	protein_coding	PLCD4
ENSG00000115561.16	protein_coding	CHMP3
ENSG00000115568.16	protein_coding	ZNF142
ENSG00000115590.14	protein_coding	IL1R2
ENSG00000115592.13	protein_coding	PRKAG3
ENSG00000115593.15	protein_coding	SMYD1
ENSG00000115594.12	protein_coding	IL1R1
ENSG00000115596.4	protein_coding	WNT6
ENSG00000115598.10	protein_coding	IL1RL2
ENSG00000115602.17	protein_coding	IL1RL1
ENSG00000115604.12	protein_coding	IL18R1
ENSG00000115607.10	protein_coding	IL18RAP
ENSG00000115616.3	protein_coding	SLC9A2
ENSG00000115641.19	protein_coding	FHL2
ENSG00000115648.14	protein_coding	MLPH
ENSG00000115649.16	protein_coding	CNPPD1
ENSG00000115652.15	protein_coding	UXS1
ENSG00000115657.14	protein_coding	ABCB6
ENSG00000115661.14	protein_coding	STK16
ENSG00000115665.9	protein_coding	SLC5A7
ENSG00000115677.18	protein_coding	HDLBP
ENSG00000115685.15	protein_coding	PPP1R7
ENSG00000115687.14	protein_coding	PASK
ENSG00000115694.15	protein_coding	STK25
ENSG00000115705.22	protein_coding	TPO
ENSG00000115718.18	protein_coding	PROC
ENSG00000115738.10	protein_coding	ID2
ENSG00000115750.17	protein_coding	TAF1B
ENSG00000115756.13	protein_coding	HPCAL1
ENSG00000115758.14	protein_coding	ODC1
ENSG00000115760.16	protein_coding	BIRC6
ENSG00000115761.17	protein_coding	NOL10
ENSG00000115762.17	protein_coding	PLEKHB2
ENSG00000115806.13	protein_coding	GORASP2
ENSG00000115808.12	protein_coding	STRN
ENSG00000115816.15	protein_coding	CEBPZ
ENSG00000115825.11	protein_coding	PRKD3
ENSG00000115827.14	protein_coding	DCAF17
ENSG00000115828.17	protein_coding	QPCT
ENSG00000115839.19	protein_coding	RAB3GAP1
ENSG00000115840.14	protein_coding	SLC25A12
ENSG00000115841.21	protein_coding	RMDN2
ENSG00000115844.11	protein_coding	DLX2
ENSG00000115850.10	protein_coding	LCT
ENSG00000115866.11	protein_coding	DARS1
ENSG00000115875.19	protein_coding	SRSF7
ENSG00000115884.11	protein_coding	SDC1
ENSG00000115896.16	protein_coding	PLCL1
ENSG00000115902.11	protein_coding	SLC1A4
ENSG00000115904.15	protein_coding	SOS1
ENSG00000115919.15	protein_coding	KYNU
ENSG00000115935.19	protein_coding	WIPF1
ENSG00000115942.9	protein_coding	ORC2
ENSG00000115944.15	protein_coding	COX7A2L
ENSG00000115946.8	protein_coding	PNO1
ENSG00000115947.14	protein_coding	ORC4
ENSG00000115956.10	protein_coding	PLEK
ENSG00000115963.14	protein_coding	RND3
ENSG00000115966.18	protein_coding	ATF2
ENSG00000115970.19	protein_coding	THADA
ENSG00000115977.21	protein_coding	AAK1
ENSG00000115993.13	protein_coding	TRAK2
ENSG00000115998.8	protein_coding	C2orf42
ENSG00000116001.17	protein_coding	TIA1
ENSG00000116005.12	protein_coding	PCYOX1
ENSG00000116014.10	protein_coding	KISS1R
ENSG00000116016.14	protein_coding	EPAS1
ENSG00000116017.11	protein_coding	ARID3A
ENSG00000116030.17	protein_coding	SUMO1
ENSG00000116031.9	protein_coding	CD207
ENSG00000116032.5	protein_coding	GRIN3B
ENSG00000116035.4	protein_coding	VAX2
ENSG00000116039.13	protein_coding	ATP6V1B1
ENSG00000116044.17	protein_coding	NFE2L2
ENSG00000116062.19	protein_coding	MSH6
ENSG00000116095.11	protein_coding	PLEKHA3
ENSG00000116096.6	protein_coding	SPR
ENSG00000116106.12	protein_coding	EPHA4
ENSG00000116117.19	protein_coding	PARD3B
ENSG00000116120.11	protein_coding	FARSB
ENSG00000116127.20	protein_coding	ALMS1
ENSG00000116128.12	protein_coding	BCL9
ENSG00000116132.12	protein_coding	PRRX1
ENSG00000116133.13	protein_coding	DHCR24
ENSG00000116138.13	protein_coding	DNAJC16
ENSG00000116141.17	protein_coding	MARK1
ENSG00000116147.17	protein_coding	TNR
ENSG00000116151.14	protein_coding	MORN1
ENSG00000116157.6	protein_coding	GPX7
ENSG00000116161.18	protein_coding	CACYBP
ENSG00000116171.19	protein_coding	SCP2
ENSG00000116176.7	protein_coding	TPSG1
ENSG00000116183.11	protein_coding	PAPPA2
ENSG00000116191.19	protein_coding	RALGPS2
ENSG00000116194.13	protein_coding	ANGPTL1
ENSG00000116198.14	protein_coding	CEP104
ENSG00000116199.12	protein_coding	FAM20B
ENSG00000116205.14	protein_coding	TCEANC2
ENSG00000116209.12	protein_coding	TMEM59
ENSG00000116212.15	protein_coding	LRRC42
ENSG00000116213.16	protein_coding	WRAP73
ENSG00000116218.13	protein_coding	NPHS2
ENSG00000116221.15	protein_coding	MRPL37
ENSG00000116237.16	protein_coding	ICMT
ENSG00000116251.11	protein_coding	RPL22
ENSG00000116254.18	protein_coding	CHD5
ENSG00000116260.17	protein_coding	QSOX1
ENSG00000116266.11	protein_coding	STXBP3
ENSG00000116273.6	protein_coding	PHF13
ENSG00000116285.13	protein_coding	ERRFI1
ENSG00000116288.13	protein_coding	PARK7
ENSG00000116299.17	protein_coding	ELAPOR1
ENSG00000116329.12	protein_coding	OPRD1
ENSG00000116337.20	protein_coding	AMPD2
ENSG00000116350.18	protein_coding	SRSF4
ENSG00000116353.16	protein_coding	MECR
ENSG00000116396.15	protein_coding	KCNC4
ENSG00000116406.20	protein_coding	EDEM3
ENSG00000116455.14	protein_coding	WDR77
ENSG00000116459.11	protein_coding	ATP5PB
ENSG00000116473.15	protein_coding	RAP1A
ENSG00000116478.12	protein_coding	HDAC1
ENSG00000116489.13	protein_coding	CAPZA1
ENSG00000116497.18	protein_coding	S100PBP
ENSG00000116514.17	protein_coding	RNF19B
ENSG00000116521.11	protein_coding	SCAMP3
ENSG00000116525.14	protein_coding	TRIM62
ENSG00000116539.14	protein_coding	ASH1L
ENSG00000116544.12	protein_coding	DLGAP3
ENSG00000116560.12	protein_coding	SFPQ
ENSG00000116574.6	protein_coding	RHOU
ENSG00000116580.20	protein_coding	GON4L
ENSG00000116584.22	protein_coding	ARHGEF2
ENSG00000116586.12	protein_coding	LAMTOR2
ENSG00000116604.19	protein_coding	MEF2D
ENSG00000116641.18	protein_coding	DOCK7
ENSG00000116649.10	protein_coding	SRM
ENSG00000116661.11	protein_coding	FBXO2
ENSG00000116663.11	protein_coding	FBXO6
ENSG00000116667.15	protein_coding	C1orf21
ENSG00000116668.13	protein_coding	SWT1
ENSG00000116670.16	protein_coding	MAD2L2
ENSG00000116675.16	protein_coding	DNAJC6
ENSG00000116678.20	protein_coding	LEPR
ENSG00000116679.16	protein_coding	IVNS1ABP
ENSG00000116685.16	protein_coding	KIAA2013
ENSG00000116688.18	protein_coding	MFN2
ENSG00000116690.13	protein_coding	PRG4
ENSG00000116691.11	protein_coding	MIIP
ENSG00000116698.22	protein_coding	SMG7
ENSG00000116701.16	protein_coding	NCF2
ENSG00000116703.14	protein_coding	PDC
ENSG00000116704.8	protein_coding	SLC35D1
ENSG00000116711.10	protein_coding	PLA2G4A
ENSG00000116717.13	protein_coding	GADD45A
ENSG00000116721.9	protein_coding	PRAMEF1
ENSG00000116726.5	protein_coding	PRAMEF12
ENSG00000116729.14	protein_coding	WLS
ENSG00000116731.23	protein_coding	PRDM2
ENSG00000116741.8	protein_coding	RGS2
ENSG00000116745.7	protein_coding	RPE65
ENSG00000116747.13	protein_coding	RO60
ENSG00000116748.22	protein_coding	AMPD1
ENSG00000116750.14	protein_coding	UCHL5
ENSG00000116752.6	protein_coding	BCAS2
ENSG00000116754.14	protein_coding	SRSF11
ENSG00000116761.12	protein_coding	CTH
ENSG00000116771.6	protein_coding	AGMAT
ENSG00000116774.12	protein_coding	OLFML3
ENSG00000116783.15	protein_coding	TNNI3K
ENSG00000116785.15	protein_coding	CFHR3
ENSG00000116786.13	protein_coding	PLEKHM2
ENSG00000116791.14	protein_coding	CRYZ
ENSG00000116793.16	protein_coding	PHTF1
ENSG00000116809.12	protein_coding	ZBTB17
ENSG00000116815.16	protein_coding	CD58
ENSG00000116819.9	protein_coding	TFAP2E
ENSG00000116824.5	protein_coding	CD2
ENSG00000116830.12	protein_coding	TTF2
ENSG00000116833.14	protein_coding	NR5A2
ENSG00000116852.15	protein_coding	KIF21B
ENSG00000116857.17	protein_coding	TMEM9
ENSG00000116863.11	protein_coding	ADPRS
ENSG00000116871.16	protein_coding	MAP7D1
ENSG00000116874.12	protein_coding	WARS2
ENSG00000116882.15	protein_coding	HAO2
ENSG00000116885.18	protein_coding	OSCP1
ENSG00000116898.12	protein_coding	MRPS15
ENSG00000116903.7	protein_coding	EXOC8
ENSG00000116906.13	protein_coding	GNPAT
ENSG00000116918.15	protein_coding	TSNAX
ENSG00000116922.15	protein_coding	C1orf109
ENSG00000116954.8	protein_coding	RRAGC
ENSG00000116962.15	protein_coding	NID1
ENSG00000116977.19	protein_coding	LGALS8
ENSG00000116981.4	protein_coding	NT5C1A
ENSG00000116983.13	protein_coding	HPCAL4
ENSG00000116984.15	protein_coding	MTR
ENSG00000116985.12	protein_coding	BMP8B
ENSG00000116990.11	protein_coding	MYCL
ENSG00000116991.12	protein_coding	SIPA1L2
ENSG00000116996.10	protein_coding	ZP4
ENSG00000117000.9	protein_coding	RLF
ENSG00000117009.12	protein_coding	KMO
ENSG00000117010.17	protein_coding	ZNF684
ENSG00000117013.17	protein_coding	KCNQ4
ENSG00000117016.10	protein_coding	RIMS3
ENSG00000117020.19	protein_coding	AKT3
ENSG00000117036.12	protein_coding	ETV3
ENSG00000117054.15	protein_coding	ACADM
ENSG00000117069.15	protein_coding	ST6GALNAC5
ENSG00000117090.16	protein_coding	SLAMF1
ENSG00000117091.10	protein_coding	CD48
ENSG00000117114.21	protein_coding	ADGRL2
ENSG00000117115.13	protein_coding	PADI2
ENSG00000117118.10	protein_coding	SDHB
ENSG00000117122.14	protein_coding	MFAP2
ENSG00000117133.11	protein_coding	RPF1
ENSG00000117139.18	protein_coding	KDM5B
ENSG00000117143.14	protein_coding	UAP1
ENSG00000117148.8	protein_coding	ACTL8
ENSG00000117151.13	protein_coding	CTBS
ENSG00000117152.14	protein_coding	RGS4
ENSG00000117153.16	protein_coding	KLHL12
ENSG00000117154.12	protein_coding	IGSF21
ENSG00000117155.17	protein_coding	SSX2IP
ENSG00000117174.11	protein_coding	ZNHIT6
ENSG00000117215.15	protein_coding	PLA2G2D
ENSG00000117222.14	protein_coding	RBBP5
ENSG00000117226.12	protein_coding	GBP3
ENSG00000117228.11	protein_coding	GBP1
ENSG00000117245.13	protein_coding	KIF17
ENSG00000117262.19	protein_coding	GPR89A
ENSG00000117266.16	protein_coding	CDK18
ENSG00000117280.13	protein_coding	RAB29
ENSG00000117281.16	protein_coding	CD160
ENSG00000117298.16	protein_coding	ECE1
ENSG00000117305.15	protein_coding	HMGCL
ENSG00000117308.15	protein_coding	GALE
ENSG00000117318.9	protein_coding	ID3
ENSG00000117322.19	protein_coding	CR2
ENSG00000117335.21	protein_coding	CD46
ENSG00000117360.13	protein_coding	PRPF3
ENSG00000117362.13	protein_coding	APH1A
ENSG00000117385.16	protein_coding	P3H1
ENSG00000117394.24	protein_coding	SLC2A1
ENSG00000117395.13	protein_coding	EBNA1BP2
ENSG00000117399.14	protein_coding	CDC20
ENSG00000117400.18	protein_coding	MPL
ENSG00000117407.17	protein_coding	ARTN
ENSG00000117408.11	protein_coding	IPO13
ENSG00000117410.14	protein_coding	ATP6V0B
ENSG00000117411.18	protein_coding	B4GALT2
ENSG00000117419.16	protein_coding	ERI3
ENSG00000117425.14	protein_coding	PTCH2
ENSG00000117448.14	protein_coding	AKR1A1
ENSG00000117450.15	protein_coding	PRDX1
ENSG00000117461.15	protein_coding	PIK3R3
ENSG00000117472.10	protein_coding	TSPAN1
ENSG00000117475.14	protein_coding	BLZF1
ENSG00000117477.13	protein_coding	CCDC181
ENSG00000117479.15	protein_coding	SLC19A2
ENSG00000117480.16	protein_coding	FAAH
ENSG00000117481.11	protein_coding	NSUN4
ENSG00000117500.13	protein_coding	TMED5
ENSG00000117501.15	protein_coding	MROH9
ENSG00000117505.13	protein_coding	DR1
ENSG00000117519.16	protein_coding	CNN3
ENSG00000117523.18	protein_coding	PRRC2C
ENSG00000117525.14	protein_coding	F3
ENSG00000117528.14	protein_coding	ABCD3
ENSG00000117533.15	protein_coding	VAMP4
ENSG00000117543.22	protein_coding	DPH5
ENSG00000117560.8	protein_coding	FASLG
ENSG00000117569.20	protein_coding	PTBP2
ENSG00000117586.11	protein_coding	TNFSF4
ENSG00000117592.9	protein_coding	PRDX6
ENSG00000117593.12	protein_coding	DARS2
ENSG00000117594.10	protein_coding	HSD11B1
ENSG00000117595.13	protein_coding	IRF6
ENSG00000117597.18	protein_coding	UTP25
ENSG00000117598.14	protein_coding	PLPPR5
ENSG00000117600.14	protein_coding	PLPPR4
ENSG00000117601.15	protein_coding	SERPINC1
ENSG00000117602.13	protein_coding	RCAN3
ENSG00000117614.10	protein_coding	SYF2
ENSG00000117616.18	protein_coding	RSRP1
ENSG00000117620.15	protein_coding	SLC35A3
ENSG00000117625.14	protein_coding	RCOR3
ENSG00000117632.23	protein_coding	STMN1
ENSG00000117640.18	protein_coding	MTFR1L
ENSG00000117643.15	protein_coding	MAN1C1
ENSG00000117650.13	protein_coding	NEK2
ENSG00000117676.14	protein_coding	RPS6KA1
ENSG00000117682.18	protein_coding	DHDDS
ENSG00000117691.10	protein_coding	NENF
ENSG00000117697.15	protein_coding	NSL1
ENSG00000117707.16	protein_coding	PROX1
ENSG00000117713.21	protein_coding	ARID1A
ENSG00000117724.15	protein_coding	CENPF
ENSG00000117748.10	protein_coding	RPA2
ENSG00000117751.18	protein_coding	PPP1R8
ENSG00000117758.14	protein_coding	STX12
ENSG00000117791.16	protein_coding	MTARC2
ENSG00000117834.13	protein_coding	SLC5A9
ENSG00000117859.19	protein_coding	OSBPL9
ENSG00000117862.13	protein_coding	TXNDC12
ENSG00000117868.18	protein_coding	ESYT2
ENSG00000117877.11	protein_coding	POLR1G
ENSG00000117899.11	protein_coding	MESD
ENSG00000117906.14	protein_coding	RCN2
ENSG00000117971.12	protein_coding	CHRNB4
ENSG00000117983.17	protein_coding	MUC5B
ENSG00000117984.15	protein_coding	CTSD
ENSG00000118004.18	protein_coding	COLEC11
ENSG00000118007.13	protein_coding	STAG1
ENSG00000118017.4	protein_coding	A4GNT
ENSG00000118046.17	protein_coding	STK11
ENSG00000118058.24	protein_coding	KMT2A
ENSG00000118094.12	protein_coding	TREH
ENSG00000118096.10	protein_coding	IFT46
ENSG00000118113.12	protein_coding	MMP8
ENSG00000118137.10	protein_coding	APOA1
ENSG00000118156.13	protein_coding	ZNF541
ENSG00000118160.14	protein_coding	SLC8A2
ENSG00000118162.14	protein_coding	KPTN
ENSG00000118181.11	protein_coding	RPS25
ENSG00000118193.12	protein_coding	KIF14
ENSG00000118194.21	protein_coding	TNNT2
ENSG00000118197.14	protein_coding	DDX59
ENSG00000118200.15	protein_coding	CAMSAP2
ENSG00000118217.7	protein_coding	ATF6
ENSG00000118231.5	protein_coding	CRYGD
ENSG00000118242.16	protein_coding	MREG
ENSG00000118245.2	protein_coding	TNP1
ENSG00000118246.14	protein_coding	FASTKD2
ENSG00000118257.17	protein_coding	NRP2
ENSG00000118260.15	protein_coding	CREB1
ENSG00000118263.16	protein_coding	KLF7
ENSG00000118271.12	protein_coding	TTR
ENSG00000118276.12	protein_coding	B4GALT6
ENSG00000118292.9	protein_coding	C1orf54
ENSG00000118298.12	protein_coding	CA14
ENSG00000118307.20	protein_coding	DNAI7
ENSG00000118308.16	protein_coding	IRAG2
ENSG00000118322.14	protein_coding	ATP10B
ENSG00000118363.13	protein_coding	SPCS2
ENSG00000118369.13	protein_coding	USP35
ENSG00000118402.6	protein_coding	ELOVL4
ENSG00000118407.15	protein_coding	FILIP1
ENSG00000118412.13	protein_coding	CASP8AP2
ENSG00000118418.16	protein_coding	HMGN3
ENSG00000118420.17	protein_coding	UBE3D
ENSG00000118432.13	protein_coding	CNR1
ENSG00000118434.9	protein_coding	SPACA1
ENSG00000118454.13	protein_coding	ANKRD13C
ENSG00000118473.23	protein_coding	SGIP1
ENSG00000118482.12	protein_coding	PHF3
ENSG00000118491.10	protein_coding	ZC2HC1B
ENSG00000118492.18	protein_coding	ADGB
ENSG00000118495.21	protein_coding	PLAGL1
ENSG00000118496.5	protein_coding	FBXO30
ENSG00000118503.17	protein_coding	TNFAIP3
ENSG00000118507.19	protein_coding	AKAP7
ENSG00000118508.5	protein_coding	RAB32
ENSG00000118513.20	protein_coding	MYB
ENSG00000118514.14	protein_coding	ALDH8A1
ENSG00000118515.12	protein_coding	SGK1
ENSG00000118518.17	protein_coding	RNF146
ENSG00000118520.15	protein_coding	ARG1
ENSG00000118523.6	protein_coding	CCN2
ENSG00000118526.7	protein_coding	TCF21
ENSG00000118557.16	protein_coding	PMFBP1
ENSG00000118564.15	protein_coding	FBXL5
ENSG00000118579.13	protein_coding	MED28
ENSG00000118596.12	protein_coding	SLC16A7
ENSG00000118600.13	protein_coding	RXYLT1
ENSG00000118620.13	protein_coding	ZNF430
ENSG00000118640.11	protein_coding	VAMP8
ENSG00000118655.8	protein_coding	DCLRE1B
ENSG00000118680.14	protein_coding	MYL12B
ENSG00000118689.15	protein_coding	FOXO3
ENSG00000118690.13	protein_coding	ARMC2
ENSG00000118702.11	protein_coding	GHRH
ENSG00000118705.18	protein_coding	RPN2
ENSG00000118707.11	protein_coding	TGIF2
ENSG00000118729.12	protein_coding	CASQ2
ENSG00000118733.17	protein_coding	OLFM3
ENSG00000118762.8	protein_coding	PKD2
ENSG00000118777.12	protein_coding	ABCG2
ENSG00000118785.15	protein_coding	SPP1
ENSG00000118804.9	protein_coding	STBD1
ENSG00000118816.11	protein_coding	CCNI
ENSG00000118849.10	protein_coding	RARRES1
ENSG00000118855.21	protein_coding	MFSD1
ENSG00000118873.17	protein_coding	RAB3GAP2
ENSG00000118894.15	protein_coding	EEF2KMT
ENSG00000118898.16	protein_coding	PPL
ENSG00000118900.15	protein_coding	UBN1
ENSG00000118922.19	protein_coding	KLF12
ENSG00000118939.18	protein_coding	UCHL3
ENSG00000118946.12	protein_coding	PCDH17
ENSG00000118960.13	protein_coding	HS1BP3
ENSG00000118961.15	protein_coding	LDAH
ENSG00000118965.16	protein_coding	WDR35
ENSG00000118971.9	protein_coding	CCND2
ENSG00000118972.3	protein_coding	FGF23
ENSG00000118985.16	protein_coding	ELL2
ENSG00000118997.14	protein_coding	DNAH7
ENSG00000119004.17	protein_coding	CYP20A1
ENSG00000119013.10	protein_coding	NDUFB3
ENSG00000119041.11	protein_coding	GTF3C3
ENSG00000119042.18	protein_coding	SATB2
ENSG00000119048.9	protein_coding	UBE2B
ENSG00000119121.22	protein_coding	TRPM6
ENSG00000119125.17	protein_coding	GDA
ENSG00000119138.5	protein_coding	KLF9
ENSG00000119139.21	protein_coding	TJP2
ENSG00000119147.10	protein_coding	ECRG4
ENSG00000119185.13	protein_coding	ITGB1BP1
ENSG00000119203.14	protein_coding	CPSF3
ENSG00000119227.8	protein_coding	PIGZ
ENSG00000119231.11	protein_coding	SENP5
ENSG00000119242.9	protein_coding	CCDC92
ENSG00000119280.17	protein_coding	C1orf198
ENSG00000119283.16	protein_coding	TRIM67
ENSG00000119285.11	protein_coding	HEATR1
ENSG00000119314.16	protein_coding	PTBP3
ENSG00000119318.13	protein_coding	RAD23B
ENSG00000119321.10	protein_coding	FKBP15
ENSG00000119326.15	protein_coding	CTNNAL1
ENSG00000119328.12	protein_coding	ABITRAM
ENSG00000119333.12	protein_coding	DYNC2I2
ENSG00000119335.18	protein_coding	SET
ENSG00000119383.21	protein_coding	PTPA
ENSG00000119392.16	protein_coding	GLE1
ENSG00000119396.12	protein_coding	RAB14
ENSG00000119397.19	protein_coding	CNTRL
ENSG00000119401.11	protein_coding	TRIM32
ENSG00000119402.18	protein_coding	FBXW2
ENSG00000119403.15	protein_coding	PHF19
ENSG00000119408.17	protein_coding	NEK6
ENSG00000119411.11	protein_coding	BSPRY
ENSG00000119414.12	protein_coding	PPP6C
ENSG00000119421.7	protein_coding	NDUFA8
ENSG00000119431.10	protein_coding	HDHD3
ENSG00000119446.14	protein_coding	RBM18
ENSG00000119457.8	protein_coding	SLC46A2
ENSG00000119471.15	protein_coding	HSDL2
ENSG00000119487.17	protein_coding	MAPKAP1
ENSG00000119508.18	protein_coding	NR4A3
ENSG00000119509.13	protein_coding	INVS
ENSG00000119514.7	protein_coding	GALNT12
ENSG00000119522.18	protein_coding	DENND1A
ENSG00000119523.10	protein_coding	ALG2
ENSG00000119535.19	protein_coding	CSF3R
ENSG00000119537.18	protein_coding	KDSR
ENSG00000119541.10	protein_coding	VPS4B
ENSG00000119547.6	protein_coding	ONECUT2
ENSG00000119559.17	protein_coding	C19orf25
ENSG00000119574.13	protein_coding	ZBTB45
ENSG00000119596.18	protein_coding	YLPM1
ENSG00000119599.17	protein_coding	DCAF4
ENSG00000119608.15	protein_coding	PROX2
ENSG00000119614.3	protein_coding	VSX2
ENSG00000119616.11	protein_coding	FCF1
ENSG00000119630.14	protein_coding	PGF
ENSG00000119632.4	protein_coding	IFI27L2
ENSG00000119636.16	protein_coding	BBOF1
ENSG00000119638.14	protein_coding	NEK9
ENSG00000119640.9	protein_coding	ACYP1
ENSG00000119650.13	protein_coding	IFT43
ENSG00000119655.11	protein_coding	NPC2
ENSG00000119661.15	protein_coding	DNAL1
ENSG00000119669.5	protein_coding	IRF2BPL
ENSG00000119673.16	protein_coding	ACOT2
ENSG00000119681.12	protein_coding	LTBP2
ENSG00000119682.18	protein_coding	AREL1
ENSG00000119684.16	protein_coding	MLH3
ENSG00000119685.20	protein_coding	TTLL5
ENSG00000119686.10	protein_coding	FLVCR2
ENSG00000119688.21	protein_coding	ABCD4
ENSG00000119689.15	protein_coding	DLST
ENSG00000119698.12	protein_coding	PPP4R4
ENSG00000119699.8	protein_coding	TGFB3
ENSG00000119703.15	protein_coding	ZC2HC1C
ENSG00000119705.10	protein_coding	SLIRP
ENSG00000119707.14	protein_coding	RBM25
ENSG00000119711.13	protein_coding	ALDH6A1
ENSG00000119714.11	protein_coding	GPR68
ENSG00000119715.15	protein_coding	ESRRB
ENSG00000119718.11	protein_coding	EIF2B2
ENSG00000119720.18	protein_coding	NRDE2
ENSG00000119723.17	protein_coding	COQ6
ENSG00000119725.21	protein_coding	ZNF410
ENSG00000119729.12	protein_coding	RHOQ
ENSG00000119737.6	protein_coding	GPR75
ENSG00000119760.16	protein_coding	SUPT7L
ENSG00000119771.15	protein_coding	KLHL29
ENSG00000119772.19	protein_coding	DNMT3A
ENSG00000119777.20	protein_coding	TMEM214
ENSG00000119778.15	protein_coding	ATAD2B
ENSG00000119782.14	protein_coding	FKBP1B
ENSG00000119787.14	protein_coding	ATL2
ENSG00000119801.13	protein_coding	YPEL5
ENSG00000119812.20	protein_coding	FAM98A
ENSG00000119820.11	protein_coding	YIPF4
ENSG00000119844.17	protein_coding	AFTPH
ENSG00000119862.13	protein_coding	LGALSL
ENSG00000119865.9	protein_coding	CNRIP1
ENSG00000119866.22	protein_coding	BCL11A
ENSG00000119878.6	protein_coding	CRIPT
ENSG00000119888.11	protein_coding	EPCAM
ENSG00000119899.13	protein_coding	SLC17A5
ENSG00000119900.9	protein_coding	OGFRL1
ENSG00000119906.13	protein_coding	SLF2
ENSG00000119912.18	protein_coding	IDE
ENSG00000119913.6	protein_coding	TECTB
ENSG00000119915.5	protein_coding	ELOVL3
ENSG00000119917.15	protein_coding	IFIT3
ENSG00000119919.12	protein_coding	NKX2-3
ENSG00000119922.11	protein_coding	IFIT2
ENSG00000119927.14	protein_coding	GPAM
ENSG00000119929.13	protein_coding	CUTC
ENSG00000119938.9	protein_coding	PPP1R3C
ENSG00000119943.13	protein_coding	PYROXD2
ENSG00000119946.12	protein_coding	CNNM1
ENSG00000119950.21	protein_coding	MXI1
ENSG00000119953.14	protein_coding	SMNDC1
ENSG00000119965.13	protein_coding	C10orf88
ENSG00000119969.16	protein_coding	HELLS
ENSG00000119973.6	protein_coding	PRLHR
ENSG00000119977.22	protein_coding	TCTN3
ENSG00000119979.18	protein_coding	DENND10
ENSG00000119986.7	protein_coding	AVPI1
ENSG00000120008.16	protein_coding	WDR11
ENSG00000120029.13	protein_coding	ARMH3
ENSG00000120049.20	protein_coding	KCNIP2
ENSG00000120051.15	protein_coding	CFAP58
ENSG00000120053.12	protein_coding	GOT1
ENSG00000120054.12	protein_coding	CPN1
ENSG00000120055.7	protein_coding	C10orf95
ENSG00000120057.5	protein_coding	SFRP5
ENSG00000120063.10	protein_coding	GNA13
ENSG00000120068.7	protein_coding	HOXB8
ENSG00000120071.15	protein_coding	KANSL1
ENSG00000120075.6	protein_coding	HOXB5
ENSG00000120088.16	protein_coding	CRHR1
ENSG00000120093.12	protein_coding	HOXB3
ENSG00000120094.9	protein_coding	HOXB1
ENSG00000120129.6	protein_coding	DUSP1
ENSG00000120137.7	protein_coding	PANK3
ENSG00000120149.9	protein_coding	MSX2
ENSG00000120156.22	protein_coding	TEK
ENSG00000120158.12	protein_coding	RCL1
ENSG00000120159.13	protein_coding	CAAP1
ENSG00000120160.11	protein_coding	EQTN
ENSG00000120162.10	protein_coding	MOB3B
ENSG00000120210.8	protein_coding	INSL6
ENSG00000120211.4	protein_coding	INSL4
ENSG00000120215.10	protein_coding	MLANA
ENSG00000120217.14	protein_coding	CD274
ENSG00000120235.5	protein_coding	IFNA6
ENSG00000120242.4	protein_coding	IFNA8
ENSG00000120251.22	protein_coding	GRIA2
ENSG00000120253.14	protein_coding	NUP43
ENSG00000120254.16	protein_coding	MTHFD1L
ENSG00000120256.11	protein_coding	LRP11
ENSG00000120262.10	protein_coding	CCDC170
ENSG00000120265.21	protein_coding	PCMT1
ENSG00000120278.17	protein_coding	PLEKHG1
ENSG00000120279.7	protein_coding	MYCT1
ENSG00000120280.6	protein_coding	TASL
ENSG00000120289.12	protein_coding	MAGEB4
ENSG00000120306.11	protein_coding	CYSTM1
ENSG00000120314.19	protein_coding	WDR55
ENSG00000120318.16	protein_coding	ARAP3
ENSG00000120322.4	protein_coding	PCDHB8
ENSG00000120324.9	protein_coding	PCDHB10
ENSG00000120327.7	protein_coding	PCDHB14
ENSG00000120328.6	protein_coding	PCDHB12
ENSG00000120329.7	protein_coding	SLC25A2
ENSG00000120332.17	protein_coding	TNN
ENSG00000120333.4	protein_coding	MRPS14
ENSG00000120334.16	protein_coding	CENPL
ENSG00000120337.10	protein_coding	TNFSF18
ENSG00000120341.19	protein_coding	SEC16B
ENSG00000120370.14	protein_coding	GORAB
ENSG00000120436.4	protein_coding	GPR31
ENSG00000120437.9	protein_coding	ACAT2
ENSG00000120438.12	protein_coding	TCP1
ENSG00000120440.15	protein_coding	TTLL2
ENSG00000120451.11	protein_coding	SNX19
ENSG00000120457.12	protein_coding	KCNJ5
ENSG00000120458.13	protein_coding	MSANTD2
ENSG00000120471.16	protein_coding	TP53AIP1
ENSG00000120498.14	protein_coding	TEX11
ENSG00000120500.19	protein_coding	ARR3
ENSG00000120509.12	protein_coding	PDZD11
ENSG00000120519.16	protein_coding	SLC10A7
ENSG00000120526.12	protein_coding	NUDCD1
ENSG00000120533.13	protein_coding	ENY2
ENSG00000120539.15	protein_coding	MASTL
ENSG00000120549.19	protein_coding	KIAA1217
ENSG00000120563.10	protein_coding	LYZL1
ENSG00000120594.17	protein_coding	PLXDC2
ENSG00000120616.16	protein_coding	EPC1
ENSG00000120645.12	protein_coding	IQSEC3
ENSG00000120647.10	protein_coding	CCDC77
ENSG00000120656.14	protein_coding	TAF12
ENSG00000120658.14	protein_coding	ENOX1
ENSG00000120659.16	protein_coding	TNFSF11
ENSG00000120662.16	protein_coding	MTRF1
ENSG00000120669.16	protein_coding	SOHLH2
ENSG00000120675.6	protein_coding	DNAJC15
ENSG00000120685.20	protein_coding	PROSER1
ENSG00000120686.12	protein_coding	UFM1
ENSG00000120688.9	protein_coding	WBP4
ENSG00000120690.16	protein_coding	ELF1
ENSG00000120693.14	protein_coding	SMAD9
ENSG00000120694.20	protein_coding	HSPH1
ENSG00000120696.9	protein_coding	KBTBD7
ENSG00000120697.10	protein_coding	ALG5
ENSG00000120699.14	protein_coding	EXOSC8
ENSG00000120705.13	protein_coding	ETF1
ENSG00000120708.17	protein_coding	TGFBI
ENSG00000120709.11	protein_coding	FAM53C
ENSG00000120725.13	protein_coding	SIL1
ENSG00000120727.13	protein_coding	PAIP2
ENSG00000120729.10	protein_coding	MYOT
ENSG00000120733.14	protein_coding	KDM3B
ENSG00000120738.8	protein_coding	EGR1
ENSG00000120742.11	protein_coding	SERP1
ENSG00000120756.13	protein_coding	PLS1
ENSG00000120784.17	protein_coding	ZFP30
ENSG00000120798.17	protein_coding	NR2C1
ENSG00000120800.5	protein_coding	UTP20
ENSG00000120802.14	protein_coding	TMPO
ENSG00000120805.14	protein_coding	ARL1
ENSG00000120820.13	protein_coding	GLT8D2
ENSG00000120832.10	protein_coding	MTERF2
ENSG00000120833.14	protein_coding	SOCS2
ENSG00000120837.8	protein_coding	NFYB
ENSG00000120860.11	protein_coding	WASHC3
ENSG00000120868.14	protein_coding	APAF1
ENSG00000120875.9	protein_coding	DUSP4
ENSG00000120885.22	protein_coding	CLU
ENSG00000120889.13	protein_coding	TNFRSF10B
ENSG00000120896.14	protein_coding	SORBS3
ENSG00000120899.18	protein_coding	PTK2B
ENSG00000120903.13	protein_coding	CHRNA2
ENSG00000120907.18	protein_coding	ADRA1A
ENSG00000120910.15	protein_coding	PPP3CC
ENSG00000120913.24	protein_coding	PDLIM2
ENSG00000120915.14	protein_coding	EPHX2
ENSG00000120925.16	protein_coding	RNF170
ENSG00000120937.9	protein_coding	NPPB
ENSG00000120942.14	protein_coding	UBIAD1
ENSG00000120948.19	protein_coding	TARDBP
ENSG00000120949.15	protein_coding	TNFRSF8
ENSG00000120952.4	protein_coding	PRAMEF2
ENSG00000120963.12	protein_coding	ZNF706
ENSG00000120992.18	protein_coding	LYPLA1
ENSG00000121005.9	protein_coding	CRISPLD1
ENSG00000121022.14	protein_coding	COPS5
ENSG00000121039.10	protein_coding	RDH10
ENSG00000121053.6	protein_coding	EPX
ENSG00000121057.13	protein_coding	AKAP1
ENSG00000121058.5	protein_coding	COIL
ENSG00000121060.19	protein_coding	TRIM25
ENSG00000121064.13	protein_coding	SCPEP1
ENSG00000121067.19	protein_coding	SPOP
ENSG00000121068.14	protein_coding	TBX2
ENSG00000121073.15	protein_coding	SLC35B1
ENSG00000121075.11	protein_coding	TBX4
ENSG00000121101.16	protein_coding	TEX14
ENSG00000121104.8	protein_coding	FAM117A
ENSG00000121152.10	protein_coding	NCAPH
ENSG00000121207.12	protein_coding	LRAT
ENSG00000121210.16	protein_coding	TMEM131L
ENSG00000121211.8	protein_coding	MND1
ENSG00000121236.21	protein_coding	TRIM6
ENSG00000121270.16	protein_coding	ABCC11
ENSG00000121274.14	protein_coding	TENT4B
ENSG00000121281.13	protein_coding	ADCY7
ENSG00000121289.18	protein_coding	CEP89
ENSG00000121297.8	protein_coding	TSHZ3
ENSG00000121310.17	protein_coding	ECHDC2
ENSG00000121314.3	protein_coding	TAS2R8
ENSG00000121316.11	protein_coding	PLBD1
ENSG00000121318.3	protein_coding	TAS2R10
ENSG00000121335.12	protein_coding	PRB2
ENSG00000121350.16	protein_coding	PYROXD1
ENSG00000121351.8	protein_coding	IAPP
ENSG00000121361.5	protein_coding	KCNJ8
ENSG00000121377.2	protein_coding	TAS2R7
ENSG00000121380.12	protein_coding	BCL2L14
ENSG00000121381.4	protein_coding	TAS2R9
ENSG00000121390.19	protein_coding	PSPC1
ENSG00000121406.9	protein_coding	ZNF549
ENSG00000121410.12	protein_coding	A1BG
ENSG00000121413.13	protein_coding	ZSCAN18
ENSG00000121417.14	protein_coding	ZNF211
ENSG00000121440.15	protein_coding	PDZRN3
ENSG00000121446.20	protein_coding	RGSL1
ENSG00000121454.6	protein_coding	LHX4
ENSG00000121481.11	protein_coding	RNF2
ENSG00000121486.12	protein_coding	TRMT1L
ENSG00000121542.12	protein_coding	SEC22A
ENSG00000121552.4	protein_coding	CSTA
ENSG00000121570.13	protein_coding	DPPA4
ENSG00000121577.14	protein_coding	POPDC2
ENSG00000121578.13	protein_coding	B4GALT4
ENSG00000121579.14	protein_coding	NAA50
ENSG00000121594.12	protein_coding	CD80
ENSG00000121621.7	protein_coding	KIF18A
ENSG00000121634.6	protein_coding	GJA8
ENSG00000121644.19	protein_coding	DESI2
ENSG00000121653.11	protein_coding	MAPK8IP1
ENSG00000121671.12	protein_coding	CRY2
ENSG00000121680.16	protein_coding	PEX16
ENSG00000121690.11	protein_coding	DEPDC7
ENSG00000121691.7	protein_coding	CAT
ENSG00000121716.21	protein_coding	PILRB
ENSG00000121741.17	protein_coding	ZMYM2
ENSG00000121742.19	protein_coding	GJB6
ENSG00000121743.4	protein_coding	GJA3
ENSG00000121749.16	protein_coding	TBC1D15
ENSG00000121753.13	protein_coding	ADGRB2
ENSG00000121764.12	protein_coding	HCRTR1
ENSG00000121766.16	protein_coding	ZCCHC17
ENSG00000121769.8	protein_coding	FABP3
ENSG00000121774.18	protein_coding	KHDRBS1
ENSG00000121775.18	protein_coding	TMEM39B
ENSG00000121797.10	protein_coding	CCRL2
ENSG00000121807.7	protein_coding	CCR2
ENSG00000121851.13	protein_coding	POLR3GL
ENSG00000121853.4	protein_coding	GHSR
ENSG00000121858.11	protein_coding	TNFSF10
ENSG00000121864.10	protein_coding	ZNF639
ENSG00000121871.4	protein_coding	SLITRK3
ENSG00000121879.6	protein_coding	PIK3CA
ENSG00000121892.15	protein_coding	PDS5A
ENSG00000121895.8	protein_coding	TMEM156
ENSG00000121897.15	protein_coding	LIAS
ENSG00000121898.13	protein_coding	CPXM2
ENSG00000121900.19	protein_coding	TMEM54
ENSG00000121903.15	protein_coding	ZSCAN20
ENSG00000121904.19	protein_coding	CSMD2
ENSG00000121905.10	protein_coding	HPCA
ENSG00000121931.16	protein_coding	LRIF1
ENSG00000121933.19	protein_coding	TMIGD3
ENSG00000121940.17	protein_coding	CLCC1
ENSG00000121957.15	protein_coding	GPSM2
ENSG00000121964.15	protein_coding	GTDC1
ENSG00000121966.8	protein_coding	CXCR4
ENSG00000121988.18	protein_coding	ZRANB3
ENSG00000121989.15	protein_coding	ACVR2A
ENSG00000122008.16	protein_coding	POLK
ENSG00000122012.14	protein_coding	SV2C
ENSG00000122025.15	protein_coding	FLT3
ENSG00000122026.11	protein_coding	RPL21
ENSG00000122033.15	protein_coding	MTIF3
ENSG00000122034.17	protein_coding	GTF3A
ENSG00000122035.7	protein_coding	RASL11A
ENSG00000122042.10	protein_coding	UBL3
ENSG00000122068.13	protein_coding	FYTTD1
ENSG00000122085.17	protein_coding	MTERF4
ENSG00000122121.12	protein_coding	XPNPEP2
ENSG00000122122.10	protein_coding	SASH3
ENSG00000122126.18	protein_coding	OCRL
ENSG00000122133.17	protein_coding	PAEP
ENSG00000122136.14	protein_coding	OBP2A
ENSG00000122140.13	protein_coding	MRPS2
ENSG00000122145.15	protein_coding	TBX22
ENSG00000122176.12	protein_coding	FMOD
ENSG00000122180.5	protein_coding	MYOG
ENSG00000122188.13	protein_coding	LAX1
ENSG00000122194.20	protein_coding	PLG
ENSG00000122203.15	protein_coding	KIAA1191
ENSG00000122218.17	protein_coding	COPA
ENSG00000122223.13	protein_coding	CD244
ENSG00000122224.18	protein_coding	LY9
ENSG00000122254.7	protein_coding	HS3ST2
ENSG00000122257.20	protein_coding	RBBP6
ENSG00000122299.12	protein_coding	ZC3H7A
ENSG00000122304.11	protein_coding	PRM2
ENSG00000122335.17	protein_coding	SERAC1
ENSG00000122359.18	protein_coding	ANXA11
ENSG00000122367.21	protein_coding	LDB3
ENSG00000122375.13	protein_coding	OPN4
ENSG00000122376.12	protein_coding	SHLD2
ENSG00000122378.14	protein_coding	PRXL2A
ENSG00000122386.11	protein_coding	ZNF205
ENSG00000122390.19	protein_coding	NAA60
ENSG00000122406.14	protein_coding	RPL5
ENSG00000122417.16	protein_coding	ODF2L
ENSG00000122420.10	protein_coding	PTGFR
ENSG00000122432.19	protein_coding	SPATA1
ENSG00000122435.11	protein_coding	TRMT13
ENSG00000122477.13	protein_coding	LRRC39
ENSG00000122481.17	protein_coding	RWDD3
ENSG00000122482.22	protein_coding	ZNF644
ENSG00000122483.18	protein_coding	CCDC18
ENSG00000122484.9	protein_coding	RPAP2
ENSG00000122490.19	protein_coding	SLC66A2
ENSG00000122507.21	protein_coding	BBS9
ENSG00000122512.17	protein_coding	PMS2
ENSG00000122515.16	protein_coding	ZMIZ2
ENSG00000122543.11	protein_coding	OCM
ENSG00000122545.22	protein_coding	SEPTIN7
ENSG00000122547.11	protein_coding	EEPD1
ENSG00000122550.18	protein_coding	KLHL7
ENSG00000122557.11	protein_coding	HERPUD2
ENSG00000122565.19	protein_coding	CBX3
ENSG00000122566.22	protein_coding	HNRNPA2B1
ENSG00000122574.12	protein_coding	WIPF3
ENSG00000122584.13	protein_coding	NXPH1
ENSG00000122585.8	protein_coding	NPY
ENSG00000122591.13	protein_coding	HYCC1
ENSG00000122592.8	protein_coding	HOXA7
ENSG00000122641.11	protein_coding	INHBA
ENSG00000122642.11	protein_coding	FKBP9
ENSG00000122643.23	protein_coding	NT5C3A
ENSG00000122644.13	protein_coding	ARL4A
ENSG00000122674.12	protein_coding	CCZ1
ENSG00000122678.17	protein_coding	POLM
ENSG00000122679.8	protein_coding	RAMP3
ENSG00000122687.19	protein_coding	MRM2
ENSG00000122691.13	protein_coding	TWIST1
ENSG00000122692.9	protein_coding	SMU1
ENSG00000122694.16	protein_coding	GLIPR2
ENSG00000122696.14	protein_coding	SLC25A51
ENSG00000122705.18	protein_coding	CLTA
ENSG00000122707.12	protein_coding	RECK
ENSG00000122711.9	protein_coding	SPINK4
ENSG00000122728.6	protein_coding	TAF1L
ENSG00000122729.19	protein_coding	ACO1
ENSG00000122733.12	protein_coding	PHF24
ENSG00000122735.16	protein_coding	DNAI1
ENSG00000122741.16	protein_coding	DCAF10
ENSG00000122756.15	protein_coding	CNTFR
ENSG00000122778.10	protein_coding	KIAA1549
ENSG00000122779.18	protein_coding	TRIM24
ENSG00000122783.17	protein_coding	CYREN
ENSG00000122786.20	protein_coding	CALD1
ENSG00000122787.15	protein_coding	AKR1D1
ENSG00000122824.11	protein_coding	NUDT10
ENSG00000122852.15	protein_coding	SFTPA1
ENSG00000122859.5	protein_coding	NEUROG3
ENSG00000122861.16	protein_coding	PLAU
ENSG00000122862.5	protein_coding	SRGN
ENSG00000122863.6	protein_coding	CHST3
ENSG00000122870.12	protein_coding	BICC1
ENSG00000122873.12	protein_coding	CISD1
ENSG00000122877.18	protein_coding	EGR2
ENSG00000122882.11	protein_coding	ECD
ENSG00000122884.13	protein_coding	P4HA1
ENSG00000122912.15	protein_coding	SLC25A16
ENSG00000122952.17	protein_coding	ZWINT
ENSG00000122958.15	protein_coding	VPS26A
ENSG00000122965.11	protein_coding	RBM19
ENSG00000122966.17	protein_coding	CIT
ENSG00000122970.16	protein_coding	IFT81
ENSG00000122971.9	protein_coding	ACADS
ENSG00000122986.14	protein_coding	HVCN1
ENSG00000123064.13	protein_coding	DDX54
ENSG00000123066.9	protein_coding	MED13L
ENSG00000123080.12	protein_coding	CDKN2C
ENSG00000123091.5	protein_coding	RNF11
ENSG00000123094.16	protein_coding	RASSF8
ENSG00000123095.6	protein_coding	BHLHE41
ENSG00000123096.12	protein_coding	SSPN
ENSG00000123104.12	protein_coding	ITPR2
ENSG00000123106.11	protein_coding	CCDC91
ENSG00000123119.12	protein_coding	NECAB1
ENSG00000123124.14	protein_coding	WWP1
ENSG00000123130.17	protein_coding	ACOT9
ENSG00000123131.13	protein_coding	PRDX4
ENSG00000123136.15	protein_coding	DDX39A
ENSG00000123143.13	protein_coding	PKN1
ENSG00000123144.11	protein_coding	TRIR
ENSG00000123146.20	protein_coding	ADGRE5
ENSG00000123154.12	protein_coding	WDR83
ENSG00000123159.16	protein_coding	GIPC1
ENSG00000123165.9	protein_coding	ACTRT1
ENSG00000123171.8	protein_coding	CCDC70
ENSG00000123178.15	protein_coding	SPRYD7
ENSG00000123179.14	protein_coding	EBPL
ENSG00000123191.16	protein_coding	ATP7B
ENSG00000123200.17	protein_coding	ZC3H13
ENSG00000123213.23	protein_coding	NLN
ENSG00000123219.13	protein_coding	CENPK
ENSG00000123240.17	protein_coding	OPTN
ENSG00000123243.15	protein_coding	ITIH5
ENSG00000123268.9	protein_coding	ATF1
ENSG00000123297.20	protein_coding	TSFM
ENSG00000123307.4	protein_coding	NEUROD4
ENSG00000123329.20	protein_coding	ARHGAP9
ENSG00000123338.13	protein_coding	NCKAP1L
ENSG00000123342.16	protein_coding	MMP19
ENSG00000123349.15	protein_coding	PFDN5
ENSG00000123352.18	protein_coding	SPATS2
ENSG00000123353.10	protein_coding	ORMDL2
ENSG00000123358.20	protein_coding	NR4A1
ENSG00000123360.12	protein_coding	PDE1B
ENSG00000123364.5	protein_coding	HOXC13
ENSG00000123374.11	protein_coding	CDK2
ENSG00000123384.14	protein_coding	LRP1
ENSG00000123388.4	protein_coding	HOXC11
ENSG00000123395.15	protein_coding	ATG101
ENSG00000123405.14	protein_coding	NFE2
ENSG00000123407.4	protein_coding	HOXC12
ENSG00000123411.15	protein_coding	IKZF4
ENSG00000123415.16	protein_coding	SMUG1
ENSG00000123416.15	protein_coding	TUBA1B
ENSG00000123427.17	protein_coding	EEF1AKMT3
ENSG00000123444.14	protein_coding	KBTBD4
ENSG00000123453.19	protein_coding	SARDH
ENSG00000123454.12	protein_coding	DBH
ENSG00000123472.13	protein_coding	ATPAF1
ENSG00000123473.17	protein_coding	STIL
ENSG00000123485.12	protein_coding	HJURP
ENSG00000123496.8	protein_coding	IL13RA2
ENSG00000123500.10	protein_coding	COL10A1
ENSG00000123505.19	protein_coding	AMD1
ENSG00000123545.6	protein_coding	NDUFAF4
ENSG00000123552.18	protein_coding	USP45
ENSG00000123560.14	protein_coding	PLP1
ENSG00000123561.15	protein_coding	SERPINA7
ENSG00000123562.18	protein_coding	MORF4L2
ENSG00000123569.10	protein_coding	H2BW1
ENSG00000123570.4	protein_coding	RAB9B
ENSG00000123572.17	protein_coding	NRK
ENSG00000123575.9	protein_coding	FAM199X
ENSG00000123576.5	protein_coding	ESX1
ENSG00000123584.7	protein_coding	MAGEA9
ENSG00000123594.7	protein_coding	ATXN3L
ENSG00000123595.8	protein_coding	RAB9A
ENSG00000123600.21	protein_coding	METTL8
ENSG00000123607.16	protein_coding	TTC21B
ENSG00000123609.11	protein_coding	NMI
ENSG00000123610.5	protein_coding	TNFAIP6
ENSG00000123612.16	protein_coding	ACVR1C
ENSG00000123636.19	protein_coding	BAZ2B
ENSG00000123643.13	protein_coding	SLC36A1
ENSG00000123684.13	protein_coding	LPGAT1
ENSG00000123685.9	protein_coding	BATF3
ENSG00000123689.6	protein_coding	G0S2
ENSG00000123700.5	protein_coding	KCNJ2
ENSG00000123728.10	protein_coding	RAP2C
ENSG00000123737.13	protein_coding	EXOSC9
ENSG00000123739.11	protein_coding	PLA2G12A
ENSG00000123810.9	protein_coding	B9D2
ENSG00000123815.13	protein_coding	COQ8B
ENSG00000123836.15	protein_coding	PFKFB2
ENSG00000123838.11	protein_coding	C4BPA
ENSG00000123843.13	protein_coding	C4BPB
ENSG00000123892.12	protein_coding	RAB38
ENSG00000123901.9	protein_coding	GPR83
ENSG00000123908.12	protein_coding	AGO2
ENSG00000123933.17	protein_coding	MXD4
ENSG00000123975.5	protein_coding	CKS2
ENSG00000123977.10	protein_coding	DAW1
ENSG00000123983.15	protein_coding	ACSL3
ENSG00000123989.15	protein_coding	CHPF
ENSG00000123992.20	protein_coding	DNPEP
ENSG00000123999.5	protein_coding	INHA
ENSG00000124003.13	protein_coding	MOGAT1
ENSG00000124006.15	protein_coding	OBSL1
ENSG00000124019.10	protein_coding	FAM124B
ENSG00000124067.17	protein_coding	SLC12A4
ENSG00000124074.12	protein_coding	ENKD1
ENSG00000124089.4	protein_coding	MC3R
ENSG00000124091.10	protein_coding	GCNT7
ENSG00000124092.13	protein_coding	CTCFL
ENSG00000124097.8	protein_coding	HMGB1P1
ENSG00000124098.10	protein_coding	FAM210B
ENSG00000124102.5	protein_coding	PI3
ENSG00000124103.10	protein_coding	FAM209A
ENSG00000124104.19	protein_coding	SNX21
ENSG00000124107.5	protein_coding	SLPI
ENSG00000124116.19	protein_coding	WFDC3
ENSG00000124120.11	protein_coding	TTPAL
ENSG00000124126.14	protein_coding	PREX1
ENSG00000124134.9	protein_coding	KCNS1
ENSG00000124140.15	protein_coding	SLC12A5
ENSG00000124143.11	protein_coding	ARHGAP40
ENSG00000124145.6	protein_coding	SDC4
ENSG00000124151.19	protein_coding	NCOA3
ENSG00000124155.19	protein_coding	PIGT
ENSG00000124157.7	protein_coding	SEMG2
ENSG00000124159.17	protein_coding	MATN4
ENSG00000124160.12	protein_coding	NCOA5
ENSG00000124164.16	protein_coding	VAPB
ENSG00000124171.9	protein_coding	PARD6B
ENSG00000124172.10	protein_coding	ATP5F1E
ENSG00000124177.16	protein_coding	CHD6
ENSG00000124181.15	protein_coding	PLCG1
ENSG00000124191.18	protein_coding	TOX2
ENSG00000124193.16	protein_coding	SRSF6
ENSG00000124194.17	protein_coding	GDAP1L1
ENSG00000124196.6	protein_coding	GTSF1L
ENSG00000124198.10	protein_coding	ARFGEF2
ENSG00000124201.15	protein_coding	ZNFX1
ENSG00000124203.7	protein_coding	ZNF831
ENSG00000124205.18	protein_coding	EDN3
ENSG00000124207.17	protein_coding	CSE1L
ENSG00000124208.16	protein_coding	PEDS1-UBE2V1
ENSG00000124209.4	protein_coding	RAB22A
ENSG00000124212.6	protein_coding	PTGIS
ENSG00000124214.21	protein_coding	STAU1
ENSG00000124215.17	protein_coding	CDH26
ENSG00000124216.4	protein_coding	SNAI1
ENSG00000124217.5	protein_coding	MOCS3
ENSG00000124222.22	protein_coding	STX16
ENSG00000124225.16	protein_coding	PMEPA1
ENSG00000124226.11	protein_coding	RNF114
ENSG00000124227.6	protein_coding	ANKRD60
ENSG00000124228.15	protein_coding	DDX27
ENSG00000124232.11	protein_coding	RBPJL
ENSG00000124233.12	protein_coding	SEMG1
ENSG00000124237.6	protein_coding	C20orf85
ENSG00000124243.19	protein_coding	BCAS4
ENSG00000124249.7	protein_coding	KCNK15
ENSG00000124251.11	protein_coding	TP53TG5
ENSG00000124253.11	protein_coding	PCK1
ENSG00000124256.15	protein_coding	ZBP1
ENSG00000124257.7	protein_coding	NEURL2
ENSG00000124260.12	protein_coding	MAGEA10
ENSG00000124275.15	protein_coding	MTRR
ENSG00000124279.12	protein_coding	FASTKD3
ENSG00000124299.16	protein_coding	PEPD
ENSG00000124302.13	protein_coding	CHST8
ENSG00000124313.19	protein_coding	IQSEC2
ENSG00000124333.16	protein_coding	VAMP7
ENSG00000124333.16_PAR_Y	protein_coding	VAMP7
ENSG00000124334.18	protein_coding	IL9R
ENSG00000124334.18_PAR_Y	protein_coding	IL9R
ENSG00000124343.14	protein_coding	XG
ENSG00000124356.17	protein_coding	STAMBP
ENSG00000124357.13	protein_coding	NAGK
ENSG00000124370.11	protein_coding	MCEE
ENSG00000124374.9	protein_coding	PAIP2B
ENSG00000124380.11	protein_coding	SNRNP27
ENSG00000124383.11	protein_coding	MPHOSPH10
ENSG00000124391.5	protein_coding	IL17C
ENSG00000124406.17	protein_coding	ATP8A1
ENSG00000124422.12	protein_coding	USP22
ENSG00000124429.18	protein_coding	POF1B
ENSG00000124440.16	protein_coding	HIF3A
ENSG00000124444.16	protein_coding	ZNF576
ENSG00000124449.7	protein_coding	IRGC
ENSG00000124459.12	protein_coding	ZNF45
ENSG00000124466.9	protein_coding	LYPD3
ENSG00000124467.20	protein_coding	PSG8
ENSG00000124469.12	protein_coding	CEACAM8
ENSG00000124479.11	protein_coding	NDP
ENSG00000124486.15	protein_coding	USP9X
ENSG00000124490.14	protein_coding	CRISP2
ENSG00000124491.16	protein_coding	F13A1
ENSG00000124493.14	protein_coding	GRM4
ENSG00000124496.13	protein_coding	TRERF1
ENSG00000124507.11	protein_coding	PACSIN1
ENSG00000124508.17	protein_coding	BTN2A2
ENSG00000124523.17	protein_coding	SIRT5
ENSG00000124532.15	protein_coding	MRS2
ENSG00000124535.16	protein_coding	WRNIP1
ENSG00000124541.7	protein_coding	RRP36
ENSG00000124557.14	protein_coding	BTN1A1
ENSG00000124562.10	protein_coding	SNRPC
ENSG00000124564.17	protein_coding	SLC17A3
ENSG00000124568.12	protein_coding	SLC17A1
ENSG00000124570.21	protein_coding	SERPINB6
ENSG00000124571.18	protein_coding	XPO5
ENSG00000124574.15	protein_coding	ABCC10
ENSG00000124575.7	protein_coding	H1-3
ENSG00000124587.14	protein_coding	PEX6
ENSG00000124588.22	protein_coding	NQO2
ENSG00000124593.16	protein_coding	ENSG00000124593
ENSG00000124596.17	protein_coding	OARD1
ENSG00000124602.10	protein_coding	UNC5CL
ENSG00000124608.5	protein_coding	AARS2
ENSG00000124610.5	protein_coding	H1-1
ENSG00000124613.9	protein_coding	ZNF391
ENSG00000124614.17	protein_coding	RPS10
ENSG00000124615.20	protein_coding	MOCS1
ENSG00000124635.9	protein_coding	H2BC11
ENSG00000124641.16	protein_coding	MED20
ENSG00000124657.1	protein_coding	OR2B6
ENSG00000124659.7	protein_coding	TBCC
ENSG00000124664.11	protein_coding	SPDEF
ENSG00000124678.20	protein_coding	TCP11
ENSG00000124688.14	protein_coding	MAD2L1BP
ENSG00000124701.6	protein_coding	APOBEC2
ENSG00000124702.19	protein_coding	KLHDC3
ENSG00000124713.6	protein_coding	GNMT
ENSG00000124721.18	protein_coding	DNAH8
ENSG00000124731.13	protein_coding	TREM1
ENSG00000124733.5	protein_coding	MEA1
ENSG00000124743.6	protein_coding	KLHL31
ENSG00000124749.17	protein_coding	COL21A1
ENSG00000124762.14	protein_coding	CDKN1A
ENSG00000124766.7	protein_coding	SOX4
ENSG00000124767.7	protein_coding	GLO1
ENSG00000124772.12	protein_coding	CPNE5
ENSG00000124780.14	protein_coding	KCNK17
ENSG00000124782.21	protein_coding	RREB1
ENSG00000124783.14	protein_coding	SSR1
ENSG00000124784.9	protein_coding	RIOK1
ENSG00000124785.9	protein_coding	NRN1
ENSG00000124786.12	protein_coding	SLC35B3
ENSG00000124787.14	protein_coding	RPP40
ENSG00000124788.19	protein_coding	ATXN1
ENSG00000124789.12	protein_coding	NUP153
ENSG00000124795.17	protein_coding	DEK
ENSG00000124802.12	protein_coding	EEF1E1
ENSG00000124812.15	protein_coding	CRISP1
ENSG00000124813.23	protein_coding	RUNX2
ENSG00000124818.15	protein_coding	OPN5
ENSG00000124827.7	protein_coding	GCM2
ENSG00000124831.20	protein_coding	LRRFIP1
ENSG00000124839.13	protein_coding	RAB17
ENSG00000124875.10	protein_coding	CXCL6
ENSG00000124882.4	protein_coding	EREG
ENSG00000124900.12	protein_coding	TRIM51
ENSG00000124920.14	protein_coding	MYRF
ENSG00000124935.4	protein_coding	SCGB1D2
ENSG00000124939.6	protein_coding	SCGB2A1
ENSG00000124942.14	protein_coding	AHNAK
ENSG00000125037.13	protein_coding	EMC3
ENSG00000125046.16	protein_coding	SSUH2
ENSG00000125084.13	protein_coding	WNT1
ENSG00000125089.18	protein_coding	SH3TC1
ENSG00000125107.19	protein_coding	CNOT1
ENSG00000125124.14	protein_coding	BBS2
ENSG00000125144.14	protein_coding	MT1G
ENSG00000125148.7	protein_coding	MT2A
ENSG00000125149.12	protein_coding	PHAF1
ENSG00000125166.13	protein_coding	GOT2
ENSG00000125170.11	protein_coding	DOK4
ENSG00000125207.7	protein_coding	PIWIL1
ENSG00000125245.14	protein_coding	GPR18
ENSG00000125246.16	protein_coding	CLYBL
ENSG00000125247.16	protein_coding	TMTC4
ENSG00000125249.7	protein_coding	RAP2A
ENSG00000125255.7	protein_coding	SLC10A2
ENSG00000125257.16	protein_coding	ABCC4
ENSG00000125266.8	protein_coding	EFNB2
ENSG00000125285.6	protein_coding	SOX21
ENSG00000125304.10	protein_coding	TM9SF2
ENSG00000125319.15	protein_coding	HROB
ENSG00000125337.21	protein_coding	KIF25
ENSG00000125347.15	protein_coding	IRF1
ENSG00000125351.14	protein_coding	UPF3B
ENSG00000125352.6	protein_coding	RNF113A
ENSG00000125354.24	protein_coding	SEPTIN6
ENSG00000125355.16	protein_coding	TMEM255A
ENSG00000125356.7	protein_coding	NDUFA1
ENSG00000125363.14	protein_coding	AMELX
ENSG00000125375.18	protein_coding	DMAC2L
ENSG00000125378.16	protein_coding	BMP4
ENSG00000125384.7	protein_coding	PTGER2
ENSG00000125386.16	protein_coding	FAM193A
ENSG00000125388.20	protein_coding	GRK4
ENSG00000125398.8	protein_coding	SOX9
ENSG00000125409.13	protein_coding	TEKT3
ENSG00000125414.19	protein_coding	MYH2
ENSG00000125430.9	protein_coding	HS3ST3B1
ENSG00000125434.11	protein_coding	SLC25A35
ENSG00000125445.11	protein_coding	MRPS7
ENSG00000125447.18	protein_coding	GGA3
ENSG00000125449.7	protein_coding	ARMC7
ENSG00000125450.11	protein_coding	NUP85
ENSG00000125454.12	protein_coding	SLC25A19
ENSG00000125457.15	protein_coding	MIF4GD
ENSG00000125458.7	protein_coding	NT5C
ENSG00000125459.18	protein_coding	MSTO1
ENSG00000125482.13	protein_coding	TTF1
ENSG00000125484.12	protein_coding	GTF3C4
ENSG00000125485.18	protein_coding	DDX31
ENSG00000125492.10	protein_coding	BARHL1
ENSG00000125498.20	protein_coding	KIR2DL1
ENSG00000125503.13	protein_coding	PPP1R12C
ENSG00000125505.17	protein_coding	MBOAT7
ENSG00000125508.4	protein_coding	SRMS
ENSG00000125510.18	protein_coding	OPRL1
ENSG00000125520.14	protein_coding	SLC2A4RG
ENSG00000125522.4	protein_coding	NPBWR2
ENSG00000125531.7	protein_coding	FNDC11
ENSG00000125533.6	protein_coding	BHLHE23
ENSG00000125534.10	protein_coding	PPDPF
ENSG00000125538.12	protein_coding	IL1B
ENSG00000125551.19	protein_coding	PLGLB2
ENSG00000125571.10	protein_coding	IL37
ENSG00000125611.16	protein_coding	CHCHD5
ENSG00000125618.18	protein_coding	PAX8
ENSG00000125629.16	protein_coding	INSIG2
ENSG00000125630.16	protein_coding	POLR1B
ENSG00000125633.11	protein_coding	CCDC93
ENSG00000125637.16	protein_coding	PSD4
ENSG00000125648.15	protein_coding	SLC25A23
ENSG00000125650.5	protein_coding	PSPN
ENSG00000125651.14	protein_coding	GTF2F1
ENSG00000125652.8	protein_coding	ALKBH7
ENSG00000125656.11	protein_coding	CLPP
ENSG00000125657.5	protein_coding	TNFSF9
ENSG00000125675.20	protein_coding	GRIA3
ENSG00000125676.20	protein_coding	THOC2
ENSG00000125686.12	protein_coding	MED1
ENSG00000125691.14	protein_coding	RPL23
ENSG00000125695.12	protein_coding	ENSG00000125695
ENSG00000125703.15	protein_coding	ATG4C
ENSG00000125726.11	protein_coding	CD70
ENSG00000125730.18	protein_coding	C3
ENSG00000125731.13	protein_coding	SH2D3A
ENSG00000125733.18	protein_coding	TRIP10
ENSG00000125734.16	protein_coding	GPR108
ENSG00000125735.11	protein_coding	TNFSF14
ENSG00000125740.14	protein_coding	FOSB
ENSG00000125741.6	protein_coding	OPA3
ENSG00000125743.11	protein_coding	SNRPD2
ENSG00000125744.12	protein_coding	RTN2
ENSG00000125746.18	protein_coding	EML2
ENSG00000125753.15	protein_coding	VASP
ENSG00000125755.19	protein_coding	SYMPK
ENSG00000125772.14	protein_coding	GPCPD1
ENSG00000125775.15	protein_coding	SDCBP2
ENSG00000125779.24	protein_coding	PANK2
ENSG00000125780.12	protein_coding	TGM3
ENSG00000125787.11	protein_coding	GNRH2
ENSG00000125788.6	protein_coding	DEFB126
ENSG00000125798.15	protein_coding	FOXA2
ENSG00000125810.10	protein_coding	CD93
ENSG00000125812.16	protein_coding	GZF1
ENSG00000125813.15	protein_coding	PAX1
ENSG00000125814.17	protein_coding	NAPB
ENSG00000125815.9	protein_coding	CST8
ENSG00000125816.5	protein_coding	NKX2-4
ENSG00000125817.8	protein_coding	CENPB
ENSG00000125818.18	protein_coding	PSMF1
ENSG00000125820.6	protein_coding	NKX2-2
ENSG00000125821.13	protein_coding	DTD1
ENSG00000125823.13	protein_coding	CSTL1
ENSG00000125826.22	protein_coding	RBCK1
ENSG00000125827.9	protein_coding	TMX4
ENSG00000125831.10	protein_coding	CST11
ENSG00000125834.13	protein_coding	STK35
ENSG00000125835.20	protein_coding	SNRPB
ENSG00000125841.13	protein_coding	NRSN2
ENSG00000125843.11	protein_coding	AP5S1
ENSG00000125844.17	protein_coding	RRBP1
ENSG00000125845.7	protein_coding	BMP2
ENSG00000125846.17	protein_coding	ZNF133
ENSG00000125848.10	protein_coding	FLRT3
ENSG00000125850.11	protein_coding	OVOL2
ENSG00000125851.10	protein_coding	PCSK2
ENSG00000125861.16	protein_coding	GFRA4
ENSG00000125863.20	protein_coding	MKKS
ENSG00000125864.14	protein_coding	BFSP1
ENSG00000125868.16	protein_coding	DSTN
ENSG00000125869.10	protein_coding	LAMP5
ENSG00000125870.11	protein_coding	SNRPB2
ENSG00000125871.14	protein_coding	MGME1
ENSG00000125872.9	protein_coding	LRRN4
ENSG00000125875.15	protein_coding	TBC1D20
ENSG00000125877.13	protein_coding	ITPA
ENSG00000125878.7	protein_coding	TCF15
ENSG00000125879.5	protein_coding	OTOR
ENSG00000125885.13	protein_coding	MCM8
ENSG00000125888.15	protein_coding	BANF2
ENSG00000125895.6	protein_coding	TMEM74B
ENSG00000125898.13	protein_coding	FAM110A
ENSG00000125900.13	protein_coding	SIRPD
ENSG00000125901.6	protein_coding	MRPS26
ENSG00000125903.4	protein_coding	DEFB129
ENSG00000125910.6	protein_coding	S1PR4
ENSG00000125912.11	protein_coding	NCLN
ENSG00000125931.11	protein_coding	CITED1
ENSG00000125944.21	protein_coding	HNRNPR
ENSG00000125945.15	protein_coding	ZNF436
ENSG00000125952.20	protein_coding	MAX
ENSG00000125954.13	protein_coding	CHURC1-FNTB
ENSG00000125962.16	protein_coding	ARMCX5
ENSG00000125965.9	protein_coding	GDF5
ENSG00000125966.10	protein_coding	MMP24
ENSG00000125967.17	protein_coding	NECAB3
ENSG00000125968.9	protein_coding	ID1
ENSG00000125970.12	protein_coding	RALY
ENSG00000125971.18	protein_coding	DYNLRB1
ENSG00000125975.14	protein_coding	C20orf173
ENSG00000125977.7	protein_coding	EIF2S2
ENSG00000125991.21	protein_coding	ERGIC3
ENSG00000125995.16	protein_coding	ROMO1
ENSG00000125998.8	protein_coding	FAM83C
ENSG00000125999.11	protein_coding	BPIFB1
ENSG00000126001.17	protein_coding	CEP250
ENSG00000126003.7	protein_coding	PLAGL2
ENSG00000126005.17	protein_coding	MMP24OS
ENSG00000126010.6	protein_coding	GRPR
ENSG00000126012.13	protein_coding	KDM5C
ENSG00000126016.17	protein_coding	AMOT
ENSG00000126062.4	protein_coding	TMEM115
ENSG00000126067.12	protein_coding	PSMB2
ENSG00000126070.20	protein_coding	AGO3
ENSG00000126088.14	protein_coding	UROD
ENSG00000126091.21	protein_coding	ST3GAL3
ENSG00000126106.14	protein_coding	TMEM53
ENSG00000126107.15	protein_coding	HECTD3
ENSG00000126214.22	protein_coding	KLC1
ENSG00000126215.14	protein_coding	XRCC3
ENSG00000126216.15	protein_coding	TUBGCP3
ENSG00000126217.22	protein_coding	MCF2L
ENSG00000126218.12	protein_coding	F10
ENSG00000126226.22	protein_coding	PCID2
ENSG00000126231.15	protein_coding	PROZ
ENSG00000126233.2	protein_coding	SLURP1
ENSG00000126243.9	protein_coding	LRFN3
ENSG00000126246.10	protein_coding	IGFLR1
ENSG00000126247.11	protein_coding	CAPNS1
ENSG00000126249.8	protein_coding	PDCD2L
ENSG00000126251.7	protein_coding	GPR42
ENSG00000126254.12	protein_coding	RBM42
ENSG00000126259.20	protein_coding	KIRREL2
ENSG00000126261.13	protein_coding	UBA2
ENSG00000126262.5	protein_coding	FFAR2
ENSG00000126264.10	protein_coding	HCST
ENSG00000126266.4	protein_coding	FFAR1
ENSG00000126267.11	protein_coding	COX6B1
ENSG00000126337.14	protein_coding	KRT36
ENSG00000126351.13	protein_coding	THRA
ENSG00000126353.3	protein_coding	CCR7
ENSG00000126368.6	protein_coding	NR1D1
ENSG00000126391.14	protein_coding	FRMD8
ENSG00000126432.14	protein_coding	PRDX5
ENSG00000126453.11	protein_coding	BCL2L12
ENSG00000126456.16	protein_coding	IRF3
ENSG00000126457.22	protein_coding	PRMT1
ENSG00000126458.4	protein_coding	RRAS
ENSG00000126460.11	protein_coding	PRRG2
ENSG00000126461.15	protein_coding	SCAF1
ENSG00000126464.15	protein_coding	PRR12
ENSG00000126467.11	protein_coding	TSKS
ENSG00000126500.4	protein_coding	FLRT1
ENSG00000126522.17	protein_coding	ASL
ENSG00000126524.12	protein_coding	SBDS
ENSG00000126545.14	protein_coding	CSN1S1
ENSG00000126549.11	protein_coding	STATH
ENSG00000126550.10	protein_coding	HTN1
ENSG00000126561.18	protein_coding	STAT5A
ENSG00000126562.17	protein_coding	WNK4
ENSG00000126581.13	protein_coding	BECN1
ENSG00000126583.12	protein_coding	PRKCG
ENSG00000126602.11	protein_coding	TRAP1
ENSG00000126603.9	protein_coding	GLIS2
ENSG00000126653.18	protein_coding	NSRP1
ENSG00000126698.11	protein_coding	DNAJC8
ENSG00000126705.15	protein_coding	AHDC1
ENSG00000126709.16	protein_coding	IFI6
ENSG00000126733.22	protein_coding	DACH2
ENSG00000126746.18	protein_coding	ZNF384
ENSG00000126749.17	protein_coding	EMG1
ENSG00000126752.8	protein_coding	SSX1
ENSG00000126756.12	protein_coding	UXT
ENSG00000126759.14	protein_coding	CFP
ENSG00000126767.18	protein_coding	ELK1
ENSG00000126768.13	protein_coding	TIMM17B
ENSG00000126773.13	protein_coding	PCNX4
ENSG00000126775.9	protein_coding	ATG14
ENSG00000126777.18	protein_coding	KTN1
ENSG00000126778.12	protein_coding	SIX1
ENSG00000126785.13	protein_coding	RHOJ
ENSG00000126787.13	protein_coding	DLGAP5
ENSG00000126790.12	protein_coding	L3HYPDH
ENSG00000126803.10	protein_coding	HSPA2
ENSG00000126804.14	protein_coding	ZBTB1
ENSG00000126814.7	protein_coding	TRMT5
ENSG00000126821.8	protein_coding	SGPP1
ENSG00000126822.18	protein_coding	PLEKHG3
ENSG00000126838.10	protein_coding	PZP
ENSG00000126856.16	protein_coding	PRDM7
ENSG00000126858.19	protein_coding	RHOT1
ENSG00000126860.12	protein_coding	EVI2A
ENSG00000126861.5	protein_coding	OMG
ENSG00000126870.16	protein_coding	DYNC2I1
ENSG00000126878.13	protein_coding	AIF1L
ENSG00000126882.14	protein_coding	FAM78A
ENSG00000126883.19	protein_coding	NUP214
ENSG00000126890.14	protein_coding	CTAG2
ENSG00000126895.16	protein_coding	AVPR2
ENSG00000126903.16	protein_coding	SLC10A3
ENSG00000126934.15	protein_coding	MAP2K2
ENSG00000126945.9	protein_coding	HNRNPH2
ENSG00000126947.13	protein_coding	ARMCX1
ENSG00000126950.8	protein_coding	TMEM35A
ENSG00000126953.8	protein_coding	TIMM8A
ENSG00000126970.17	protein_coding	ZC4H2
ENSG00000127022.16	protein_coding	CANX
ENSG00000127054.22	protein_coding	INTS11
ENSG00000127074.15	protein_coding	RGS13
ENSG00000127080.10	protein_coding	IPPK
ENSG00000127081.14	protein_coding	ZNF484
ENSG00000127083.8	protein_coding	OMD
ENSG00000127084.19	protein_coding	FGD3
ENSG00000127124.16	protein_coding	HIVEP3
ENSG00000127125.9	protein_coding	PPCS
ENSG00000127129.10	protein_coding	EDN2
ENSG00000127152.18	protein_coding	BCL11B
ENSG00000127184.13	protein_coding	COX7C
ENSG00000127191.18	protein_coding	TRAF2
ENSG00000127220.6	protein_coding	ABHD8
ENSG00000127241.18	protein_coding	MASP1
ENSG00000127249.15	protein_coding	ATP13A4
ENSG00000127252.7	protein_coding	PLAAT1
ENSG00000127311.10	protein_coding	HELB
ENSG00000127314.18	protein_coding	RAP1B
ENSG00000127318.11	protein_coding	IL22
ENSG00000127324.9	protein_coding	TSPAN8
ENSG00000127325.19	protein_coding	BEST3
ENSG00000127328.22	protein_coding	RAB3IP
ENSG00000127329.16	protein_coding	PTPRB
ENSG00000127334.11	protein_coding	DYRK2
ENSG00000127337.7	protein_coding	YEATS4
ENSG00000127362.2	protein_coding	TAS2R3
ENSG00000127364.4	protein_coding	TAS2R4
ENSG00000127366.5	protein_coding	TAS2R5
ENSG00000127377.10	protein_coding	CRYGN
ENSG00000127399.15	protein_coding	LRRC61
ENSG00000127412.7	protein_coding	TRPV5
ENSG00000127415.13	protein_coding	IDUA
ENSG00000127418.15	protein_coding	FGFRL1
ENSG00000127419.17	protein_coding	TMEM175
ENSG00000127423.11	protein_coding	AUNIP
ENSG00000127445.14	protein_coding	PIN1
ENSG00000127452.9	protein_coding	FBXL12
ENSG00000127463.16	protein_coding	EMC1
ENSG00000127472.11	protein_coding	PLA2G5
ENSG00000127481.15	protein_coding	UBR4
ENSG00000127483.19	protein_coding	HP1BP3
ENSG00000127507.18	protein_coding	ADGRE2
ENSG00000127511.10	protein_coding	SIN3B
ENSG00000127515.3	protein_coding	OR7A10
ENSG00000127526.15	protein_coding	SLC35E1
ENSG00000127527.14	protein_coding	EPS15L1
ENSG00000127528.6	protein_coding	KLF2
ENSG00000127529.7	protein_coding	OR7C2
ENSG00000127530.4	protein_coding	OR7C1
ENSG00000127533.4	protein_coding	F2RL3
ENSG00000127540.12	protein_coding	UQCR11
ENSG00000127554.13	protein_coding	GFER
ENSG00000127561.16	protein_coding	SYNGR3
ENSG00000127564.17	protein_coding	PKMYT1
ENSG00000127578.7	protein_coding	WFIKKN1
ENSG00000127580.17	protein_coding	WDR24
ENSG00000127585.12	protein_coding	FBXL16
ENSG00000127586.17	protein_coding	CHTF18
ENSG00000127588.5	protein_coding	GNG13
ENSG00000127603.32	protein_coding	MACF1
ENSG00000127616.21	protein_coding	SMARCA4
ENSG00000127663.15	protein_coding	KDM4B
ENSG00000127666.11	protein_coding	TICAM1
ENSG00000127720.8	protein_coding	METTL25
ENSG00000127743.6	protein_coding	IL17B
ENSG00000127774.7	protein_coding	EMC6
ENSG00000127780.3	protein_coding	OR1E2
ENSG00000127804.13	protein_coding	METTL16
ENSG00000127824.15	protein_coding	TUBA4A
ENSG00000127831.11	protein_coding	VIL1
ENSG00000127837.10	protein_coding	AAMP
ENSG00000127838.15	protein_coding	PNKD
ENSG00000127863.16	protein_coding	TNFRSF19
ENSG00000127870.17	protein_coding	RNF6
ENSG00000127884.5	protein_coding	ECHS1
ENSG00000127903.14	protein_coding	ZNF835
ENSG00000127914.19	protein_coding	AKAP9
ENSG00000127920.6	protein_coding	GNG11
ENSG00000127922.10	protein_coding	SEM1
ENSG00000127928.13	protein_coding	GNGT1
ENSG00000127946.17	protein_coding	HIP1
ENSG00000127947.16	protein_coding	PTPN12
ENSG00000127948.17	protein_coding	POR
ENSG00000127951.8	protein_coding	FGL2
ENSG00000127952.17	protein_coding	STYXL1
ENSG00000127954.13	protein_coding	STEAP4
ENSG00000127955.17	protein_coding	GNAI1
ENSG00000127980.16	protein_coding	PEX1
ENSG00000127989.14	protein_coding	MTERF1
ENSG00000127990.19	protein_coding	SGCE
ENSG00000127993.16	protein_coding	RBM48
ENSG00000127995.17	protein_coding	CASD1
ENSG00000128000.17	protein_coding	ZNF780B
ENSG00000128011.5	protein_coding	LRFN1
ENSG00000128016.7	protein_coding	ZFP36
ENSG00000128039.13	protein_coding	SRD5A3
ENSG00000128040.12	protein_coding	SPINK2
ENSG00000128045.7	protein_coding	RASL11B
ENSG00000128050.9	protein_coding	PAICS
ENSG00000128052.10	protein_coding	KDR
ENSG00000128059.8	protein_coding	PPAT
ENSG00000128159.12	protein_coding	TUBGCP6
ENSG00000128165.9	protein_coding	ADM2
ENSG00000128185.10	protein_coding	DGCR6L
ENSG00000128191.17	protein_coding	DGCR8
ENSG00000128203.7	protein_coding	ASPHD2
ENSG00000128218.8	protein_coding	VPREB3
ENSG00000128228.5	protein_coding	SDF2L1
ENSG00000128242.13	protein_coding	GAL3ST1
ENSG00000128245.15	protein_coding	YWHAH
ENSG00000128250.5	protein_coding	RFPL1
ENSG00000128253.16	protein_coding	RFPL2
ENSG00000128266.9	protein_coding	GNAZ
ENSG00000128268.12	protein_coding	MGAT3
ENSG00000128271.22	protein_coding	ADORA2A
ENSG00000128272.18	protein_coding	ATF4
ENSG00000128274.17	protein_coding	A4GALT
ENSG00000128276.10	protein_coding	RFPL3
ENSG00000128283.7	protein_coding	CDC42EP1
ENSG00000128284.20	protein_coding	APOL3
ENSG00000128285.5	protein_coding	MCHR1
ENSG00000128294.16	protein_coding	TPST2
ENSG00000128298.18	protein_coding	BAIAP2L2
ENSG00000128309.17	protein_coding	MPST
ENSG00000128310.3	protein_coding	GALR3
ENSG00000128311.14	protein_coding	TST
ENSG00000128313.2	protein_coding	APOL5
ENSG00000128322.7	protein_coding	IGLL1
ENSG00000128335.14	protein_coding	APOL2
ENSG00000128340.16	protein_coding	RAC2
ENSG00000128342.5	protein_coding	LIF
ENSG00000128346.11	protein_coding	C22orf23
ENSG00000128383.13	protein_coding	APOBEC3A
ENSG00000128394.17	protein_coding	APOBEC3F
ENSG00000128408.9	protein_coding	RIBC2
ENSG00000128422.18	protein_coding	KRT17
ENSG00000128463.13	protein_coding	EMC4
ENSG00000128482.16	protein_coding	RNF112
ENSG00000128487.19	protein_coding	SPECC1
ENSG00000128510.12	protein_coding	CPA4
ENSG00000128512.24	protein_coding	DOCK4
ENSG00000128513.16	protein_coding	POT1
ENSG00000128519.3	protein_coding	TAS2R16
ENSG00000128524.5	protein_coding	ATP6V1F
ENSG00000128534.8	protein_coding	LSM8
ENSG00000128536.16	protein_coding	CDHR3
ENSG00000128563.13	protein_coding	PRKRIP1
ENSG00000128564.8	protein_coding	VGF
ENSG00000128567.17	protein_coding	PODXL
ENSG00000128573.28	protein_coding	FOXP2
ENSG00000128578.10	protein_coding	STRIP2
ENSG00000128581.17	protein_coding	IFT22
ENSG00000128585.18	protein_coding	MKLN1
ENSG00000128590.5	protein_coding	DNAJB9
ENSG00000128591.16	protein_coding	FLNC
ENSG00000128594.8	protein_coding	LRRC4
ENSG00000128595.17	protein_coding	CALU
ENSG00000128596.17	protein_coding	CCDC136
ENSG00000128602.11	protein_coding	SMO
ENSG00000128604.21	protein_coding	IRF5
ENSG00000128606.13	protein_coding	LRRC17
ENSG00000128607.14	protein_coding	KLHDC10
ENSG00000128609.16	protein_coding	NDUFA5
ENSG00000128610.12	protein_coding	FEZF1
ENSG00000128617.3	protein_coding	OPN1SW
ENSG00000128626.12	protein_coding	MRPS12
ENSG00000128641.19	protein_coding	MYO1B
ENSG00000128645.15	protein_coding	HOXD1
ENSG00000128652.12	protein_coding	HOXD3
ENSG00000128654.14	protein_coding	MTX2
ENSG00000128655.19	protein_coding	PDE11A
ENSG00000128656.15	protein_coding	CHN1
ENSG00000128683.14	protein_coding	GAD1
ENSG00000128694.12	protein_coding	OSGEPL1
ENSG00000128699.14	protein_coding	ORMDL1
ENSG00000128708.13	protein_coding	HAT1
ENSG00000128709.13	protein_coding	HOXD9
ENSG00000128710.6	protein_coding	HOXD10
ENSG00000128713.14	protein_coding	HOXD11
ENSG00000128714.6	protein_coding	HOXD13
ENSG00000128731.18	protein_coding	HERC2
ENSG00000128739.23	protein_coding	SNRPN
ENSG00000128789.22	protein_coding	PSMG2
ENSG00000128791.12	protein_coding	TWSG1
ENSG00000128805.15	protein_coding	ARHGAP22
ENSG00000128815.20	protein_coding	WDFY4
ENSG00000128829.12	protein_coding	EIF2AK4
ENSG00000128833.13	protein_coding	MYO5C
ENSG00000128849.11	protein_coding	CGNL1
ENSG00000128872.10	protein_coding	TMOD2
ENSG00000128881.18	protein_coding	TTBK2
ENSG00000128886.12	protein_coding	ELL3
ENSG00000128891.17	protein_coding	CCDC32
ENSG00000128908.19	protein_coding	INO80
ENSG00000128915.12	protein_coding	ICE2
ENSG00000128917.8	protein_coding	DLL4
ENSG00000128918.15	protein_coding	ALDH1A2
ENSG00000128923.11	protein_coding	MINDY2
ENSG00000128928.10	protein_coding	IVD
ENSG00000128944.14	protein_coding	KNSTRN
ENSG00000128951.14	protein_coding	DUT
ENSG00000128965.13	protein_coding	CHAC1
ENSG00000128973.13	protein_coding	CLN6
ENSG00000128989.11	protein_coding	ARPP19
ENSG00000129003.19	protein_coding	VPS13C
ENSG00000129007.16	protein_coding	CALML4
ENSG00000129009.13	protein_coding	ISLR
ENSG00000129028.9	protein_coding	THAP10
ENSG00000129038.16	protein_coding	LOXL1
ENSG00000129048.7	protein_coding	ACKR4
ENSG00000129055.13	protein_coding	ANAPC13
ENSG00000129071.10	protein_coding	MBD4
ENSG00000129083.13	protein_coding	COPB1
ENSG00000129084.18	protein_coding	PSMA1
ENSG00000129103.19	protein_coding	SUMF2
ENSG00000129116.20	protein_coding	PALLD
ENSG00000129128.13	protein_coding	SPCS3
ENSG00000129151.9	protein_coding	BBOX1
ENSG00000129152.4	protein_coding	MYOD1
ENSG00000129158.11	protein_coding	SERGEF
ENSG00000129159.9	protein_coding	KCNC1
ENSG00000129167.10	protein_coding	TPH1
ENSG00000129170.10	protein_coding	CSRP3
ENSG00000129173.13	protein_coding	E2F8
ENSG00000129187.15	protein_coding	DCTD
ENSG00000129194.8	protein_coding	SOX15
ENSG00000129195.16	protein_coding	PIMREG
ENSG00000129197.15	protein_coding	RPAIN
ENSG00000129204.17	protein_coding	USP6
ENSG00000129214.15	protein_coding	SHBG
ENSG00000129219.14	protein_coding	PLD2
ENSG00000129221.16	protein_coding	AIPL1
ENSG00000129226.14	protein_coding	CD68
ENSG00000129235.11	protein_coding	TXNDC17
ENSG00000129244.9	protein_coding	ATP1B2
ENSG00000129245.13	protein_coding	FXR2
ENSG00000129250.12	protein_coding	KIF1C
ENSG00000129255.16	protein_coding	MPDU1
ENSG00000129292.21	protein_coding	PHF20L1
ENSG00000129295.10	protein_coding	DNAAF11
ENSG00000129315.11	protein_coding	CCNT1
ENSG00000129317.15	protein_coding	PUS7L
ENSG00000129347.21	protein_coding	KRI1
ENSG00000129351.18	protein_coding	ILF3
ENSG00000129353.15	protein_coding	SLC44A2
ENSG00000129354.12	protein_coding	AP1M2
ENSG00000129355.7	protein_coding	CDKN2D
ENSG00000129422.15	protein_coding	MTUS1
ENSG00000129437.11	protein_coding	KLK14
ENSG00000129450.9	protein_coding	SIGLEC9
ENSG00000129451.12	protein_coding	KLK10
ENSG00000129455.16	protein_coding	KLK8
ENSG00000129460.17	protein_coding	NGDN
ENSG00000129465.16	protein_coding	RIPK3
ENSG00000129467.14	protein_coding	ADCY4
ENSG00000129472.15	protein_coding	RAB2B
ENSG00000129473.11	protein_coding	BCL2L2
ENSG00000129474.16	protein_coding	AJUBA
ENSG00000129480.13	protein_coding	DTD2
ENSG00000129484.14	protein_coding	PARP2
ENSG00000129493.15	protein_coding	HEATR5A
ENSG00000129514.8	protein_coding	FOXA1
ENSG00000129515.20	protein_coding	SNX6
ENSG00000129518.10	protein_coding	EAPP
ENSG00000129521.15	protein_coding	EGLN3
ENSG00000129534.14	protein_coding	MIS18BP1
ENSG00000129535.13	protein_coding	NRL
ENSG00000129538.14	protein_coding	RNASE1
ENSG00000129559.13	protein_coding	NEDD8
ENSG00000129562.11	protein_coding	DAD1
ENSG00000129566.13	protein_coding	TEP1
ENSG00000129595.14	protein_coding	EPB41L4A
ENSG00000129596.5	protein_coding	CDO1
ENSG00000129625.13	protein_coding	REEP5
ENSG00000129636.13	protein_coding	ITFG1
ENSG00000129646.16	protein_coding	QRICH2
ENSG00000129654.8	protein_coding	FOXJ1
ENSG00000129657.16	protein_coding	SEC14L1
ENSG00000129667.13	protein_coding	RHBDF2
ENSG00000129673.10	protein_coding	AANAT
ENSG00000129675.16	protein_coding	ARHGEF6
ENSG00000129680.16	protein_coding	MAP7D3
ENSG00000129682.16	protein_coding	FGF13
ENSG00000129691.16	protein_coding	ASH2L
ENSG00000129696.13	protein_coding	TTI2
ENSG00000129744.3	protein_coding	ART1
ENSG00000129749.3	protein_coding	CHRNA10
ENSG00000129757.15	protein_coding	CDKN1C
ENSG00000129810.15	protein_coding	SGO1
ENSG00000129824.16	protein_coding	RPS4Y1
ENSG00000129862.7	protein_coding	VCY1B
ENSG00000129864.7	protein_coding	VCY
ENSG00000129873.8	protein_coding	CDY2B
ENSG00000129910.8	protein_coding	CDH15
ENSG00000129911.9	protein_coding	KLF16
ENSG00000129925.11	protein_coding	PGAP6
ENSG00000129932.10	protein_coding	DOHH
ENSG00000129933.21	protein_coding	MAU2
ENSG00000129946.11	protein_coding	SHC2
ENSG00000129951.19	protein_coding	PLPPR3
ENSG00000129965.15	protein_coding	INS-IGF2
ENSG00000129968.17	protein_coding	ABHD17A
ENSG00000129988.6	protein_coding	LBP
ENSG00000129990.15	protein_coding	SYT5
ENSG00000129991.13	protein_coding	TNNI3
ENSG00000129993.15	protein_coding	CBFA2T3
ENSG00000130005.13	protein_coding	GAMT
ENSG00000130021.15	protein_coding	PUDP
ENSG00000130023.16	protein_coding	ERMARD
ENSG00000130024.15	protein_coding	PHF10
ENSG00000130032.17	protein_coding	PRRG3
ENSG00000130035.9	protein_coding	GALNT8
ENSG00000130037.5	protein_coding	KCNA5
ENSG00000130038.10	protein_coding	CRACR2A
ENSG00000130045.17	protein_coding	NXNL2
ENSG00000130052.14	protein_coding	STARD8
ENSG00000130054.5	protein_coding	NALF2
ENSG00000130055.14	protein_coding	GDPD2
ENSG00000130066.17	protein_coding	SAT1
ENSG00000130119.17	protein_coding	GNL3L
ENSG00000130147.16	protein_coding	SH3BP4
ENSG00000130150.12	protein_coding	MOSPD2
ENSG00000130158.14	protein_coding	DOCK6
ENSG00000130159.15	protein_coding	ECSIT
ENSG00000130164.14	protein_coding	LDLR
ENSG00000130165.11	protein_coding	ELOF1
ENSG00000130167.14	protein_coding	TSPAN16
ENSG00000130173.13	protein_coding	ANGPTL8
ENSG00000130175.10	protein_coding	PRKCSH
ENSG00000130176.8	protein_coding	CNN1
ENSG00000130177.16	protein_coding	CDC16
ENSG00000130182.8	protein_coding	ZSCAN10
ENSG00000130193.8	protein_coding	THEM6
ENSG00000130202.10	protein_coding	NECTIN2
ENSG00000130203.10	protein_coding	APOE
ENSG00000130204.13	protein_coding	TOMM40
ENSG00000130208.10	protein_coding	APOC1
ENSG00000130222.11	protein_coding	GADD45G
ENSG00000130224.15	protein_coding	LRCH2
ENSG00000130226.18	protein_coding	DPP6
ENSG00000130227.17	protein_coding	XPO7
ENSG00000130234.13	protein_coding	ACE2
ENSG00000130244.13	protein_coding	FAM98C
ENSG00000130254.12	protein_coding	SAFB2
ENSG00000130255.13	protein_coding	RPL36
ENSG00000130270.16	protein_coding	ATP8B3
ENSG00000130283.9	protein_coding	GDF1
ENSG00000130287.14	protein_coding	NCAN
ENSG00000130294.18	protein_coding	KIF1A
ENSG00000130299.17	protein_coding	GTPBP3
ENSG00000130300.9	protein_coding	PLVAP
ENSG00000130303.14	protein_coding	BST2
ENSG00000130304.17	protein_coding	SLC27A1
ENSG00000130305.17	protein_coding	NSUN5
ENSG00000130307.12	protein_coding	USHBP1
ENSG00000130309.12	protein_coding	COLGALT1
ENSG00000130311.11	protein_coding	DDA1
ENSG00000130312.7	protein_coding	MRPL34
ENSG00000130313.7	protein_coding	PGLS
ENSG00000130332.15	protein_coding	LSM7
ENSG00000130338.13	protein_coding	TULP4
ENSG00000130340.17	protein_coding	SNX9
ENSG00000130347.13	protein_coding	RTN4IP1
ENSG00000130348.11	protein_coding	QRSL1
ENSG00000130349.10	protein_coding	MTRES1
ENSG00000130363.13	protein_coding	RSPH3
ENSG00000130368.7	protein_coding	MAS1
ENSG00000130377.14	protein_coding	ACSBG2
ENSG00000130382.9	protein_coding	MLLT1
ENSG00000130383.7	protein_coding	FUT5
ENSG00000130385.6	protein_coding	BMP15
ENSG00000130396.22	protein_coding	AFDN
ENSG00000130402.14	protein_coding	ACTN4
ENSG00000130413.16	protein_coding	STK33
ENSG00000130414.13	protein_coding	NDUFA10
ENSG00000130427.3	protein_coding	EPO
ENSG00000130429.16	protein_coding	ARPC1B
ENSG00000130433.8	protein_coding	CACNG6
ENSG00000130449.6	protein_coding	ZSWIM6
ENSG00000130475.16	protein_coding	FCHO1
ENSG00000130477.16	protein_coding	UNC13A
ENSG00000130479.11	protein_coding	MAP1S
ENSG00000130487.9	protein_coding	KLHDC7B
ENSG00000130508.11	protein_coding	PXDN
ENSG00000130511.16	protein_coding	SSBP4
ENSG00000130513.7	protein_coding	GDF15
ENSG00000130517.14	protein_coding	PGPEP1
ENSG00000130518.18	protein_coding	IQCN
ENSG00000130520.11	protein_coding	LSM4
ENSG00000130522.6	protein_coding	JUND
ENSG00000130528.12	protein_coding	HRC
ENSG00000130529.16	protein_coding	TRPM4
ENSG00000130538.6	protein_coding	OR11H1
ENSG00000130540.14	protein_coding	SULT4A1
ENSG00000130544.12	protein_coding	ZNF557
ENSG00000130545.16	protein_coding	CRB3
ENSG00000130558.20	protein_coding	OLFM1
ENSG00000130559.19	protein_coding	CAMSAP1
ENSG00000130560.9	protein_coding	UBAC1
ENSG00000130561.17	protein_coding	SAG
ENSG00000130584.12	protein_coding	ZBTB46
ENSG00000130589.16	protein_coding	HELZ2
ENSG00000130590.14	protein_coding	SAMD10
ENSG00000130592.17	protein_coding	LSP1
ENSG00000130595.20	protein_coding	TNNT3
ENSG00000130598.17	protein_coding	TNNI2
ENSG00000130635.17	protein_coding	COL5A1
ENSG00000130638.17	protein_coding	ATXN10
ENSG00000130640.15	protein_coding	TUBGCP2
ENSG00000130643.9	protein_coding	CALY
ENSG00000130649.10	protein_coding	CYP2E1
ENSG00000130653.16	protein_coding	PNPLA7
ENSG00000130656.6	protein_coding	HBZ
ENSG00000130669.17	protein_coding	PAK4
ENSG00000130675.15	protein_coding	MNX1
ENSG00000130684.14	protein_coding	ZNF337
ENSG00000130695.16	protein_coding	CEP85
ENSG00000130699.20	protein_coding	TAF4
ENSG00000130700.7	protein_coding	GATA5
ENSG00000130701.4	protein_coding	RBBP8NL
ENSG00000130702.15	protein_coding	LAMA5
ENSG00000130703.17	protein_coding	OSBPL2
ENSG00000130706.13	protein_coding	ADRM1
ENSG00000130707.18	protein_coding	ASS1
ENSG00000130711.5	protein_coding	PRDM12
ENSG00000130713.17	protein_coding	EXOSC2
ENSG00000130714.19	protein_coding	POMT1
ENSG00000130717.13	protein_coding	UCK1
ENSG00000130720.13	protein_coding	FIBCD1
ENSG00000130724.10	protein_coding	CHMP2A
ENSG00000130725.8	protein_coding	UBE2M
ENSG00000130726.12	protein_coding	TRIM28
ENSG00000130731.16	protein_coding	METTL26
ENSG00000130733.11	protein_coding	YIPF2
ENSG00000130734.10	protein_coding	ATG4D
ENSG00000130741.11	protein_coding	EIF2S3
ENSG00000130748.7	protein_coding	TMEM160
ENSG00000130749.10	protein_coding	ZC3H4
ENSG00000130751.10	protein_coding	NPAS1
ENSG00000130755.13	protein_coding	GMFG
ENSG00000130758.8	protein_coding	MAP3K10
ENSG00000130762.15	protein_coding	ARHGEF16
ENSG00000130764.10	protein_coding	LRRC47
ENSG00000130766.5	protein_coding	SESN2
ENSG00000130768.15	protein_coding	SMPDL3B
ENSG00000130770.18	protein_coding	ATP5IF1
ENSG00000130772.14	protein_coding	MED18
ENSG00000130775.16	protein_coding	THEMIS2
ENSG00000130779.22	protein_coding	CLIP1
ENSG00000130783.14	protein_coding	CCDC62
ENSG00000130787.14	protein_coding	HIP1R
ENSG00000130803.15	protein_coding	ZNF317
ENSG00000130810.20	protein_coding	PPAN
ENSG00000130811.12	protein_coding	EIF3G
ENSG00000130812.11	protein_coding	ANGPTL6
ENSG00000130813.18	protein_coding	SHFL
ENSG00000130816.17	protein_coding	DNMT1
ENSG00000130818.12	protein_coding	ZNF426
ENSG00000130821.17	protein_coding	SLC6A8
ENSG00000130822.16	protein_coding	PNCK
ENSG00000130826.19	protein_coding	DKC1
ENSG00000130827.6	protein_coding	PLXNA3
ENSG00000130829.18	protein_coding	DUSP9
ENSG00000130830.15	protein_coding	MPP1
ENSG00000130844.19	protein_coding	ZNF331
ENSG00000130856.18	protein_coding	ZNF236
ENSG00000130876.11	protein_coding	SLC7A10
ENSG00000130881.14	protein_coding	LRP3
ENSG00000130921.9	protein_coding	MTRFR
ENSG00000130935.10	protein_coding	NOL11
ENSG00000130939.20	protein_coding	UBE4B
ENSG00000130940.15	protein_coding	CASZ1
ENSG00000130943.7	protein_coding	PKDREJ
ENSG00000130948.10	protein_coding	HSD17B3
ENSG00000130950.15	protein_coding	NUTM2F
ENSG00000130956.14	protein_coding	HABP4
ENSG00000130957.5	protein_coding	FBP2
ENSG00000130958.13	protein_coding	SLC35D2
ENSG00000130962.18	protein_coding	PRRG1
ENSG00000130985.17	protein_coding	UBA1
ENSG00000130988.13	protein_coding	RGN
ENSG00000130997.16	protein_coding	POLN
ENSG00000131013.4	protein_coding	PPIL4
ENSG00000131015.5	protein_coding	ULBP2
ENSG00000131016.17	protein_coding	AKAP12
ENSG00000131018.25	protein_coding	SYNE1
ENSG00000131019.11	protein_coding	ULBP3
ENSG00000131023.13	protein_coding	LATS1
ENSG00000131037.15	protein_coding	EPS8L1
ENSG00000131042.15	protein_coding	LILRB2
ENSG00000131043.13	protein_coding	AAR2
ENSG00000131044.19	protein_coding	TTLL9
ENSG00000131050.11	protein_coding	BPIFA2
ENSG00000131051.24	protein_coding	RBM39
ENSG00000131055.5	protein_coding	COX4I2
ENSG00000131059.12	protein_coding	BPIFA3
ENSG00000131061.15	protein_coding	ZNF341
ENSG00000131067.17	protein_coding	GGT7
ENSG00000131068.4	protein_coding	DEFB118
ENSG00000131069.20	protein_coding	ACSS2
ENSG00000131080.15	protein_coding	EDA2R
ENSG00000131089.17	protein_coding	ARHGEF9
ENSG00000131094.4	protein_coding	C1QL1
ENSG00000131095.14	protein_coding	GFAP
ENSG00000131096.11	protein_coding	PYY
ENSG00000131097.7	protein_coding	HIGD1B
ENSG00000131100.13	protein_coding	ATP6V1E1
ENSG00000131115.16	protein_coding	ZNF227
ENSG00000131116.12	protein_coding	ZNF428
ENSG00000131126.19	protein_coding	TEX101
ENSG00000131127.14	protein_coding	ZNF141
ENSG00000131142.14	protein_coding	CCL25
ENSG00000131143.10	protein_coding	COX4I1
ENSG00000131148.9	protein_coding	EMC8
ENSG00000131149.19	protein_coding	GSE1
ENSG00000131152.4	protein_coding	ENSG00000131152
ENSG00000131153.9	protein_coding	GINS2
ENSG00000131165.16	protein_coding	CHMP1A
ENSG00000131171.13	protein_coding	SH3BGRL
ENSG00000131174.7	protein_coding	COX7B
ENSG00000131183.11	protein_coding	SLC34A1
ENSG00000131187.11	protein_coding	F12
ENSG00000131188.12	protein_coding	PRR7
ENSG00000131196.18	protein_coding	NFATC1
ENSG00000131203.13	protein_coding	IDO1
ENSG00000131233.10	protein_coding	GJA9
ENSG00000131236.18	protein_coding	CAP1
ENSG00000131238.18	protein_coding	PPT1
ENSG00000131242.18	protein_coding	RAB11FIP4
ENSG00000131263.13	protein_coding	RLIM
ENSG00000131264.4	protein_coding	CDX4
ENSG00000131269.19	protein_coding	ABCB7
ENSG00000131323.17	protein_coding	TRAF3
ENSG00000131351.15	protein_coding	HAUS8
ENSG00000131355.15	protein_coding	ADGRE3
ENSG00000131368.9	protein_coding	MRPS25
ENSG00000131370.16	protein_coding	SH3BP5
ENSG00000131373.15	protein_coding	HACL1
ENSG00000131374.15	protein_coding	TBC1D5
ENSG00000131375.10	protein_coding	CAPN7
ENSG00000131378.14	protein_coding	RFTN1
ENSG00000131379.10	protein_coding	C3orf20
ENSG00000131381.12	protein_coding	RBSN
ENSG00000131386.20	protein_coding	GALNT15
ENSG00000131389.18	protein_coding	SLC6A6
ENSG00000131398.15	protein_coding	KCNC3
ENSG00000131400.9	protein_coding	NAPSA
ENSG00000131408.15	protein_coding	NR1H2
ENSG00000131409.13	protein_coding	LRRC4B
ENSG00000131435.13	protein_coding	PDLIM4
ENSG00000131437.16	protein_coding	KIF3A
ENSG00000131446.17	protein_coding	MGAT1
ENSG00000131459.13	protein_coding	GFPT2
ENSG00000131462.9	protein_coding	TUBG1
ENSG00000131467.12	protein_coding	PSME3
ENSG00000131469.15	protein_coding	RPL27
ENSG00000131470.15	protein_coding	PSMC3IP
ENSG00000131471.7	protein_coding	AOC3
ENSG00000131473.17	protein_coding	ACLY
ENSG00000131475.7	protein_coding	VPS25
ENSG00000131477.11	protein_coding	RAMP2
ENSG00000131480.9	protein_coding	AOC2
ENSG00000131482.10	protein_coding	G6PC1
ENSG00000131495.9	protein_coding	NDUFA2
ENSG00000131503.21	protein_coding	ANKHD1
ENSG00000131504.18	protein_coding	DIAPH1
ENSG00000131507.11	protein_coding	NDFIP1
ENSG00000131508.17	protein_coding	UBE2D2
ENSG00000131558.15	protein_coding	EXOC4
ENSG00000131584.19	protein_coding	ACAP3
ENSG00000131591.18	protein_coding	C1orf159
ENSG00000131620.18	protein_coding	ANO1
ENSG00000131626.19	protein_coding	PPFIA1
ENSG00000131634.14	protein_coding	TMEM204
ENSG00000131650.14	protein_coding	KREMEN2
ENSG00000131652.14	protein_coding	THOC6
ENSG00000131653.14	protein_coding	TRAF7
ENSG00000131668.14	protein_coding	BARX1
ENSG00000131669.10	protein_coding	NINJ1
ENSG00000131686.15	protein_coding	CA6
ENSG00000131697.18	protein_coding	NPHP4
ENSG00000131711.15	protein_coding	MAP1B
ENSG00000131721.6	protein_coding	RHOXF2
ENSG00000131724.11	protein_coding	IL13RA1
ENSG00000131725.14	protein_coding	WDR44
ENSG00000131730.16	protein_coding	CKMT2
ENSG00000131732.12	protein_coding	ZCCHC9
ENSG00000131737.7	protein_coding	KRT34
ENSG00000131738.11	protein_coding	KRT33B
ENSG00000131746.13	protein_coding	TNS4
ENSG00000131747.15	protein_coding	TOP2A
ENSG00000131748.16	protein_coding	STARD3
ENSG00000131759.18	protein_coding	RARA
ENSG00000131771.14	protein_coding	PPP1R1B
ENSG00000131773.15	protein_coding	KHDRBS3
ENSG00000131778.20	protein_coding	CHD1L
ENSG00000131779.11	protein_coding	PEX11B
ENSG00000131781.13	protein_coding	FMO5
ENSG00000131788.16	protein_coding	PIAS3
ENSG00000131791.8	protein_coding	PRKAB2
ENSG00000131808.11	protein_coding	FSHB
ENSG00000131828.14	protein_coding	PDHA1
ENSG00000131831.18	protein_coding	RAI2
ENSG00000131844.17	protein_coding	MCCC2
ENSG00000131845.15	protein_coding	ZNF304
ENSG00000131848.10	protein_coding	ZSCAN5A
ENSG00000131849.14	protein_coding	ZNF132
ENSG00000131864.11	protein_coding	USP29
ENSG00000131871.15	protein_coding	SELENOS
ENSG00000131873.7	protein_coding	CHSY1
ENSG00000131876.18	protein_coding	SNRPA1
ENSG00000131899.12	protein_coding	LLGL1
ENSG00000131910.5	protein_coding	NR0B2
ENSG00000131914.11	protein_coding	LIN28A
ENSG00000131931.8	protein_coding	THAP1
ENSG00000131941.8	protein_coding	RHPN2
ENSG00000131943.20	protein_coding	C19orf12
ENSG00000131944.11	protein_coding	FAAP24
ENSG00000131951.12	protein_coding	LRRC9
ENSG00000131966.14	protein_coding	ACTR10
ENSG00000131969.15	protein_coding	ABHD12B
ENSG00000131979.20	protein_coding	GCH1
ENSG00000131981.16	protein_coding	LGALS3
ENSG00000132000.14	protein_coding	PODNL1
ENSG00000132002.9	protein_coding	DNAJB1
ENSG00000132003.10	protein_coding	ZSWIM4
ENSG00000132004.13	protein_coding	FBXW9
ENSG00000132005.9	protein_coding	RFX1
ENSG00000132010.16	protein_coding	ZNF20
ENSG00000132016.12	protein_coding	BRME1
ENSG00000132017.11	protein_coding	DCAF15
ENSG00000132024.18	protein_coding	CC2D1A
ENSG00000132026.15	protein_coding	RTBDN
ENSG00000132031.13	protein_coding	MATN3
ENSG00000132109.10	protein_coding	TRIM21
ENSG00000132122.12	protein_coding	SPATA6
ENSG00000132128.18	protein_coding	LRRC41
ENSG00000132141.14	protein_coding	CCT6B
ENSG00000132153.15	protein_coding	DHX30
ENSG00000132155.14	protein_coding	RAF1
ENSG00000132164.10	protein_coding	SLC6A11
ENSG00000132170.24	protein_coding	PPARG
ENSG00000132182.13	protein_coding	NUP210
ENSG00000132185.18	protein_coding	FCRLA
ENSG00000132196.16	protein_coding	HSD17B7
ENSG00000132199.20	protein_coding	ENOSF1
ENSG00000132205.11	protein_coding	EMILIN2
ENSG00000132207.18	protein_coding	SLX1A
ENSG00000132254.13	protein_coding	ARFIP2
ENSG00000132256.20	protein_coding	TRIM5
ENSG00000132259.13	protein_coding	CNGA4
ENSG00000132274.17	protein_coding	TRIM22
ENSG00000132275.11	protein_coding	RRP8
ENSG00000132286.12	protein_coding	TIMM10B
ENSG00000132294.15	protein_coding	EFR3A
ENSG00000132297.13	protein_coding	HHLA1
ENSG00000132300.19	protein_coding	PTCD3
ENSG00000132305.22	protein_coding	IMMT
ENSG00000132313.15	protein_coding	MRPL35
ENSG00000132321.17	protein_coding	IQCA1
ENSG00000132323.9	protein_coding	ILKAP
ENSG00000132326.13	protein_coding	PER2
ENSG00000132329.11	protein_coding	RAMP1
ENSG00000132330.18	protein_coding	SCLY
ENSG00000132334.17	protein_coding	PTPRE
ENSG00000132341.12	protein_coding	RAN
ENSG00000132356.12	protein_coding	PRKAA1
ENSG00000132357.14	protein_coding	CARD6
ENSG00000132359.16	protein_coding	RAP1GAP2
ENSG00000132361.18	protein_coding	CLUH
ENSG00000132376.20	protein_coding	INPP5K
ENSG00000132382.15	protein_coding	MYBBP1A
ENSG00000132383.12	protein_coding	RPA1
ENSG00000132386.11	protein_coding	SERPINF1
ENSG00000132388.13	protein_coding	UBE2G1
ENSG00000132394.11	protein_coding	EEFSEC
ENSG00000132405.19	protein_coding	TBC1D14
ENSG00000132406.12	protein_coding	TMEM128
ENSG00000132423.12	protein_coding	COQ3
ENSG00000132424.17	protein_coding	PNISR
ENSG00000132429.10	protein_coding	POPDC3
ENSG00000132432.14	protein_coding	SEC61G
ENSG00000132434.10	protein_coding	LANCL2
ENSG00000132436.12	protein_coding	FIGNL1
ENSG00000132437.18	protein_coding	DDC
ENSG00000132446.7	protein_coding	FTHL17
ENSG00000132463.15	protein_coding	GRSF1
ENSG00000132464.13	protein_coding	ENAM
ENSG00000132465.12	protein_coding	JCHAIN
ENSG00000132466.20	protein_coding	ANKRD17
ENSG00000132467.4	protein_coding	UTP3
ENSG00000132470.14	protein_coding	ITGB4
ENSG00000132471.12	protein_coding	WBP2
ENSG00000132475.10	protein_coding	H3-3B
ENSG00000132478.10	protein_coding	UNK
ENSG00000132481.7	protein_coding	TRIM47
ENSG00000132485.14	protein_coding	ZRANB2
ENSG00000132507.18	protein_coding	EIF5A
ENSG00000132510.11	protein_coding	KDM6B
ENSG00000132514.14	protein_coding	CLEC10A
ENSG00000132517.15	protein_coding	SLC52A1
ENSG00000132518.7	protein_coding	GUCY2D
ENSG00000132522.16	protein_coding	GPS2
ENSG00000132530.17	protein_coding	XAF1
ENSG00000132535.22	protein_coding	DLG4
ENSG00000132541.11	protein_coding	RIDA
ENSG00000132549.20	protein_coding	VPS13B
ENSG00000132554.21	protein_coding	RGS22
ENSG00000132561.14	protein_coding	MATN2
ENSG00000132563.17	protein_coding	REEP2
ENSG00000132570.15	protein_coding	PCBD2
ENSG00000132581.10	protein_coding	SDF2
ENSG00000132589.16	protein_coding	FLOT2
ENSG00000132591.12	protein_coding	ERAL1
ENSG00000132600.18	protein_coding	PRMT7
ENSG00000132603.15	protein_coding	NIP7
ENSG00000132604.11	protein_coding	TERF2
ENSG00000132612.16	protein_coding	VPS4A
ENSG00000132613.16	protein_coding	MTSS2
ENSG00000132622.11	protein_coding	HSPA12B
ENSG00000132623.16	protein_coding	ANKEF1
ENSG00000132631.6	protein_coding	SCP2D1
ENSG00000132635.17	protein_coding	PCED1A
ENSG00000132639.15	protein_coding	SNAP25
ENSG00000132640.15	protein_coding	BTBD3
ENSG00000132646.11	protein_coding	PCNA
ENSG00000132661.4	protein_coding	NXT1
ENSG00000132664.13	protein_coding	POLR3F
ENSG00000132669.14	protein_coding	RIN2
ENSG00000132670.21	protein_coding	PTPRA
ENSG00000132671.6	protein_coding	SSTR4
ENSG00000132676.16	protein_coding	DAP3
ENSG00000132677.13	protein_coding	RHBG
ENSG00000132680.11	protein_coding	KHDC4
ENSG00000132681.17	protein_coding	ATP1A4
ENSG00000132688.11	protein_coding	NES
ENSG00000132692.19	protein_coding	BCAN
ENSG00000132693.12	protein_coding	CRP
ENSG00000132694.19	protein_coding	ARHGEF11
ENSG00000132698.15	protein_coding	RAB25
ENSG00000132702.13	protein_coding	HAPLN2
ENSG00000132703.4	protein_coding	APCS
ENSG00000132704.16	protein_coding	FCRL2
ENSG00000132716.19	protein_coding	DCAF8
ENSG00000132718.9	protein_coding	SYT11
ENSG00000132740.10	protein_coding	IGHMBP2
ENSG00000132744.8	protein_coding	ACY3
ENSG00000132746.16	protein_coding	ALDH3B2
ENSG00000132749.11	protein_coding	TESMIN
ENSG00000132763.15	protein_coding	MMACHC
ENSG00000132768.14	protein_coding	DPH2
ENSG00000132773.12	protein_coding	TOE1
ENSG00000132780.17	protein_coding	NASP
ENSG00000132781.20	protein_coding	MUTYH
ENSG00000132792.19	protein_coding	CTNNBL1
ENSG00000132793.12	protein_coding	LPIN3
ENSG00000132801.7	protein_coding	ZSWIM3
ENSG00000132819.17	protein_coding	RBM38
ENSG00000132821.12	protein_coding	VSTM2L
ENSG00000132823.11	protein_coding	OSER1
ENSG00000132824.14	protein_coding	SERINC3
ENSG00000132825.7	protein_coding	PPP1R3D
ENSG00000132837.15	protein_coding	DMGDH
ENSG00000132840.10	protein_coding	BHMT2
ENSG00000132842.15	protein_coding	AP3B1
ENSG00000132846.6	protein_coding	ZBED3
ENSG00000132849.22	protein_coding	PATJ
ENSG00000132854.19	protein_coding	KANK4
ENSG00000132855.5	protein_coding	ANGPTL3
ENSG00000132872.12	protein_coding	SYT4
ENSG00000132874.15	protein_coding	SLC14A2
ENSG00000132879.14	protein_coding	FBXO44
ENSG00000132881.12	protein_coding	CPLANE2
ENSG00000132906.18	protein_coding	CASP9
ENSG00000132911.5	protein_coding	NMUR2
ENSG00000132912.13	protein_coding	DCTN4
ENSG00000132915.12	protein_coding	PDE6A
ENSG00000132932.19	protein_coding	ATP8A2
ENSG00000132938.22	protein_coding	MTUS2
ENSG00000132950.19	protein_coding	ZMYM5
ENSG00000132952.12	protein_coding	USPL1
ENSG00000132953.18	protein_coding	XPO4
ENSG00000132958.19	protein_coding	TPTE2
ENSG00000132963.9	protein_coding	POMP
ENSG00000132964.13	protein_coding	CDK8
ENSG00000132965.10	protein_coding	ALOX5AP
ENSG00000132970.14	protein_coding	WASF3
ENSG00000132972.19	protein_coding	RNF17
ENSG00000132975.8	protein_coding	GPR12
ENSG00000133019.12	protein_coding	CHRM3
ENSG00000133020.4	protein_coding	MYH8
ENSG00000133026.14	protein_coding	MYH10
ENSG00000133027.18	protein_coding	PEMT
ENSG00000133028.12	protein_coding	SCO1
ENSG00000133030.22	protein_coding	MPRIP
ENSG00000133048.13	protein_coding	CHI3L1
ENSG00000133055.10	protein_coding	MYBPH
ENSG00000133056.14	protein_coding	PIK3C2B
ENSG00000133059.17	protein_coding	DSTYK
ENSG00000133063.16	protein_coding	CHIT1
ENSG00000133065.11	protein_coding	SLC41A1
ENSG00000133067.18	protein_coding	LGR6
ENSG00000133069.17	protein_coding	TMCC2
ENSG00000133083.15	protein_coding	DCLK1
ENSG00000133101.10	protein_coding	CCNA1
ENSG00000133103.17	protein_coding	COG6
ENSG00000133104.14	protein_coding	SPART
ENSG00000133105.8	protein_coding	RXFP2
ENSG00000133106.15	protein_coding	EPSTI1
ENSG00000133107.15	protein_coding	TRPC4
ENSG00000133110.15	protein_coding	POSTN
ENSG00000133111.4	protein_coding	RFXAP
ENSG00000133112.17	protein_coding	TPT1
ENSG00000133114.18	protein_coding	GPALPP1
ENSG00000133115.12	protein_coding	STOML3
ENSG00000133116.8	protein_coding	KL
ENSG00000133119.13	protein_coding	RFC3
ENSG00000133121.21	protein_coding	STARD13
ENSG00000133124.12	protein_coding	IRS4
ENSG00000133131.15	protein_coding	MORC4
ENSG00000133134.12	protein_coding	BEX2
ENSG00000133135.14	protein_coding	RNF128
ENSG00000133136.6	protein_coding	GNG5B
ENSG00000133138.20	protein_coding	TBC1D8B
ENSG00000133142.19	protein_coding	TCEAL4
ENSG00000133169.6	protein_coding	BEX1
ENSG00000133193.13	protein_coding	FAM104A
ENSG00000133195.12	protein_coding	SLC39A11
ENSG00000133216.17	protein_coding	EPHB2
ENSG00000133226.19	protein_coding	SRRM1
ENSG00000133243.10	protein_coding	BTBD2
ENSG00000133246.12	protein_coding	PRAM1
ENSG00000133247.14	protein_coding	KMT5C
ENSG00000133250.14	protein_coding	ZNF414
ENSG00000133256.13	protein_coding	PDE6B
ENSG00000133265.11	protein_coding	HSPBP1
ENSG00000133275.16	protein_coding	CSNK1G2
ENSG00000133302.13	protein_coding	SLF1
ENSG00000133313.15	protein_coding	CNDP2
ENSG00000133315.12	protein_coding	MACROD1
ENSG00000133316.16	protein_coding	WDR74
ENSG00000133317.16	protein_coding	LGALS12
ENSG00000133318.14	protein_coding	RTN3
ENSG00000133321.11	protein_coding	PLAAT4
ENSG00000133328.4	protein_coding	PLAAT2
ENSG00000133392.18	protein_coding	MYH11
ENSG00000133393.13	protein_coding	CEP20
ENSG00000133398.4	protein_coding	MED10
ENSG00000133401.16	protein_coding	PDZD2
ENSG00000133422.14	protein_coding	MORC2
ENSG00000133424.22	protein_coding	LARGE1
ENSG00000133433.11	protein_coding	GSTT2B
ENSG00000133454.16	protein_coding	MYO18B
ENSG00000133460.20	protein_coding	SLC2A11
ENSG00000133466.14	protein_coding	C1QTNF6
ENSG00000133477.17	protein_coding	FAM83F
ENSG00000133488.15	protein_coding	SEC14L4
ENSG00000133561.15	protein_coding	GIMAP6
ENSG00000133574.10	protein_coding	GIMAP4
ENSG00000133597.11	protein_coding	ADCK2
ENSG00000133606.11	protein_coding	MKRN1
ENSG00000133612.19	protein_coding	AGAP3
ENSG00000133619.18	protein_coding	KRBA1
ENSG00000133627.18	protein_coding	ACTR3B
ENSG00000133636.11	protein_coding	NTS
ENSG00000133639.6	protein_coding	BTG1
ENSG00000133640.20	protein_coding	LRRIQ1
ENSG00000133641.18	protein_coding	C12orf29
ENSG00000133657.17	protein_coding	ATP13A3
ENSG00000133661.17	protein_coding	SFTPD
ENSG00000133665.13	protein_coding	DYDC2
ENSG00000133678.14	protein_coding	TMEM254
ENSG00000133687.16	protein_coding	TMTC1
ENSG00000133703.14	protein_coding	KRAS
ENSG00000133704.10	protein_coding	IPO8
ENSG00000133706.19	protein_coding	LARS1
ENSG00000133710.17	protein_coding	SPINK5
ENSG00000133731.10	protein_coding	IMPA1
ENSG00000133739.16	protein_coding	LRRCC1
ENSG00000133740.11	protein_coding	E2F5
ENSG00000133742.14	protein_coding	CA1
ENSG00000133773.12	protein_coding	CCDC59
ENSG00000133789.15	protein_coding	SWAP70
ENSG00000133794.20	protein_coding	BMAL1
ENSG00000133800.9	protein_coding	LYVE1
ENSG00000133805.16	protein_coding	AMPD3
ENSG00000133812.18	protein_coding	SBF2
ENSG00000133816.19	protein_coding	MICAL2
ENSG00000133818.14	protein_coding	RRAS2
ENSG00000133835.18	protein_coding	HSD17B4
ENSG00000133858.17	protein_coding	ZFC3H1
ENSG00000133863.9	protein_coding	TEX15
ENSG00000133872.14	protein_coding	SARAF
ENSG00000133874.2	protein_coding	RNF122
ENSG00000133878.9	protein_coding	DUSP26
ENSG00000133884.11	protein_coding	DPF2
ENSG00000133895.18	protein_coding	MEN1
ENSG00000133935.7	protein_coding	ERG28
ENSG00000133937.5	protein_coding	GSC
ENSG00000133943.21	protein_coding	DGLUCY
ENSG00000133958.14	protein_coding	UNC79
ENSG00000133961.21	protein_coding	NUMB
ENSG00000133962.8	protein_coding	CATSPERB
ENSG00000133980.5	protein_coding	VRTN
ENSG00000133983.16	protein_coding	COX16
ENSG00000133985.3	protein_coding	TTC9
ENSG00000133997.12	protein_coding	MED6
ENSG00000134001.15	protein_coding	EIF2S1
ENSG00000134007.5	protein_coding	ADAM20
ENSG00000134013.16	protein_coding	LOXL2
ENSG00000134014.18	protein_coding	ELP3
ENSG00000134020.8	protein_coding	PEBP4
ENSG00000134028.14	protein_coding	ADAMDEC1
ENSG00000134030.14	protein_coding	CTIF
ENSG00000134042.14	protein_coding	MRO
ENSG00000134046.12	protein_coding	MBD2
ENSG00000134049.6	protein_coding	IER3IP1
ENSG00000134056.12	protein_coding	MRPS36
ENSG00000134057.15	protein_coding	CCNB1
ENSG00000134058.12	protein_coding	CDK7
ENSG00000134061.5	protein_coding	CD180
ENSG00000134070.5	protein_coding	IRAK2
ENSG00000134072.11	protein_coding	CAMK1
ENSG00000134077.16	protein_coding	THUMPD3
ENSG00000134086.9	protein_coding	VHL
ENSG00000134107.5	protein_coding	BHLHE40
ENSG00000134108.14	protein_coding	ARL8B
ENSG00000134109.11	protein_coding	EDEM1
ENSG00000134115.13	protein_coding	CNTN6
ENSG00000134121.10	protein_coding	CHL1
ENSG00000134138.22	protein_coding	MEIS2
ENSG00000134146.12	protein_coding	DPH6
ENSG00000134152.11	protein_coding	KATNBL1
ENSG00000134153.10	protein_coding	EMC7
ENSG00000134160.16	protein_coding	TRPM1
ENSG00000134183.13	protein_coding	GNAT2
ENSG00000134184.13	protein_coding	GSTM1
ENSG00000134186.12	protein_coding	PRPF38B
ENSG00000134193.15	protein_coding	REG4
ENSG00000134198.10	protein_coding	TSPAN2
ENSG00000134200.4	protein_coding	TSHB
ENSG00000134201.12	protein_coding	GSTM5
ENSG00000134202.12	protein_coding	GSTM3
ENSG00000134207.17	protein_coding	SYT6
ENSG00000134215.16	protein_coding	VAV3
ENSG00000134216.19	protein_coding	CHIA
ENSG00000134222.16	protein_coding	PSRC1
ENSG00000134240.12	protein_coding	HMGCS2
ENSG00000134242.16	protein_coding	PTPN22
ENSG00000134243.12	protein_coding	SORT1
ENSG00000134245.18	protein_coding	WNT2B
ENSG00000134247.10	protein_coding	PTGFRN
ENSG00000134248.14	protein_coding	LAMTOR5
ENSG00000134249.7	protein_coding	ADAM30
ENSG00000134250.21	protein_coding	NOTCH2
ENSG00000134253.10	protein_coding	TRIM45
ENSG00000134255.16	protein_coding	CEPT1
ENSG00000134256.13	protein_coding	CD101
ENSG00000134258.18	protein_coding	VTCN1
ENSG00000134259.6	protein_coding	NGF
ENSG00000134262.13	protein_coding	AP4B1
ENSG00000134265.13	protein_coding	NAPG
ENSG00000134278.16	protein_coding	SPIRE1
ENSG00000134283.18	protein_coding	PPHLN1
ENSG00000134285.11	protein_coding	FKBP11
ENSG00000134287.10	protein_coding	ARF3
ENSG00000134291.12	protein_coding	TMEM106C
ENSG00000134294.14	protein_coding	SLC38A2
ENSG00000134308.14	protein_coding	YWHAQ
ENSG00000134313.17	protein_coding	KIDINS220
ENSG00000134317.18	protein_coding	GRHL1
ENSG00000134318.16	protein_coding	ROCK2
ENSG00000134321.13	protein_coding	RSAD2
ENSG00000134323.13	protein_coding	MYCN
ENSG00000134324.12	protein_coding	LPIN1
ENSG00000134326.12	protein_coding	CMPK2
ENSG00000134330.19	protein_coding	IAH1
ENSG00000134333.15	protein_coding	LDHA
ENSG00000134339.9	protein_coding	SAA2
ENSG00000134343.14	protein_coding	ANO3
ENSG00000134352.21	protein_coding	IL6ST
ENSG00000134363.12	protein_coding	FST
ENSG00000134365.15	protein_coding	CFHR4
ENSG00000134369.16	protein_coding	NAV1
ENSG00000134371.14	protein_coding	CDC73
ENSG00000134375.11	protein_coding	TIMM17A
ENSG00000134376.17	protein_coding	CRB1
ENSG00000134389.11	protein_coding	CFHR5
ENSG00000134398.15	protein_coding	ERN2
ENSG00000134419.15	protein_coding	RPS15A
ENSG00000134438.10	protein_coding	RAX
ENSG00000134440.12	protein_coding	NARS1
ENSG00000134443.10	protein_coding	GRP
ENSG00000134444.15	protein_coding	RELCH
ENSG00000134452.20	protein_coding	FBH1
ENSG00000134453.16	protein_coding	RBM17
ENSG00000134460.19	protein_coding	IL2RA
ENSG00000134461.16	protein_coding	ANKRD16
ENSG00000134463.15	protein_coding	ECHDC3
ENSG00000134470.21	protein_coding	IL15RA
ENSG00000134480.16	protein_coding	CCNH
ENSG00000134489.7	protein_coding	HRH4
ENSG00000134490.14	protein_coding	TMEM241
ENSG00000134504.14	protein_coding	KCTD1
ENSG00000134508.13	protein_coding	CABLES1
ENSG00000134516.20	protein_coding	DOCK2
ENSG00000134531.10	protein_coding	EMP1
ENSG00000134532.20	protein_coding	SOX5
ENSG00000134533.6	protein_coding	RERG
ENSG00000134538.3	protein_coding	SLCO1B1
ENSG00000134539.17	protein_coding	KLRD1
ENSG00000134545.14	protein_coding	KLRC1
ENSG00000134548.11	protein_coding	SPX
ENSG00000134551.13	protein_coding	PRH2
ENSG00000134569.10	protein_coding	LRP4
ENSG00000134571.12	protein_coding	MYBPC3
ENSG00000134574.12	protein_coding	DDB2
ENSG00000134575.13	protein_coding	ACP2
ENSG00000134588.13	protein_coding	USP26
ENSG00000134590.14	protein_coding	RTL8C
ENSG00000134594.5	protein_coding	RAB33A
ENSG00000134595.9	protein_coding	SOX3
ENSG00000134597.17	protein_coding	RBMX2
ENSG00000134602.16	protein_coding	STK26
ENSG00000134627.12	protein_coding	PIWIL4
ENSG00000134640.3	protein_coding	MTNR1B
ENSG00000134644.16	protein_coding	PUM1
ENSG00000134668.13	protein_coding	SPOCD1
ENSG00000134684.13	protein_coding	YARS1
ENSG00000134686.21	protein_coding	PHC2
ENSG00000134690.11	protein_coding	CDCA8
ENSG00000134697.13	protein_coding	GNL2
ENSG00000134698.11	protein_coding	AGO4
ENSG00000134709.13	protein_coding	HOOK1
ENSG00000134716.11	protein_coding	CYP2J2
ENSG00000134717.18	protein_coding	BTF3L4
ENSG00000134744.14	protein_coding	TUT4
ENSG00000134748.13	protein_coding	PRPF38A
ENSG00000134755.18	protein_coding	DSC2
ENSG00000134757.5	protein_coding	DSG3
ENSG00000134758.14	protein_coding	RNF138
ENSG00000134759.14	protein_coding	ELP2
ENSG00000134760.6	protein_coding	DSG1
ENSG00000134762.17	protein_coding	DSC3
ENSG00000134765.10	protein_coding	DSC1
ENSG00000134769.23	protein_coding	DTNA
ENSG00000134775.16	protein_coding	FHOD3
ENSG00000134779.15	protein_coding	TPGS2
ENSG00000134780.10	protein_coding	DAGLA
ENSG00000134802.18	protein_coding	SLC43A3
ENSG00000134809.9	protein_coding	TIMM10
ENSG00000134812.8	protein_coding	CBLIF
ENSG00000134815.19	protein_coding	DHX34
ENSG00000134817.12	protein_coding	APLNR
ENSG00000134824.14	protein_coding	FADS2
ENSG00000134825.16	protein_coding	TMEM258
ENSG00000134827.8	protein_coding	TCN1
ENSG00000134830.6	protein_coding	C5AR2
ENSG00000134851.13	protein_coding	TMEM165
ENSG00000134852.15	protein_coding	CLOCK
ENSG00000134853.12	protein_coding	PDGFRA
ENSG00000134864.11	protein_coding	GGACT
ENSG00000134871.19	protein_coding	COL4A2
ENSG00000134873.10	protein_coding	CLDN10
ENSG00000134874.18	protein_coding	DZIP1
ENSG00000134882.16	protein_coding	UBAC2
ENSG00000134884.15	protein_coding	ARGLU1
ENSG00000134897.14	protein_coding	BIVM
ENSG00000134899.24	protein_coding	ERCC5
ENSG00000134900.13	protein_coding	TPP2
ENSG00000134901.14	protein_coding	POGLUT2
ENSG00000134905.17	protein_coding	CARS2
ENSG00000134909.19	protein_coding	ARHGAP32
ENSG00000134910.14	protein_coding	STT3A
ENSG00000134917.10	protein_coding	ADAMTS8
ENSG00000134940.14	protein_coding	ACRV1
ENSG00000134954.14	protein_coding	ETS1
ENSG00000134955.12	protein_coding	SLC37A2
ENSG00000134962.7	protein_coding	KLB
ENSG00000134970.14	protein_coding	TMED7
ENSG00000134982.17	protein_coding	APC
ENSG00000134986.14	protein_coding	NREP
ENSG00000134987.13	protein_coding	WDR36
ENSG00000134996.12	protein_coding	OSTF1
ENSG00000135002.12	protein_coding	RFK
ENSG00000135018.14	protein_coding	UBQLN1
ENSG00000135040.16	protein_coding	NAA35
ENSG00000135045.7	protein_coding	C9orf40
ENSG00000135046.14	protein_coding	ANXA1
ENSG00000135047.16	protein_coding	CTSL
ENSG00000135048.14	protein_coding	CEMIP2
ENSG00000135049.16	protein_coding	AGTPBP1
ENSG00000135052.16	protein_coding	GOLM1
ENSG00000135063.20	protein_coding	ENTREP1
ENSG00000135069.14	protein_coding	PSAT1
ENSG00000135070.15	protein_coding	ISCA1
ENSG00000135074.16	protein_coding	ADAM19
ENSG00000135077.10	protein_coding	HAVCR2
ENSG00000135083.17	protein_coding	CCNJL
ENSG00000135090.14	protein_coding	TAOK3
ENSG00000135093.13	protein_coding	USP30
ENSG00000135094.11	protein_coding	SDS
ENSG00000135097.7	protein_coding	MSI1
ENSG00000135100.19	protein_coding	HNF1A
ENSG00000135108.16	protein_coding	FBXO21
ENSG00000135111.16	protein_coding	TBX3
ENSG00000135114.14	protein_coding	OASL
ENSG00000135116.9	protein_coding	HRK
ENSG00000135119.15	protein_coding	RNFT2
ENSG00000135124.16	protein_coding	P2RX4
ENSG00000135127.12	protein_coding	BICDL1
ENSG00000135144.8	protein_coding	DTX1
ENSG00000135148.12	protein_coding	TRAFD1
ENSG00000135164.19	protein_coding	DMTF1
ENSG00000135175.6	protein_coding	OCM2
ENSG00000135185.12	protein_coding	TMEM243
ENSG00000135205.15	protein_coding	CCDC146
ENSG00000135211.6	protein_coding	TMEM60
ENSG00000135218.19	protein_coding	CD36
ENSG00000135220.11	protein_coding	UGT2A3
ENSG00000135222.7	protein_coding	CSN2
ENSG00000135226.18	protein_coding	UGT2B28
ENSG00000135241.17	protein_coding	PNPLA8
ENSG00000135245.10	protein_coding	HILPDA
ENSG00000135248.16	protein_coding	GARIN1B
ENSG00000135249.8	protein_coding	RINT1
ENSG00000135250.17	protein_coding	SRPK2
ENSG00000135253.16	protein_coding	KCP
ENSG00000135269.18	protein_coding	TES
ENSG00000135272.13	protein_coding	MDFIC
ENSG00000135297.17	protein_coding	MTO1
ENSG00000135298.15	protein_coding	ADGRB3
ENSG00000135299.17	protein_coding	ANKRD6
ENSG00000135312.7	protein_coding	HTR1B
ENSG00000135314.13	protein_coding	KHDC1
ENSG00000135315.12	protein_coding	CEP162
ENSG00000135316.19	protein_coding	SYNCRIP
ENSG00000135317.14	protein_coding	SNX14
ENSG00000135318.12	protein_coding	NT5E
ENSG00000135324.6	protein_coding	MRAP2
ENSG00000135333.15	protein_coding	EPHA7
ENSG00000135334.9	protein_coding	AKIRIN2
ENSG00000135336.16	protein_coding	ORC3
ENSG00000135338.14	protein_coding	LCA5
ENSG00000135341.19	protein_coding	MAP3K7
ENSG00000135346.9	protein_coding	CGA
ENSG00000135355.4	protein_coding	GJA10
ENSG00000135362.14	protein_coding	PRR5L
ENSG00000135363.12	protein_coding	LMO2
ENSG00000135365.17	protein_coding	PHF21A
ENSG00000135372.10	protein_coding	NAT10
ENSG00000135373.13	protein_coding	EHF
ENSG00000135374.11	protein_coding	ELF5
ENSG00000135378.4	protein_coding	PRRG4
ENSG00000135387.21	protein_coding	CAPRIN1
ENSG00000135390.21	protein_coding	ATP5MC2
ENSG00000135392.19	protein_coding	DNAJC14
ENSG00000135404.12	protein_coding	CD63
ENSG00000135406.15	protein_coding	PRPH
ENSG00000135407.11	protein_coding	AVIL
ENSG00000135409.11	protein_coding	AMHR2
ENSG00000135413.9	protein_coding	LACRT
ENSG00000135414.10	protein_coding	GDF11
ENSG00000135423.13	protein_coding	GLS2
ENSG00000135424.19	protein_coding	ITGA7
ENSG00000135426.16	protein_coding	TESPA1
ENSG00000135436.8	protein_coding	FAM186B
ENSG00000135437.10	protein_coding	RDH5
ENSG00000135439.12	protein_coding	AGAP2
ENSG00000135441.8	protein_coding	BLOC1S1
ENSG00000135443.8	protein_coding	KRT85
ENSG00000135446.17	protein_coding	CDK4
ENSG00000135447.17	protein_coding	PPP1R1A
ENSG00000135451.13	protein_coding	TROAP
ENSG00000135452.10	protein_coding	TSPAN31
ENSG00000135454.14	protein_coding	B4GALNT1
ENSG00000135457.11	protein_coding	TFCP2
ENSG00000135469.14	protein_coding	COQ10A
ENSG00000135472.9	protein_coding	FAIM2
ENSG00000135473.16	protein_coding	PAN2
ENSG00000135476.12	protein_coding	ESPL1
ENSG00000135480.17	protein_coding	KRT7
ENSG00000135482.7	protein_coding	ZC3H10
ENSG00000135486.19	protein_coding	HNRNPA1
ENSG00000135503.13	protein_coding	ACVR1B
ENSG00000135506.17	protein_coding	OS9
ENSG00000135517.9	protein_coding	MIP
ENSG00000135519.8	protein_coding	KCNH3
ENSG00000135521.9	protein_coding	LTV1
ENSG00000135525.19	protein_coding	MAP7
ENSG00000135535.17	protein_coding	CD164
ENSG00000135537.17	protein_coding	AFG1L
ENSG00000135540.12	protein_coding	NHSL1
ENSG00000135541.22	protein_coding	AHI1
ENSG00000135547.9	protein_coding	HEY2
ENSG00000135549.16	protein_coding	PKIB
ENSG00000135569.5	protein_coding	TAAR5
ENSG00000135577.5	protein_coding	NMBR
ENSG00000135587.9	protein_coding	SMPD2
ENSG00000135596.18	protein_coding	MICAL1
ENSG00000135597.19	protein_coding	REPS1
ENSG00000135604.11	protein_coding	STX11
ENSG00000135605.13	protein_coding	TEC
ENSG00000135617.4	protein_coding	PRADC1
ENSG00000135622.13	protein_coding	SEMA4F
ENSG00000135624.17	protein_coding	CCT7
ENSG00000135625.8	protein_coding	EGR4
ENSG00000135631.17	protein_coding	RAB11FIP5
ENSG00000135632.12	protein_coding	SMYD5
ENSG00000135636.16	protein_coding	DYSF
ENSG00000135637.14	protein_coding	CCDC142
ENSG00000135638.14	protein_coding	EMX1
ENSG00000135643.5	protein_coding	KCNMB4
ENSG00000135655.16	protein_coding	USP15
ENSG00000135677.11	protein_coding	GNS
ENSG00000135678.12	protein_coding	CPM
ENSG00000135679.27	protein_coding	MDM2
ENSG00000135686.13	protein_coding	KLHL36
ENSG00000135697.10	protein_coding	BCO1
ENSG00000135698.10	protein_coding	MPHOSPH6
ENSG00000135702.15	protein_coding	CHST5
ENSG00000135709.14	protein_coding	KIAA0513
ENSG00000135720.13	protein_coding	DYNC1LI2
ENSG00000135722.9	protein_coding	FBXL8
ENSG00000135723.14	protein_coding	FHOD1
ENSG00000135736.6	protein_coding	CCDC102A
ENSG00000135740.17	protein_coding	SLC9A5
ENSG00000135744.9	protein_coding	AGT
ENSG00000135747.11	protein_coding	ZNF670-ZNF695
ENSG00000135749.19	protein_coding	PCNX2
ENSG00000135750.15	protein_coding	KCNK1
ENSG00000135763.10	protein_coding	URB2
ENSG00000135766.9	protein_coding	EGLN1
ENSG00000135773.13	protein_coding	CAPN9
ENSG00000135775.14	protein_coding	COG2
ENSG00000135776.5	protein_coding	ABCB10
ENSG00000135778.12	protein_coding	NTPCR
ENSG00000135801.11	protein_coding	TAF5L
ENSG00000135821.19	protein_coding	GLUL
ENSG00000135823.14	protein_coding	STX6
ENSG00000135824.13	protein_coding	RGS8
ENSG00000135828.11	protein_coding	RNASEL
ENSG00000135829.17	protein_coding	DHX9
ENSG00000135835.12	protein_coding	KIAA1614
ENSG00000135837.17	protein_coding	CEP350
ENSG00000135838.14	protein_coding	NPL
ENSG00000135842.17	protein_coding	NIBAN1
ENSG00000135845.10	protein_coding	PIGC
ENSG00000135862.6	protein_coding	LAMC1
ENSG00000135870.12	protein_coding	RC3H1
ENSG00000135898.10	protein_coding	GPR55
ENSG00000135899.20	protein_coding	SP110
ENSG00000135900.4	protein_coding	MRPL44
ENSG00000135902.10	protein_coding	CHRND
ENSG00000135903.20	protein_coding	PAX3
ENSG00000135905.21	protein_coding	DOCK10
ENSG00000135912.11	protein_coding	TTLL4
ENSG00000135913.11	protein_coding	USP37
ENSG00000135914.6	protein_coding	HTR2B
ENSG00000135916.16	protein_coding	ITM2C
ENSG00000135917.16	protein_coding	SLC19A3
ENSG00000135919.14	protein_coding	SERPINE2
ENSG00000135924.17	protein_coding	DNAJB2
ENSG00000135925.9	protein_coding	WNT10A
ENSG00000135926.15	protein_coding	TMBIM1
ENSG00000135929.9	protein_coding	CYP27A1
ENSG00000135930.15	protein_coding	EIF4E2
ENSG00000135931.19	protein_coding	ARMC9
ENSG00000135932.12	protein_coding	CAB39
ENSG00000135940.7	protein_coding	COX5B
ENSG00000135945.10	protein_coding	REV1
ENSG00000135951.16	protein_coding	TSGA10
ENSG00000135953.11	protein_coding	MFSD9
ENSG00000135956.9	protein_coding	TMEM127
ENSG00000135960.10	protein_coding	EDAR
ENSG00000135966.13	protein_coding	TGFBRAP1
ENSG00000135968.22	protein_coding	GCC2
ENSG00000135972.9	protein_coding	MRPS9
ENSG00000135973.3	protein_coding	GPR45
ENSG00000135974.10	protein_coding	C2orf49
ENSG00000135976.21	protein_coding	ANKRD36
ENSG00000135999.12	protein_coding	EPC2
ENSG00000136002.20	protein_coding	ARHGEF4
ENSG00000136003.16	protein_coding	ISCU
ENSG00000136010.14	protein_coding	ALDH1L2
ENSG00000136011.15	protein_coding	STAB2
ENSG00000136014.12	protein_coding	USP44
ENSG00000136021.19	protein_coding	SCYL2
ENSG00000136026.14	protein_coding	CKAP4
ENSG00000136040.9	protein_coding	PLXNC1
ENSG00000136044.12	protein_coding	APPL2
ENSG00000136045.12	protein_coding	PWP1
ENSG00000136048.14	protein_coding	DRAM1
ENSG00000136051.15	protein_coding	WASHC4
ENSG00000136052.10	protein_coding	SLC41A2
ENSG00000136059.16	protein_coding	VILL
ENSG00000136068.16	protein_coding	FLNB
ENSG00000136098.17	protein_coding	NEK3
ENSG00000136099.13	protein_coding	PCDH8
ENSG00000136100.14	protein_coding	VPS36
ENSG00000136104.21	protein_coding	RNASEH2B
ENSG00000136108.15	protein_coding	CKAP2
ENSG00000136110.13	protein_coding	CNMD
ENSG00000136111.14	protein_coding	TBC1D4
ENSG00000136114.17	protein_coding	THSD1
ENSG00000136122.18	protein_coding	BORA
ENSG00000136141.15	protein_coding	LRCH1
ENSG00000136143.16	protein_coding	SUCLA2
ENSG00000136144.12	protein_coding	RCBTB1
ENSG00000136146.15	protein_coding	MED4
ENSG00000136147.18	protein_coding	PHF11
ENSG00000136152.15	protein_coding	COG3
ENSG00000136153.20	protein_coding	LMO7
ENSG00000136155.17	protein_coding	SCEL
ENSG00000136156.15	protein_coding	ITM2B
ENSG00000136158.12	protein_coding	SPRY2
ENSG00000136159.4	protein_coding	NUDT15
ENSG00000136160.17	protein_coding	EDNRB
ENSG00000136161.13	protein_coding	RCBTB2
ENSG00000136167.15	protein_coding	LCP1
ENSG00000136169.17	protein_coding	SETDB2
ENSG00000136193.17	protein_coding	SCRN1
ENSG00000136197.14	protein_coding	C7orf25
ENSG00000136205.18	protein_coding	TNS3
ENSG00000136206.5	protein_coding	SPDYE1
ENSG00000136213.10	protein_coding	CHST12
ENSG00000136231.14	protein_coding	IGF2BP3
ENSG00000136235.17	protein_coding	GPNMB
ENSG00000136237.19	protein_coding	RAPGEF5
ENSG00000136238.20	protein_coding	RAC1
ENSG00000136240.10	protein_coding	KDELR2
ENSG00000136243.18	protein_coding	NUP42
ENSG00000136244.12	protein_coding	IL6
ENSG00000136247.15	protein_coding	ZDHHC4
ENSG00000136250.12	protein_coding	AOAH
ENSG00000136261.16	protein_coding	BZW2
ENSG00000136267.14	protein_coding	DGKB
ENSG00000136270.14	protein_coding	TBRG4
ENSG00000136271.11	protein_coding	DDX56
ENSG00000136273.13	protein_coding	HUS1
ENSG00000136274.9	protein_coding	NACAD
ENSG00000136279.21	protein_coding	DBNL
ENSG00000136280.17	protein_coding	CCM2
ENSG00000136286.16	protein_coding	MYO1G
ENSG00000136295.16	protein_coding	TTYH3
ENSG00000136297.15	protein_coding	MMD2
ENSG00000136305.12	protein_coding	CIDEB
ENSG00000136319.12	protein_coding	TTC5
ENSG00000136327.7	protein_coding	NKX2-8
ENSG00000136352.20	protein_coding	NKX2-1
ENSG00000136367.15	protein_coding	ZFHX2
ENSG00000136371.11	protein_coding	MTHFS
ENSG00000136378.15	protein_coding	ADAMTS7
ENSG00000136379.12	protein_coding	ABHD17C
ENSG00000136381.13	protein_coding	IREB2
ENSG00000136383.7	protein_coding	ALPK3
ENSG00000136404.16	protein_coding	TM6SF1
ENSG00000136425.14	protein_coding	CIB2
ENSG00000136436.15	protein_coding	CALCOCO2
ENSG00000136444.10	protein_coding	RSAD1
ENSG00000136448.13	protein_coding	NMT1
ENSG00000136449.16	protein_coding	MYCBPAP
ENSG00000136450.13	protein_coding	SRSF1
ENSG00000136451.9	protein_coding	VEZF1
ENSG00000136457.10	protein_coding	CHAD
ENSG00000136463.9	protein_coding	TACO1
ENSG00000136478.9	protein_coding	TEX2
ENSG00000136485.16	protein_coding	DCAF7
ENSG00000136487.18	protein_coding	GH2
ENSG00000136488.15	protein_coding	CSH1
ENSG00000136490.9	protein_coding	LIMD2
ENSG00000136492.10	protein_coding	BRIP1
ENSG00000136504.14	protein_coding	KAT7
ENSG00000136514.3	protein_coding	RTP4
ENSG00000136518.17	protein_coding	ACTL6A
ENSG00000136521.13	protein_coding	NDUFB5
ENSG00000136522.14	protein_coding	MRPL47
ENSG00000136527.19	protein_coding	TRA2B
ENSG00000136531.19	protein_coding	SCN2A
ENSG00000136535.15	protein_coding	TBR1
ENSG00000136536.15	protein_coding	MARCHF7
ENSG00000136541.15	protein_coding	ERMN
ENSG00000136542.9	protein_coding	GALNT5
ENSG00000136546.17	protein_coding	SCN7A
ENSG00000136560.14	protein_coding	TANK
ENSG00000136573.15	protein_coding	BLK
ENSG00000136574.19	protein_coding	GATA4
ENSG00000136603.15	protein_coding	SKIL
ENSG00000136628.18	protein_coding	EPRS1
ENSG00000136630.13	protein_coding	HLX
ENSG00000136631.16	protein_coding	VPS45
ENSG00000136634.7	protein_coding	IL10
ENSG00000136636.13	protein_coding	KCTD3
ENSG00000136643.12	protein_coding	RPS6KC1
ENSG00000136682.16	protein_coding	ZNG1B
ENSG00000136688.11	protein_coding	IL36G
ENSG00000136689.20	protein_coding	IL1RN
ENSG00000136694.9	protein_coding	IL36A
ENSG00000136695.15	protein_coding	IL36RN
ENSG00000136696.11	protein_coding	IL36B
ENSG00000136697.13	protein_coding	IL1F10
ENSG00000136698.10	protein_coding	CFC1
ENSG00000136699.20	protein_coding	SMPD4
ENSG00000136709.12	protein_coding	WDR33
ENSG00000136710.10	protein_coding	CCDC115
ENSG00000136715.19	protein_coding	SAP130
ENSG00000136717.15	protein_coding	BIN1
ENSG00000136718.10	protein_coding	IMP4
ENSG00000136720.7	protein_coding	HS6ST1
ENSG00000136731.13	protein_coding	UGGT1
ENSG00000136732.16	protein_coding	GYPC
ENSG00000136738.15	protein_coding	STAM
ENSG00000136750.13	protein_coding	GAD2
ENSG00000136754.18	protein_coding	ABI1
ENSG00000136758.20	protein_coding	YME1L1
ENSG00000136770.11	protein_coding	DNAJC1
ENSG00000136783.10	protein_coding	NIPSNAP3A
ENSG00000136802.12	protein_coding	LRRC8A
ENSG00000136807.14	protein_coding	CDK9
ENSG00000136810.13	protein_coding	TXN
ENSG00000136811.17	protein_coding	ODF2
ENSG00000136813.15	protein_coding	ECPAS
ENSG00000136816.16	protein_coding	TOR1B
ENSG00000136819.15	protein_coding	C9orf78
ENSG00000136824.19	protein_coding	SMC2
ENSG00000136826.15	protein_coding	KLF4
ENSG00000136827.12	protein_coding	TOR1A
ENSG00000136828.19	protein_coding	RALGPS1
ENSG00000136830.12	protein_coding	NIBAN2
ENSG00000136834.3	protein_coding	OR1J1
ENSG00000136839.1	protein_coding	OR13C9
ENSG00000136840.19	protein_coding	ST6GALNAC4
ENSG00000136842.14	protein_coding	TMOD1
ENSG00000136848.19	protein_coding	DAB2IP
ENSG00000136854.25	protein_coding	STXBP1
ENSG00000136856.18	protein_coding	SLC2A8
ENSG00000136859.10	protein_coding	ANGPTL2
ENSG00000136861.19	protein_coding	CDK5RAP2
ENSG00000136866.14	protein_coding	ZFP37
ENSG00000136867.11	protein_coding	SLC31A2
ENSG00000136868.11	protein_coding	SLC31A1
ENSG00000136869.16	protein_coding	TLR4
ENSG00000136870.11	protein_coding	ZNF189
ENSG00000136872.21	protein_coding	ALDOB
ENSG00000136874.11	protein_coding	STX17
ENSG00000136875.13	protein_coding	PRPF4
ENSG00000136877.15	protein_coding	FPGS
ENSG00000136878.14	protein_coding	USP20
ENSG00000136881.12	protein_coding	BAAT
ENSG00000136883.16	protein_coding	KIF12
ENSG00000136888.8	protein_coding	ATP6V1G1
ENSG00000136891.14	protein_coding	TEX10
ENSG00000136895.19	protein_coding	GARNL3
ENSG00000136897.8	protein_coding	MRPL50
ENSG00000136908.18	protein_coding	DPM2
ENSG00000136918.8	protein_coding	WDR38
ENSG00000136925.15	protein_coding	TSTD2
ENSG00000136928.7	protein_coding	GABBR2
ENSG00000136929.13	protein_coding	HEMGN
ENSG00000136930.13	protein_coding	PSMB7
ENSG00000136931.10	protein_coding	NR5A1
ENSG00000136932.15	protein_coding	TRMO
ENSG00000136933.17	protein_coding	RABEPK
ENSG00000136935.14	protein_coding	GOLGA1
ENSG00000136936.11	protein_coding	XPA
ENSG00000136937.13	protein_coding	NCBP1
ENSG00000136938.9	protein_coding	ANP32B
ENSG00000136939.1	protein_coding	OR1L4
ENSG00000136940.14	protein_coding	PDCL
ENSG00000136942.15	protein_coding	RPL35
ENSG00000136943.12	protein_coding	CTSV
ENSG00000136944.19	protein_coding	LMX1B
ENSG00000136950.13	protein_coding	ARPC5L
ENSG00000136960.13	protein_coding	ENPP2
ENSG00000136982.6	protein_coding	DSCC1
ENSG00000136986.10	protein_coding	DERL1
ENSG00000136997.22	protein_coding	MYC
ENSG00000136999.5	protein_coding	CCN3
ENSG00000137033.12	protein_coding	IL33
ENSG00000137038.8	protein_coding	DMAC1
ENSG00000137040.10	protein_coding	RANBP6
ENSG00000137054.16	protein_coding	POLR1E
ENSG00000137055.15	protein_coding	PLAA
ENSG00000137070.19	protein_coding	IL11RA
ENSG00000137073.24	protein_coding	UBAP2
ENSG00000137074.20	protein_coding	APTX
ENSG00000137075.18	protein_coding	RNF38
ENSG00000137076.22	protein_coding	TLN1
ENSG00000137077.8	protein_coding	CCL21
ENSG00000137078.10	protein_coding	SIT1
ENSG00000137080.4	protein_coding	IFNA21
ENSG00000137090.12	protein_coding	DMRT1
ENSG00000137094.16	protein_coding	DNAJB5
ENSG00000137098.14	protein_coding	SPAG8
ENSG00000137100.16	protein_coding	DCTN3
ENSG00000137101.14	protein_coding	CD72
ENSG00000137103.20	protein_coding	TMEM8B
ENSG00000137106.18	protein_coding	GRHPR
ENSG00000137124.8	protein_coding	ALDH1B1
ENSG00000137133.11	protein_coding	HINT2
ENSG00000137135.18	protein_coding	ARHGEF39
ENSG00000137142.5	protein_coding	IGFBPL1
ENSG00000137145.21	protein_coding	DENND4C
ENSG00000137154.13	protein_coding	RPS6
ENSG00000137161.18	protein_coding	CNPY3
ENSG00000137166.18	protein_coding	FOXP4
ENSG00000137168.8	protein_coding	PPIL1
ENSG00000137171.15	protein_coding	KLC4
ENSG00000137177.20	protein_coding	KIF13A
ENSG00000137185.13	protein_coding	ZSCAN9
ENSG00000137193.14	protein_coding	PIM1
ENSG00000137198.10	protein_coding	GMPR
ENSG00000137200.13	protein_coding	CMTR1
ENSG00000137203.15	protein_coding	TFAP2A
ENSG00000137204.15	protein_coding	SLC22A7
ENSG00000137207.12	protein_coding	YIPF3
ENSG00000137210.14	protein_coding	TMEM14B
ENSG00000137216.19	protein_coding	TMEM63B
ENSG00000137218.10	protein_coding	FRS3
ENSG00000137221.14	protein_coding	TJAP1
ENSG00000137225.13	protein_coding	CAPN11
ENSG00000137251.16	protein_coding	TINAG
ENSG00000137252.10	protein_coding	HCRTR2
ENSG00000137261.15	protein_coding	KIAA0319
ENSG00000137265.16	protein_coding	IRF4
ENSG00000137266.15	protein_coding	SLC22A23
ENSG00000137267.7	protein_coding	TUBB2A
ENSG00000137269.15	protein_coding	LRRC1
ENSG00000137270.11	protein_coding	GCM1
ENSG00000137273.6	protein_coding	FOXF2
ENSG00000137274.13	protein_coding	BPHL
ENSG00000137275.16	protein_coding	RIPK1
ENSG00000137285.11	protein_coding	TUBB2B
ENSG00000137288.10	protein_coding	UQCC2
ENSG00000137309.21	protein_coding	HMGA1
ENSG00000137310.13	protein_coding	TCF19
ENSG00000137312.15	protein_coding	FLOT1
ENSG00000137331.12	protein_coding	IER3
ENSG00000137337.16	protein_coding	MDC1
ENSG00000137338.6	protein_coding	PGBD1
ENSG00000137343.18	protein_coding	ATAT1
ENSG00000137364.5	protein_coding	TPMT
ENSG00000137392.10	protein_coding	CLPS
ENSG00000137393.10	protein_coding	RNF144B
ENSG00000137404.15	protein_coding	NRM
ENSG00000137409.21	protein_coding	MTCH1
ENSG00000137411.19	protein_coding	VARS2
ENSG00000137413.17	protein_coding	TAF8
ENSG00000137414.7	protein_coding	FAM8A1
ENSG00000137434.12	protein_coding	C6orf52
ENSG00000137440.5	protein_coding	FGFBP1
ENSG00000137441.8	protein_coding	FGFBP2
ENSG00000137449.17	protein_coding	CPEB2
ENSG00000137460.10	protein_coding	FHDC1
ENSG00000137462.9	protein_coding	TLR2
ENSG00000137463.5	protein_coding	MGARP
ENSG00000137473.19	protein_coding	TTC29
ENSG00000137474.23	protein_coding	MYO7A
ENSG00000137478.15	protein_coding	FCHSD2
ENSG00000137486.17	protein_coding	ARRB1
ENSG00000137491.15	protein_coding	SLCO2B1
ENSG00000137492.9	protein_coding	THAP12
ENSG00000137494.14	protein_coding	ANKRD42
ENSG00000137496.19	protein_coding	IL18BP
ENSG00000137497.19	protein_coding	NUMA1
ENSG00000137500.10	protein_coding	CCDC90B
ENSG00000137501.18	protein_coding	SYTL2
ENSG00000137502.10	protein_coding	RAB30
ENSG00000137504.15	protein_coding	CREBZF
ENSG00000137507.11	protein_coding	LRRC32
ENSG00000137509.12	protein_coding	PRCP
ENSG00000137513.11	protein_coding	NARS2
ENSG00000137522.18	protein_coding	RNF121
ENSG00000137547.9	protein_coding	MRPL15
ENSG00000137558.9	protein_coding	PI15
ENSG00000137561.5	protein_coding	TTPA
ENSG00000137563.13	protein_coding	GGH
ENSG00000137571.11	protein_coding	SLCO5A1
ENSG00000137573.14	protein_coding	SULF1
ENSG00000137574.11	protein_coding	TGS1
ENSG00000137575.12	protein_coding	SDCBP
ENSG00000137601.18	protein_coding	NEK1
ENSG00000137628.18	protein_coding	DDX60
ENSG00000137634.10	protein_coding	NXPE4
ENSG00000137642.13	protein_coding	SORL1
ENSG00000137648.19	protein_coding	TMPRSS4
ENSG00000137656.12	protein_coding	BUD13
ENSG00000137672.13	protein_coding	TRPC6
ENSG00000137673.9	protein_coding	MMP7
ENSG00000137674.4	protein_coding	MMP20
ENSG00000137675.5	protein_coding	MMP27
ENSG00000137691.13	protein_coding	CFAP300
ENSG00000137692.12	protein_coding	DCUN1D5
ENSG00000137693.14	protein_coding	YAP1
ENSG00000137699.17	protein_coding	TRIM29
ENSG00000137700.19	protein_coding	SLC37A4
ENSG00000137707.14	protein_coding	BTG4
ENSG00000137709.10	protein_coding	POU2F3
ENSG00000137710.17	protein_coding	RDX
ENSG00000137713.16	protein_coding	PPP2R1B
ENSG00000137714.3	protein_coding	FDX1
ENSG00000137720.8	protein_coding	C11orf1
ENSG00000137726.17	protein_coding	FXYD6
ENSG00000137727.13	protein_coding	ARHGAP20
ENSG00000137731.14	protein_coding	FXYD2
ENSG00000137745.13	protein_coding	MMP13
ENSG00000137747.16	protein_coding	TMPRSS13
ENSG00000137752.25	protein_coding	CASP1
ENSG00000137757.11	protein_coding	CASP5
ENSG00000137760.15	protein_coding	ALKBH8
ENSG00000137764.20	protein_coding	MAP2K5
ENSG00000137766.18	protein_coding	UNC13C
ENSG00000137767.14	protein_coding	SQOR
ENSG00000137770.14	protein_coding	CTDSPL2
ENSG00000137776.17	protein_coding	SLTM
ENSG00000137801.11	protein_coding	THBS1
ENSG00000137802.14	protein_coding	MAPKBP1
ENSG00000137804.14	protein_coding	NUSAP1
ENSG00000137806.10	protein_coding	NDUFAF1
ENSG00000137807.16	protein_coding	KIF23
ENSG00000137809.17	protein_coding	ITGA11
ENSG00000137812.21	protein_coding	KNL1
ENSG00000137814.12	protein_coding	HAUS2
ENSG00000137815.15	protein_coding	RTF1
ENSG00000137817.17	protein_coding	PARP6
ENSG00000137818.12	protein_coding	RPLP1
ENSG00000137819.14	protein_coding	PAQR5
ENSG00000137821.12	protein_coding	LRRC49
ENSG00000137822.13	protein_coding	TUBGCP4
ENSG00000137824.16	protein_coding	RMDN3
ENSG00000137825.11	protein_coding	ITPKA
ENSG00000137831.15	protein_coding	UACA
ENSG00000137834.15	protein_coding	SMAD6
ENSG00000137841.12	protein_coding	PLCB2
ENSG00000137842.7	protein_coding	TMEM62
ENSG00000137843.12	protein_coding	PAK6
ENSG00000137845.15	protein_coding	ADAM10
ENSG00000137857.18	protein_coding	DUOX1
ENSG00000137860.12	protein_coding	SLC28A2
ENSG00000137868.19	protein_coding	STRA6
ENSG00000137869.16	protein_coding	CYP19A1
ENSG00000137871.21	protein_coding	ZNF280D
ENSG00000137872.17	protein_coding	SEMA6D
ENSG00000137875.4	protein_coding	BCL2L10
ENSG00000137876.11	protein_coding	RSL24D1
ENSG00000137877.10	protein_coding	SPTBN5
ENSG00000137878.17	protein_coding	GCOM1
ENSG00000137880.6	protein_coding	GCHFR
ENSG00000137936.18	protein_coding	BCAR3
ENSG00000137941.17	protein_coding	TTLL7
ENSG00000137942.18	protein_coding	FNBP1L
ENSG00000137944.18	protein_coding	KYAT3
ENSG00000137947.12	protein_coding	GTF2B
ENSG00000137948.19	protein_coding	BRDT
ENSG00000137955.16	protein_coding	RABGGTB
ENSG00000137959.17	protein_coding	IFI44L
ENSG00000137960.6	protein_coding	GIPC2
ENSG00000137962.13	protein_coding	ARHGAP29
ENSG00000137965.11	protein_coding	IFI44
ENSG00000137968.17	protein_coding	SLC44A5
ENSG00000137975.8	protein_coding	CLCA2
ENSG00000137976.8	protein_coding	DNASE2B
ENSG00000137992.15	protein_coding	DBT
ENSG00000137996.13	protein_coding	RTCA
ENSG00000138002.16	protein_coding	IFT172
ENSG00000138018.19	protein_coding	SELENOI
ENSG00000138028.17	protein_coding	CGREF1
ENSG00000138029.14	protein_coding	HADHB
ENSG00000138030.14	protein_coding	KHK
ENSG00000138031.15	protein_coding	ADCY3
ENSG00000138032.21	protein_coding	PPM1B
ENSG00000138035.15	protein_coding	PNPT1
ENSG00000138036.18	protein_coding	DYNC2LI1
ENSG00000138039.15	protein_coding	LHCGR
ENSG00000138050.15	protein_coding	THUMPD2
ENSG00000138061.12	protein_coding	CYP1B1
ENSG00000138068.12	protein_coding	SULT6B1
ENSG00000138069.18	protein_coding	RAB1A
ENSG00000138071.15	protein_coding	ACTR2
ENSG00000138073.14	protein_coding	PREB
ENSG00000138074.15	protein_coding	SLC5A6
ENSG00000138075.14	protein_coding	ABCG5
ENSG00000138078.16	protein_coding	PREPL
ENSG00000138079.14	protein_coding	SLC3A1
ENSG00000138080.14	protein_coding	EMILIN1
ENSG00000138081.22	protein_coding	FBXO11
ENSG00000138083.5	protein_coding	SIX3
ENSG00000138085.18	protein_coding	ATRAID
ENSG00000138092.11	protein_coding	CENPO
ENSG00000138095.20	protein_coding	LRPPRC
ENSG00000138100.14	protein_coding	TRIM54
ENSG00000138101.20	protein_coding	DTNB
ENSG00000138107.13	protein_coding	ACTR1A
ENSG00000138109.11	protein_coding	CYP2C9
ENSG00000138111.14	protein_coding	MFSD13A
ENSG00000138115.15	protein_coding	CYP2C8
ENSG00000138119.17	protein_coding	MYOF
ENSG00000138131.4	protein_coding	LOXL4
ENSG00000138134.12	protein_coding	STAMBPL1
ENSG00000138135.7	protein_coding	CH25H
ENSG00000138136.7	protein_coding	LBX1
ENSG00000138138.14	protein_coding	ATAD1
ENSG00000138152.10	protein_coding	BTBD16
ENSG00000138160.7	protein_coding	KIF11
ENSG00000138161.14	protein_coding	CUZD1
ENSG00000138162.19	protein_coding	TACC2
ENSG00000138166.6	protein_coding	DUSP5
ENSG00000138172.11	protein_coding	CALHM2
ENSG00000138175.9	protein_coding	ARL3
ENSG00000138180.16	protein_coding	CEP55
ENSG00000138182.15	protein_coding	KIF20B
ENSG00000138185.20	protein_coding	ENTPD1
ENSG00000138190.17	protein_coding	EXOC6
ENSG00000138193.17	protein_coding	PLCE1
ENSG00000138207.15	protein_coding	RBP4
ENSG00000138231.14	protein_coding	DBR1
ENSG00000138246.17	protein_coding	DNAJC13
ENSG00000138271.6	protein_coding	GPR87
ENSG00000138279.16	protein_coding	ANXA7
ENSG00000138286.15	protein_coding	FAM149B1
ENSG00000138303.18	protein_coding	ASCC1
ENSG00000138308.6	protein_coding	PLA2G12B
ENSG00000138311.18	protein_coding	ZNF365
ENSG00000138315.13	protein_coding	OIT3
ENSG00000138316.11	protein_coding	ADAMTS14
ENSG00000138326.21	protein_coding	RPS24
ENSG00000138336.9	protein_coding	TET1
ENSG00000138346.15	protein_coding	DNA2
ENSG00000138347.17	protein_coding	MYPN
ENSG00000138356.14	protein_coding	AOX1
ENSG00000138363.15	protein_coding	ATIC
ENSG00000138375.14	protein_coding	SMARCAL1
ENSG00000138376.11	protein_coding	BARD1
ENSG00000138378.19	protein_coding	STAT4
ENSG00000138379.5	protein_coding	MSTN
ENSG00000138380.18	protein_coding	CARF
ENSG00000138381.10	protein_coding	ASNSD1
ENSG00000138382.15	protein_coding	METTL5
ENSG00000138385.16	protein_coding	SSB
ENSG00000138386.17	protein_coding	NAB1
ENSG00000138395.17	protein_coding	CDK15
ENSG00000138398.17	protein_coding	PPIG
ENSG00000138399.18	protein_coding	FASTKD1
ENSG00000138400.13	protein_coding	MDH1B
ENSG00000138411.13	protein_coding	HECW2
ENSG00000138413.14	protein_coding	IDH1
ENSG00000138430.16	protein_coding	OLA1
ENSG00000138433.16	protein_coding	CIR1
ENSG00000138434.17	protein_coding	ITPRID2
ENSG00000138435.16	protein_coding	CHRNA1
ENSG00000138439.12	protein_coding	FAM117B
ENSG00000138442.11	protein_coding	WDR12
ENSG00000138443.17	protein_coding	ABI2
ENSG00000138448.13	protein_coding	ITGAV
ENSG00000138449.11	protein_coding	SLC40A1
ENSG00000138459.9	protein_coding	SLC35A5
ENSG00000138463.9	protein_coding	SLC49A4
ENSG00000138468.16	protein_coding	SENP7
ENSG00000138472.11	protein_coding	GUCA1C
ENSG00000138483.3	protein_coding	CCDC54
ENSG00000138495.7	protein_coding	COX17
ENSG00000138496.17	protein_coding	PARP9
ENSG00000138587.6	protein_coding	MNS1
ENSG00000138592.14	protein_coding	USP8
ENSG00000138593.9	protein_coding	SECISBP2L
ENSG00000138594.14	protein_coding	TMOD3
ENSG00000138600.11	protein_coding	SPPL2A
ENSG00000138604.10	protein_coding	GLCE
ENSG00000138606.20	protein_coding	SHF
ENSG00000138613.14	protein_coding	APH1B
ENSG00000138614.16	protein_coding	INTS14
ENSG00000138615.6	protein_coding	CILP
ENSG00000138617.16	protein_coding	PARP16
ENSG00000138621.12	protein_coding	PPCDC
ENSG00000138622.4	protein_coding	HCN4
ENSG00000138623.10	protein_coding	SEMA7A
ENSG00000138629.16	protein_coding	UBL7
ENSG00000138639.18	protein_coding	ARHGAP24
ENSG00000138640.15	protein_coding	FAM13A
ENSG00000138641.18	protein_coding	HERC3
ENSG00000138642.16	protein_coding	HERC6
ENSG00000138646.9	protein_coding	HERC5
ENSG00000138650.9	protein_coding	PCDH10
ENSG00000138653.10	protein_coding	NDST4
ENSG00000138658.16	protein_coding	ZGRF1
ENSG00000138660.12	protein_coding	AP1AR
ENSG00000138663.9	protein_coding	COPS4
ENSG00000138668.20	protein_coding	HNRNPD
ENSG00000138669.10	protein_coding	PRKG2
ENSG00000138670.19	protein_coding	RASGEF1B
ENSG00000138674.17	protein_coding	SEC31A
ENSG00000138675.17	protein_coding	FGF5
ENSG00000138678.11	protein_coding	GPAT3
ENSG00000138684.9	protein_coding	IL21
ENSG00000138685.18	protein_coding	FGF2
ENSG00000138686.10	protein_coding	BBS7
ENSG00000138688.17	protein_coding	BLTP1
ENSG00000138696.11	protein_coding	BMPR1B
ENSG00000138698.15	protein_coding	RAP1GDS1
ENSG00000138709.20	protein_coding	LARP1B
ENSG00000138722.10	protein_coding	MMRN1
ENSG00000138735.16	protein_coding	PDE5A
ENSG00000138738.11	protein_coding	PRDM5
ENSG00000138741.11	protein_coding	TRPC3
ENSG00000138744.16	protein_coding	NAAA
ENSG00000138750.16	protein_coding	NUP54
ENSG00000138755.6	protein_coding	CXCL9
ENSG00000138756.19	protein_coding	BMP2K
ENSG00000138757.15	protein_coding	G3BP2
ENSG00000138758.12	protein_coding	SEPTIN11
ENSG00000138759.20	protein_coding	FRAS1
ENSG00000138760.11	protein_coding	SCARB2
ENSG00000138764.15	protein_coding	CCNG2
ENSG00000138767.14	protein_coding	CNOT6L
ENSG00000138768.15	protein_coding	USO1
ENSG00000138769.11	protein_coding	CDKL2
ENSG00000138771.16	protein_coding	SHROOM3
ENSG00000138772.13	protein_coding	ANXA3
ENSG00000138777.20	protein_coding	PPA2
ENSG00000138778.14	protein_coding	CENPE
ENSG00000138780.15	protein_coding	GSTCD
ENSG00000138785.16	protein_coding	INTS12
ENSG00000138792.10	protein_coding	ENPEP
ENSG00000138794.10	protein_coding	CASP6
ENSG00000138795.10	protein_coding	LEF1
ENSG00000138796.18	protein_coding	HADH
ENSG00000138798.13	protein_coding	EGF
ENSG00000138801.9	protein_coding	PAPSS1
ENSG00000138802.11	protein_coding	SEC24B
ENSG00000138813.10	protein_coding	C4orf17
ENSG00000138814.17	protein_coding	PPP3CA
ENSG00000138821.14	protein_coding	SLC39A8
ENSG00000138823.14	protein_coding	MTTP
ENSG00000138829.14	protein_coding	FBN2
ENSG00000138834.15	protein_coding	MAPK8IP3
ENSG00000138835.24	protein_coding	RGS3
ENSG00000138867.17	protein_coding	GUCD1
ENSG00000138892.12	protein_coding	TTLL8
ENSG00000138942.17	protein_coding	RNF185
ENSG00000138944.8	protein_coding	SHISAL1
ENSG00000138964.17	protein_coding	PARVG
ENSG00000139044.12	protein_coding	B4GALNT3
ENSG00000139053.3	protein_coding	PDE6H
ENSG00000139055.7	protein_coding	ERP27
ENSG00000139083.11	protein_coding	ETV6
ENSG00000139112.11	protein_coding	GABARAPL1
ENSG00000139116.19	protein_coding	KIF21A
ENSG00000139117.14	protein_coding	CPNE8
ENSG00000139131.13	protein_coding	YARS2
ENSG00000139132.16	protein_coding	FGD4
ENSG00000139133.7	protein_coding	ALG10
ENSG00000139144.11	protein_coding	PIK3C2G
ENSG00000139146.14	protein_coding	SINHCAF
ENSG00000139151.16	protein_coding	PLCZ1
ENSG00000139154.16	protein_coding	AEBP2
ENSG00000139155.9	protein_coding	SLCO1C1
ENSG00000139160.13	protein_coding	ETFBKMT
ENSG00000139163.16	protein_coding	ETNK1
ENSG00000139168.9	protein_coding	ZCRB1
ENSG00000139173.10	protein_coding	TMEM117
ENSG00000139174.12	protein_coding	PRICKLE1
ENSG00000139178.12	protein_coding	C1RL
ENSG00000139180.11	protein_coding	NDUFA9
ENSG00000139182.15	protein_coding	CLSTN3
ENSG00000139187.10	protein_coding	KLRG1
ENSG00000139190.17	protein_coding	VAMP1
ENSG00000139192.12	protein_coding	TAPBPL
ENSG00000139193.4	protein_coding	CD27
ENSG00000139194.8	protein_coding	RBP5
ENSG00000139197.11	protein_coding	PEX5
ENSG00000139200.14	protein_coding	PIANP
ENSG00000139209.16	protein_coding	SLC38A4
ENSG00000139211.7	protein_coding	AMIGO2
ENSG00000139218.18	protein_coding	SCAF11
ENSG00000139219.19	protein_coding	COL2A1
ENSG00000139220.17	protein_coding	PPFIA2
ENSG00000139223.4	protein_coding	ANP32D
ENSG00000139233.7	protein_coding	LLPH
ENSG00000139263.12	protein_coding	LRIG3
ENSG00000139266.6	protein_coding	MARCHF9
ENSG00000139269.3	protein_coding	INHBE
ENSG00000139278.10	protein_coding	GLIPR1
ENSG00000139287.13	protein_coding	TPH2
ENSG00000139289.15	protein_coding	PHLDA1
ENSG00000139291.14	protein_coding	TMEM19
ENSG00000139292.13	protein_coding	LGR5
ENSG00000139304.16	protein_coding	PTPRQ
ENSG00000139318.8	protein_coding	DUSP6
ENSG00000139323.14	protein_coding	POC1B
ENSG00000139324.12	protein_coding	TMTC3
ENSG00000139329.5	protein_coding	LUM
ENSG00000139330.6	protein_coding	KERA
ENSG00000139343.11	protein_coding	SNRPF
ENSG00000139344.8	protein_coding	AMDHD1
ENSG00000139350.12	protein_coding	NEDD1
ENSG00000139351.15	protein_coding	SYCP3
ENSG00000139352.4	protein_coding	ASCL1
ENSG00000139354.11	protein_coding	GAS2L3
ENSG00000139364.11	protein_coding	TMEM132B
ENSG00000139370.12	protein_coding	SLC15A4
ENSG00000139372.15	protein_coding	TDG
ENSG00000139405.16	protein_coding	RITA1
ENSG00000139410.15	protein_coding	SDSL
ENSG00000139428.12	protein_coding	MMAB
ENSG00000139433.11	protein_coding	GLTP
ENSG00000139436.22	protein_coding	GIT2
ENSG00000139437.18	protein_coding	TCHP
ENSG00000139438.6	protein_coding	FAM222A
ENSG00000139445.18	protein_coding	FOXN4
ENSG00000139496.18	protein_coding	NUP58
ENSG00000139505.13	protein_coding	MTMR6
ENSG00000139508.15	protein_coding	SLC46A3
ENSG00000139514.13	protein_coding	SLC7A1
ENSG00000139515.6	protein_coding	PDX1
ENSG00000139517.9	protein_coding	LNX2
ENSG00000139531.13	protein_coding	SUOX
ENSG00000139537.11	protein_coding	CCDC65
ENSG00000139540.12	protein_coding	SLC39A5
ENSG00000139546.11	protein_coding	TARBP2
ENSG00000139547.8	protein_coding	RDH16
ENSG00000139549.4	protein_coding	DHH
ENSG00000139567.13	protein_coding	ACVRL1
ENSG00000139572.4	protein_coding	GPR84
ENSG00000139574.9	protein_coding	NPFF
ENSG00000139579.13	protein_coding	NABP2
ENSG00000139597.18	protein_coding	N4BP2L1
ENSG00000139610.2	protein_coding	CELA1
ENSG00000139613.12	protein_coding	SMARCC2
ENSG00000139618.18	protein_coding	BRCA2
ENSG00000139620.13	protein_coding	KANSL2
ENSG00000139624.14	protein_coding	CERS5
ENSG00000139625.13	protein_coding	MAP3K12
ENSG00000139626.16	protein_coding	ITGB7
ENSG00000139629.16	protein_coding	GALNT6
ENSG00000139631.20	protein_coding	CSAD
ENSG00000139636.16	protein_coding	LMBR1L
ENSG00000139637.14	protein_coding	MYG1
ENSG00000139641.13	protein_coding	ESYT1
ENSG00000139644.13	protein_coding	TMBIM6
ENSG00000139645.11	protein_coding	ANKRD52
ENSG00000139648.7	protein_coding	KRT71
ENSG00000139651.11	protein_coding	ZNF740
ENSG00000139656.7	protein_coding	SMIM2
ENSG00000139668.9	protein_coding	WDFY2
ENSG00000139675.13	protein_coding	HNRNPA1L2
ENSG00000139679.16	protein_coding	LPAR6
ENSG00000139684.15	protein_coding	ESD
ENSG00000139687.16	protein_coding	RB1
ENSG00000139697.14	protein_coding	SBNO1
ENSG00000139714.12	protein_coding	MORN3
ENSG00000139718.12	protein_coding	SETD1B
ENSG00000139719.11	protein_coding	VPS33A
ENSG00000139722.7	protein_coding	VPS37B
ENSG00000139725.8	protein_coding	RHOF
ENSG00000139726.11	protein_coding	DENR
ENSG00000139734.19	protein_coding	DIAPH3
ENSG00000139737.23	protein_coding	SLAIN1
ENSG00000139746.16	protein_coding	RBM26
ENSG00000139767.10	protein_coding	SRRM4
ENSG00000139780.8	protein_coding	METTL21C
ENSG00000139793.21	protein_coding	MBNL2
ENSG00000139797.8	protein_coding	RNF113B
ENSG00000139800.9	protein_coding	ZIC5
ENSG00000139826.6	protein_coding	ABHD13
ENSG00000139832.5	protein_coding	RAB20
ENSG00000139835.14	protein_coding	GRTP1
ENSG00000139842.15	protein_coding	CUL4A
ENSG00000139865.17	protein_coding	TTC6
ENSG00000139874.6	protein_coding	SSTR1
ENSG00000139880.21	protein_coding	CDH24
ENSG00000139890.10	protein_coding	REM2
ENSG00000139899.11	protein_coding	CBLN3
ENSG00000139908.15	protein_coding	TSSK4
ENSG00000139910.20	protein_coding	NOVA1
ENSG00000139914.7	protein_coding	FITM1
ENSG00000139915.21	protein_coding	MDGA2
ENSG00000139921.13	protein_coding	TMX1
ENSG00000139926.16	protein_coding	FRMD6
ENSG00000139946.11	protein_coding	PELI2
ENSG00000139970.18	protein_coding	RTN1
ENSG00000139971.15	protein_coding	ARMH4
ENSG00000139973.18	protein_coding	SYT16
ENSG00000139974.17	protein_coding	SLC38A6
ENSG00000139977.14	protein_coding	NAA30
ENSG00000139985.8	protein_coding	ADAM21
ENSG00000139988.10	protein_coding	RDH12
ENSG00000139990.18	protein_coding	DCAF5
ENSG00000139998.16	protein_coding	RAB15
ENSG00000140006.12	protein_coding	WDR89
ENSG00000140009.19	protein_coding	ESR2
ENSG00000140015.20	protein_coding	KCNH5
ENSG00000140022.14	protein_coding	STON2
ENSG00000140025.16	protein_coding	EFCAB11
ENSG00000140030.6	protein_coding	GPR65
ENSG00000140043.12	protein_coding	PTGR2
ENSG00000140044.13	protein_coding	JDP2
ENSG00000140057.9	protein_coding	AK7
ENSG00000140067.7	protein_coding	FAM181A
ENSG00000140090.18	protein_coding	SLC24A4
ENSG00000140092.16	protein_coding	FBLN5
ENSG00000140093.10	protein_coding	SERPINA10
ENSG00000140104.14	protein_coding	CLBA1
ENSG00000140105.18	protein_coding	WARS1
ENSG00000140107.12	protein_coding	SLC25A47
ENSG00000140153.18	protein_coding	WDR20
ENSG00000140157.16	protein_coding	NIPA2
ENSG00000140199.13	protein_coding	SLC12A6
ENSG00000140254.13	protein_coding	DUOXA1
ENSG00000140259.7	protein_coding	MFAP1
ENSG00000140262.18	protein_coding	TCF12
ENSG00000140263.15	protein_coding	SORD
ENSG00000140264.21	protein_coding	SERF2
ENSG00000140265.14	protein_coding	ZSCAN29
ENSG00000140274.14	protein_coding	DUOXA2
ENSG00000140279.13	protein_coding	DUOX2
ENSG00000140280.14	protein_coding	LYSMD2
ENSG00000140284.11	protein_coding	SLC27A2
ENSG00000140285.12	protein_coding	FGF7
ENSG00000140287.11	protein_coding	HDC
ENSG00000140297.13	protein_coding	GCNT3
ENSG00000140299.14	protein_coding	BNIP2
ENSG00000140307.11	protein_coding	GTF2A2
ENSG00000140319.11	protein_coding	SRP14
ENSG00000140320.12	protein_coding	BAHD1
ENSG00000140323.6	protein_coding	DISP2
ENSG00000140326.13	protein_coding	CDAN1
ENSG00000140332.18	protein_coding	TLE3
ENSG00000140350.15	protein_coding	ANP32A
ENSG00000140365.16	protein_coding	COMMD4
ENSG00000140367.12	protein_coding	UBE2Q2
ENSG00000140368.14	protein_coding	PSTPIP1
ENSG00000140374.17	protein_coding	ETFA
ENSG00000140379.9	protein_coding	BCL2A1
ENSG00000140382.15	protein_coding	HMG20A
ENSG00000140386.13	protein_coding	SCAPER
ENSG00000140391.15	protein_coding	TSPAN3
ENSG00000140395.9	protein_coding	SKIC8
ENSG00000140396.13	protein_coding	NCOA2
ENSG00000140398.14	protein_coding	NEIL1
ENSG00000140400.18	protein_coding	MAN2C1
ENSG00000140403.13	protein_coding	DNAJA4
ENSG00000140406.4	protein_coding	TLNRD1
ENSG00000140416.24	protein_coding	TPM1
ENSG00000140443.15	protein_coding	IGF1R
ENSG00000140450.9	protein_coding	ARRDC4
ENSG00000140451.13	protein_coding	PIF1
ENSG00000140455.17	protein_coding	USP3
ENSG00000140459.18	protein_coding	CYP11A1
ENSG00000140463.14	protein_coding	BBS4
ENSG00000140464.20	protein_coding	PML
ENSG00000140465.15	protein_coding	CYP1A1
ENSG00000140470.15	protein_coding	ADAMTS17
ENSG00000140471.17	protein_coding	LINS1
ENSG00000140474.14	protein_coding	ULK3
ENSG00000140478.16	protein_coding	GOLGA6D
ENSG00000140479.18	protein_coding	PCSK6
ENSG00000140481.15	protein_coding	CCDC33
ENSG00000140488.16	protein_coding	CELF6
ENSG00000140497.16	protein_coding	SCAMP2
ENSG00000140505.7	protein_coding	CYP1A2
ENSG00000140506.17	protein_coding	LMAN1L
ENSG00000140511.12	protein_coding	HAPLN3
ENSG00000140519.14	protein_coding	RHCG
ENSG00000140521.18	protein_coding	POLG
ENSG00000140522.12	protein_coding	RLBP1
ENSG00000140525.20	protein_coding	FANCI
ENSG00000140526.18	protein_coding	ABHD2
ENSG00000140527.15	protein_coding	WDR93
ENSG00000140534.14	protein_coding	TICRR
ENSG00000140538.17	protein_coding	NTRK3
ENSG00000140543.15	protein_coding	DET1
ENSG00000140545.16	protein_coding	MFGE8
ENSG00000140548.10	protein_coding	ZNF710
ENSG00000140553.18	protein_coding	UNC45A
ENSG00000140557.12	protein_coding	ST8SIA2
ENSG00000140563.16	protein_coding	MCTP2
ENSG00000140564.13	protein_coding	FURIN
ENSG00000140575.13	protein_coding	IQGAP1
ENSG00000140577.17	protein_coding	CRTC3
ENSG00000140598.16	protein_coding	EFL1
ENSG00000140600.17	protein_coding	SH3GL3
ENSG00000140612.14	protein_coding	SEC11A
ENSG00000140623.14	protein_coding	SEPTIN12
ENSG00000140632.17	protein_coding	GLYR1
ENSG00000140650.13	protein_coding	PMM2
ENSG00000140675.13	protein_coding	SLC5A2
ENSG00000140678.17	protein_coding	ITGAX
ENSG00000140682.19	protein_coding	TGFB1I1
ENSG00000140688.17	protein_coding	RUSF1
ENSG00000140691.18	protein_coding	ARMC5
ENSG00000140694.18	protein_coding	PARN
ENSG00000140718.21	protein_coding	FTO
ENSG00000140740.11	protein_coding	UQCRC2
ENSG00000140743.8	protein_coding	CDR2
ENSG00000140749.9	protein_coding	IGSF6
ENSG00000140750.17	protein_coding	ARHGAP17
ENSG00000140795.13	protein_coding	MYLK3
ENSG00000140798.17	protein_coding	ABCC12
ENSG00000140807.7	protein_coding	NKD1
ENSG00000140829.12	protein_coding	DHX38
ENSG00000140830.9	protein_coding	TXNL4B
ENSG00000140832.11	protein_coding	MARVELD3
ENSG00000140835.10	protein_coding	CHST4
ENSG00000140836.17	protein_coding	ZFHX3
ENSG00000140839.13	protein_coding	CLEC18B
ENSG00000140848.17	protein_coding	CPNE2
ENSG00000140853.17	protein_coding	NLRC5
ENSG00000140854.13	protein_coding	KATNB1
ENSG00000140859.16	protein_coding	KIFC3
ENSG00000140873.16	protein_coding	ADAMTS18
ENSG00000140876.11	protein_coding	NUDT7
ENSG00000140905.11	protein_coding	GCSH
ENSG00000140931.20	protein_coding	CMTM3
ENSG00000140932.10	protein_coding	CMTM2
ENSG00000140937.14	protein_coding	CDH11
ENSG00000140939.15	protein_coding	NOL3
ENSG00000140941.14	protein_coding	MAP1LC3B
ENSG00000140943.18	protein_coding	MBTPS1
ENSG00000140945.17	protein_coding	CDH13
ENSG00000140948.13	protein_coding	ZCCHC14
ENSG00000140950.16	protein_coding	MEAK7
ENSG00000140955.11	protein_coding	ADAD2
ENSG00000140961.14	protein_coding	OSGIN1
ENSG00000140968.12	protein_coding	IRF8
ENSG00000140983.15	protein_coding	RHOT2
ENSG00000140986.8	protein_coding	RPL3L
ENSG00000140987.21	protein_coding	ZSCAN32
ENSG00000140988.16	protein_coding	RPS2
ENSG00000140990.15	protein_coding	NDUFB10
ENSG00000140992.19	protein_coding	PDPK1
ENSG00000140993.11	protein_coding	TIGD7
ENSG00000140995.17	protein_coding	DEF8
ENSG00000141002.20	protein_coding	TCF25
ENSG00000141012.13	protein_coding	GALNS
ENSG00000141013.17	protein_coding	GAS8
ENSG00000141026.6	protein_coding	MED9
ENSG00000141027.23	protein_coding	NCOR1
ENSG00000141030.13	protein_coding	COPS3
ENSG00000141034.10	protein_coding	GID4
ENSG00000141040.15	protein_coding	ZNF287
ENSG00000141052.18	protein_coding	MYOCD
ENSG00000141068.15	protein_coding	KSR1
ENSG00000141076.18	protein_coding	UTP4
ENSG00000141084.12	protein_coding	RANBP10
ENSG00000141086.18	protein_coding	CTRL
ENSG00000141096.6	protein_coding	DPEP3
ENSG00000141098.13	protein_coding	GFOD2
ENSG00000141101.13	protein_coding	NOB1
ENSG00000141127.15	protein_coding	PRPSAP2
ENSG00000141161.12	protein_coding	UNC45B
ENSG00000141179.14	protein_coding	PCTP
ENSG00000141194.7	protein_coding	OR4D1
ENSG00000141198.16	protein_coding	TOM1L1
ENSG00000141200.8	protein_coding	KIF2B
ENSG00000141219.16	protein_coding	C17orf80
ENSG00000141232.5	protein_coding	TOB1
ENSG00000141252.21	protein_coding	VPS53
ENSG00000141255.13	protein_coding	SPATA22
ENSG00000141258.13	protein_coding	SGSM2
ENSG00000141279.18	protein_coding	NPEPPS
ENSG00000141293.16	protein_coding	SKAP1
ENSG00000141294.10	protein_coding	LRRC46
ENSG00000141295.14	protein_coding	SCRN2
ENSG00000141298.19	protein_coding	SSH2
ENSG00000141314.13	protein_coding	RHBDL3
ENSG00000141316.13	protein_coding	SPACA3
ENSG00000141337.13	protein_coding	ARSG
ENSG00000141338.15	protein_coding	ABCA8
ENSG00000141349.10	protein_coding	G6PC3
ENSG00000141367.13	protein_coding	CLTC
ENSG00000141371.13	protein_coding	CHCT1
ENSG00000141376.23	protein_coding	BCAS3
ENSG00000141378.15	protein_coding	PTRH2
ENSG00000141380.14	protein_coding	SS18
ENSG00000141384.13	protein_coding	TAF4B
ENSG00000141385.12	protein_coding	AFG3L2
ENSG00000141391.14	protein_coding	PRELID3A
ENSG00000141401.12	protein_coding	IMPA2
ENSG00000141404.17	protein_coding	GNAL
ENSG00000141424.13	protein_coding	SLC39A6
ENSG00000141425.18	protein_coding	RPRD1A
ENSG00000141428.17	protein_coding	C18orf21
ENSG00000141429.14	protein_coding	GALNT1
ENSG00000141431.14	protein_coding	ASXL3
ENSG00000141433.13	protein_coding	ADCYAP1
ENSG00000141434.12	protein_coding	MEP1B
ENSG00000141437.10	protein_coding	SLC25A52
ENSG00000141441.16	protein_coding	GAREM1
ENSG00000141446.11	protein_coding	ESCO1
ENSG00000141447.19	protein_coding	OSBPL1A
ENSG00000141448.11	protein_coding	GATA6
ENSG00000141449.16	protein_coding	GREB1L
ENSG00000141452.10	protein_coding	RMC1
ENSG00000141456.16	protein_coding	PELP1
ENSG00000141458.13	protein_coding	NPC1
ENSG00000141469.18	protein_coding	SLC14A1
ENSG00000141480.18	protein_coding	ARRB2
ENSG00000141485.17	protein_coding	SLC13A5
ENSG00000141497.14	protein_coding	ZMYND15
ENSG00000141499.18	protein_coding	WRAP53
ENSG00000141503.17	protein_coding	MINK1
ENSG00000141504.12	protein_coding	SAT2
ENSG00000141505.12	protein_coding	ASGR1
ENSG00000141506.15	protein_coding	PIK3R5
ENSG00000141510.18	protein_coding	TP53
ENSG00000141519.15	protein_coding	CCDC40
ENSG00000141522.12	protein_coding	ARHGDIA
ENSG00000141524.19	protein_coding	TMC6
ENSG00000141526.18	protein_coding	SLC16A3
ENSG00000141527.19	protein_coding	CARD14
ENSG00000141540.11	protein_coding	TTYH2
ENSG00000141542.11	protein_coding	RAB40B
ENSG00000141543.12	protein_coding	EIF4A3
ENSG00000141551.15	protein_coding	CSNK1D
ENSG00000141552.18	protein_coding	ANAPC11
ENSG00000141556.22	protein_coding	TBCD
ENSG00000141560.15	protein_coding	FN3KRP
ENSG00000141562.19	protein_coding	NARF
ENSG00000141564.16	protein_coding	RPTOR
ENSG00000141568.21	protein_coding	FOXK2
ENSG00000141569.12	protein_coding	TRIM65
ENSG00000141570.11	protein_coding	CBX8
ENSG00000141574.8	protein_coding	SECTM1
ENSG00000141576.16	protein_coding	RNF157
ENSG00000141577.14	protein_coding	CEP131
ENSG00000141579.7	protein_coding	ZNF750
ENSG00000141580.16	protein_coding	WDR45B
ENSG00000141582.15	protein_coding	CBX4
ENSG00000141622.14	protein_coding	RNF165
ENSG00000141627.14	protein_coding	DYM
ENSG00000141639.12	protein_coding	MAPK4
ENSG00000141642.9	protein_coding	ELAC1
ENSG00000141644.19	protein_coding	MBD1
ENSG00000141646.15	protein_coding	SMAD4
ENSG00000141655.18	protein_coding	TNFRSF11A
ENSG00000141664.10	protein_coding	ZCCHC2
ENSG00000141665.13	protein_coding	FBXO15
ENSG00000141668.10	protein_coding	CBLN2
ENSG00000141682.12	protein_coding	PMAIP1
ENSG00000141696.13	protein_coding	P3H4
ENSG00000141698.17	protein_coding	NT5C3B
ENSG00000141699.11	protein_coding	RETREG3
ENSG00000141736.14	protein_coding	ERBB2
ENSG00000141738.14	protein_coding	GRB7
ENSG00000141741.12	protein_coding	MIEN1
ENSG00000141744.4	protein_coding	PNMT
ENSG00000141748.13	protein_coding	ARL5C
ENSG00000141750.7	protein_coding	STAC2
ENSG00000141753.7	protein_coding	IGFBP4
ENSG00000141756.20	protein_coding	FKBP10
ENSG00000141759.15	protein_coding	TXNL4A
ENSG00000141837.22	protein_coding	CACNA1A
ENSG00000141854.10	protein_coding	MISP3
ENSG00000141858.12	protein_coding	SAMD1
ENSG00000141867.19	protein_coding	BRD4
ENSG00000141873.11	protein_coding	SLC39A3
ENSG00000141905.19	protein_coding	NFIC
ENSG00000141933.9	protein_coding	TPGS1
ENSG00000141934.10	protein_coding	PLPP2
ENSG00000141946.1	protein_coding	ZIM3
ENSG00000141956.14	protein_coding	PRDM15
ENSG00000141959.17	protein_coding	PFKL
ENSG00000141965.5	protein_coding	FEM1A
ENSG00000141968.8	protein_coding	VAV1
ENSG00000141971.13	protein_coding	MVB12A
ENSG00000141977.9	protein_coding	CIB3
ENSG00000141979.4	protein_coding	ENSG00000141979
ENSG00000141985.9	protein_coding	SH3GL1
ENSG00000141994.16	protein_coding	DUS3L
ENSG00000142002.19	protein_coding	DPP9
ENSG00000142025.16	protein_coding	DMRTC2
ENSG00000142039.4	protein_coding	CCDC97
ENSG00000142046.15	protein_coding	TMEM91
ENSG00000142065.14	protein_coding	ZFP14
ENSG00000142082.15	protein_coding	SIRT3
ENSG00000142089.17	protein_coding	IFITM3
ENSG00000142102.16	protein_coding	PGGHG
ENSG00000142149.9	protein_coding	HUNK
ENSG00000142156.16	protein_coding	COL6A1
ENSG00000142166.15	protein_coding	IFNAR1
ENSG00000142168.15	protein_coding	SOD1
ENSG00000142173.17	protein_coding	COL6A2
ENSG00000142178.9	protein_coding	SIK1
ENSG00000142182.9	protein_coding	DNMT3L
ENSG00000142185.18	protein_coding	TRPM2
ENSG00000142186.18	protein_coding	SCYL1
ENSG00000142188.17	protein_coding	TMEM50B
ENSG00000142192.22	protein_coding	APP
ENSG00000142197.13	protein_coding	DOP1B
ENSG00000142207.7	protein_coding	URB1
ENSG00000142208.18	protein_coding	AKT1
ENSG00000142224.18	protein_coding	IL19
ENSG00000142227.11	protein_coding	EMP3
ENSG00000142230.13	protein_coding	SAE1
ENSG00000142233.14	protein_coding	NTN5
ENSG00000142235.13	protein_coding	LMTK3
ENSG00000142252.11	protein_coding	GEMIN7
ENSG00000142273.13	protein_coding	CBLC
ENSG00000142279.13	protein_coding	WTIP
ENSG00000142303.14	protein_coding	ADAMTS10
ENSG00000142319.18	protein_coding	SLC6A3
ENSG00000142327.13	protein_coding	RNPEPL1
ENSG00000142330.20	protein_coding	CAPN10
ENSG00000142347.19	protein_coding	MYO1F
ENSG00000142396.11	protein_coding	ERVK3-1
ENSG00000142405.23	protein_coding	NLRP12
ENSG00000142408.7	protein_coding	CACNG8
ENSG00000142409.6	protein_coding	ZNF787
ENSG00000142444.7	protein_coding	TIMM29
ENSG00000142449.13	protein_coding	FBN3
ENSG00000142453.12	protein_coding	CARM1
ENSG00000142459.9	protein_coding	EVI5L
ENSG00000142484.7	protein_coding	TM4SF5
ENSG00000142494.13	protein_coding	SLC47A1
ENSG00000142507.10	protein_coding	PSMB6
ENSG00000142511.4	protein_coding	GPR32
ENSG00000142512.15	protein_coding	SIGLEC10
ENSG00000142513.6	protein_coding	ACP4
ENSG00000142515.16	protein_coding	KLK3
ENSG00000142528.16	protein_coding	ZNF473
ENSG00000142530.11	protein_coding	GARIN5A
ENSG00000142534.7	protein_coding	RPS11
ENSG00000142538.2	protein_coding	PTH2
ENSG00000142539.9	protein_coding	ENSG00000142539
ENSG00000142541.18	protein_coding	RPL13A
ENSG00000142544.7	protein_coding	CTU1
ENSG00000142546.14	protein_coding	NOSIP
ENSG00000142549.10	protein_coding	IGLON5
ENSG00000142552.8	protein_coding	RCN3
ENSG00000142556.19	protein_coding	ZNF614
ENSG00000142583.18	protein_coding	SLC2A5
ENSG00000142599.20	protein_coding	RERE
ENSG00000142606.16	protein_coding	MMEL1
ENSG00000142609.20	protein_coding	CFAP74
ENSG00000142611.17	protein_coding	PRDM16
ENSG00000142615.8	protein_coding	CELA2A
ENSG00000142619.4	protein_coding	PADI3
ENSG00000142621.21	protein_coding	FHAD1
ENSG00000142623.11	protein_coding	PADI1
ENSG00000142627.13	protein_coding	EPHA2
ENSG00000142632.17	protein_coding	ARHGEF19
ENSG00000142634.13	protein_coding	EFHD2
ENSG00000142655.13	protein_coding	PEX14
ENSG00000142657.21	protein_coding	PGD
ENSG00000142661.19	protein_coding	MYOM3
ENSG00000142669.15	protein_coding	SH3BGRL3
ENSG00000142675.18	protein_coding	CNKSR1
ENSG00000142676.14	protein_coding	RPL11
ENSG00000142677.4	protein_coding	IL22RA1
ENSG00000142684.9	protein_coding	ZNF593
ENSG00000142686.8	protein_coding	C1orf216
ENSG00000142687.19	protein_coding	KIAA0319L
ENSG00000142694.7	protein_coding	EVA1B
ENSG00000142698.15	protein_coding	C1orf94
ENSG00000142700.12	protein_coding	DMRTA2
ENSG00000142731.11	protein_coding	PLK4
ENSG00000142733.18	protein_coding	MAP3K6
ENSG00000142748.14	protein_coding	FCN3
ENSG00000142751.15	protein_coding	GPN2
ENSG00000142765.18	protein_coding	SYTL1
ENSG00000142784.16	protein_coding	WDTC1
ENSG00000142789.20	protein_coding	CELA3A
ENSG00000142794.19	protein_coding	NBPF3
ENSG00000142798.20	protein_coding	HSPG2
ENSG00000142856.17	protein_coding	ITGB3BP
ENSG00000142864.15	protein_coding	SERBP1
ENSG00000142867.14	protein_coding	BCL10
ENSG00000142871.18	protein_coding	CCN1
ENSG00000142875.20	protein_coding	PRKACB
ENSG00000142892.15	protein_coding	PIGK
ENSG00000142910.16	protein_coding	TINAGL1
ENSG00000142920.17	protein_coding	AZIN2
ENSG00000142937.12	protein_coding	RPS8
ENSG00000142945.13	protein_coding	KIF2C
ENSG00000142949.17	protein_coding	PTPRF
ENSG00000142959.5	protein_coding	BEST4
ENSG00000142961.16	protein_coding	MOB3C
ENSG00000142973.15	protein_coding	CYP4B1
ENSG00000143001.5	protein_coding	TMEM61
ENSG00000143006.7	protein_coding	DMRTB1
ENSG00000143013.13	protein_coding	LMO4
ENSG00000143028.9	protein_coding	SYPL2
ENSG00000143032.8	protein_coding	BARHL2
ENSG00000143033.18	protein_coding	MTF2
ENSG00000143036.17	protein_coding	SLC44A3
ENSG00000143061.18	protein_coding	IGSF3
ENSG00000143067.5	protein_coding	ZNF697
ENSG00000143079.15	protein_coding	CTTNBP2NL
ENSG00000143093.15	protein_coding	STRIP1
ENSG00000143105.7	protein_coding	KCNA10
ENSG00000143106.13	protein_coding	PSMA5
ENSG00000143107.10	protein_coding	FNDC7
ENSG00000143110.12	protein_coding	C1orf162
ENSG00000143119.14	protein_coding	CD53
ENSG00000143125.6	protein_coding	PROK1
ENSG00000143126.8	protein_coding	CELSR2
ENSG00000143127.13	protein_coding	ITGA10
ENSG00000143147.15	protein_coding	GPR161
ENSG00000143149.13	protein_coding	ALDH9A1
ENSG00000143153.14	protein_coding	ATP1B1
ENSG00000143155.13	protein_coding	TIPRL
ENSG00000143156.14	protein_coding	NME7
ENSG00000143157.12	protein_coding	POGK
ENSG00000143158.11	protein_coding	MPC2
ENSG00000143162.9	protein_coding	CREG1
ENSG00000143164.16	protein_coding	DCAF6
ENSG00000143167.12	protein_coding	GPA33
ENSG00000143171.13	protein_coding	RXRG
ENSG00000143178.13	protein_coding	TBX19
ENSG00000143179.16	protein_coding	UCK2
ENSG00000143183.18	protein_coding	TMCO1
ENSG00000143184.5	protein_coding	XCL1
ENSG00000143185.4	protein_coding	XCL2
ENSG00000143190.23	protein_coding	POU2F1
ENSG00000143194.13	protein_coding	MAEL
ENSG00000143195.13	protein_coding	ILDR2
ENSG00000143196.5	protein_coding	DPT
ENSG00000143198.13	protein_coding	MGST3
ENSG00000143199.18	protein_coding	ADCY10
ENSG00000143207.21	protein_coding	COP1
ENSG00000143217.9	protein_coding	NECTIN4
ENSG00000143222.12	protein_coding	UFC1
ENSG00000143224.18	protein_coding	PPOX
ENSG00000143226.16	protein_coding	FCGR2A
ENSG00000143228.13	protein_coding	NUF2
ENSG00000143248.13	protein_coding	RGS5
ENSG00000143252.16	protein_coding	SDHC
ENSG00000143256.5	protein_coding	PFDN2
ENSG00000143257.12	protein_coding	NR1I3
ENSG00000143258.17	protein_coding	USP21
ENSG00000143278.5	protein_coding	F13B
ENSG00000143294.15	protein_coding	PRCC
ENSG00000143297.19	protein_coding	FCRL5
ENSG00000143303.12	protein_coding	METTL25B
ENSG00000143314.12	protein_coding	MRPL24
ENSG00000143315.8	protein_coding	PIGM
ENSG00000143318.13	protein_coding	CASQ1
ENSG00000143319.17	protein_coding	ISG20L2
ENSG00000143320.9	protein_coding	CRABP2
ENSG00000143321.19	protein_coding	HDGF
ENSG00000143322.22	protein_coding	ABL2
ENSG00000143324.14	protein_coding	XPR1
ENSG00000143333.7	protein_coding	RGS16
ENSG00000143337.19	protein_coding	TOR1AIP1
ENSG00000143340.7	protein_coding	FAM163A
ENSG00000143341.12	protein_coding	HMCN1
ENSG00000143344.16	protein_coding	RGL1
ENSG00000143353.12	protein_coding	LYPLAL1
ENSG00000143355.16	protein_coding	LHX9
ENSG00000143363.17	protein_coding	PRUNE1
ENSG00000143365.20	protein_coding	RORC
ENSG00000143367.17	protein_coding	TUFT1
ENSG00000143368.10	protein_coding	SF3B4
ENSG00000143369.15	protein_coding	ECM1
ENSG00000143373.18	protein_coding	ZNF687
ENSG00000143374.18	protein_coding	TARS2
ENSG00000143375.15	protein_coding	CGN
ENSG00000143376.14	protein_coding	SNX27
ENSG00000143379.13	protein_coding	SETDB1
ENSG00000143382.16	protein_coding	ADAMTSL4
ENSG00000143384.14	protein_coding	MCL1
ENSG00000143387.14	protein_coding	CTSK
ENSG00000143390.18	protein_coding	RFX5
ENSG00000143393.17	protein_coding	PI4KB
ENSG00000143398.20	protein_coding	PIP5K1A
ENSG00000143401.15	protein_coding	ANP32E
ENSG00000143409.17	protein_coding	MINDY1
ENSG00000143412.10	protein_coding	ANXA9
ENSG00000143416.21	protein_coding	SELENBP1
ENSG00000143418.20	protein_coding	CERS2
ENSG00000143420.19	protein_coding	ENSA
ENSG00000143434.17	protein_coding	SEMA6C
ENSG00000143436.11	protein_coding	MRPL9
ENSG00000143437.21	protein_coding	ARNT
ENSG00000143442.23	protein_coding	POGZ
ENSG00000143443.10	protein_coding	C1orf56
ENSG00000143450.19	protein_coding	OAZ3
ENSG00000143452.16	protein_coding	HORMAD1
ENSG00000143457.11	protein_coding	GOLPH3L
ENSG00000143458.12	protein_coding	GABPB2
ENSG00000143469.21	protein_coding	SYT14
ENSG00000143473.14	protein_coding	KCNH1
ENSG00000143476.18	protein_coding	DTL
ENSG00000143479.18	protein_coding	DYRK3
ENSG00000143486.16	protein_coding	EIF2D
ENSG00000143493.13	protein_coding	INTS7
ENSG00000143494.16	protein_coding	VASH2
ENSG00000143498.18	protein_coding	TAF1A
ENSG00000143499.14	protein_coding	SMYD2
ENSG00000143502.16	protein_coding	SUSD4
ENSG00000143507.18	protein_coding	DUSP10
ENSG00000143512.13	protein_coding	HHIPL2
ENSG00000143514.18	protein_coding	TP53BP2
ENSG00000143515.20	protein_coding	ATP8B2
ENSG00000143520.6	protein_coding	FLG2
ENSG00000143536.7	protein_coding	CRNN
ENSG00000143537.14	protein_coding	ADAM15
ENSG00000143543.15	protein_coding	JTB
ENSG00000143545.10	protein_coding	RAB13
ENSG00000143546.10	protein_coding	S100A8
ENSG00000143549.22	protein_coding	TPM3
ENSG00000143552.10	protein_coding	NUP210L
ENSG00000143553.11	protein_coding	SNAPIN
ENSG00000143554.14	protein_coding	SLC27A3
ENSG00000143556.9	protein_coding	S100A7
ENSG00000143569.19	protein_coding	UBAP2L
ENSG00000143570.19	protein_coding	SLC39A1
ENSG00000143575.16	protein_coding	HAX1
ENSG00000143578.16	protein_coding	CREB3L4
ENSG00000143590.14	protein_coding	EFNA3
ENSG00000143595.13	protein_coding	AQP10
ENSG00000143603.19	protein_coding	KCNN3
ENSG00000143612.21	protein_coding	C1orf43
ENSG00000143614.11	protein_coding	GATAD2B
ENSG00000143621.17	protein_coding	ILF2
ENSG00000143622.12	protein_coding	RIT1
ENSG00000143624.14	protein_coding	INTS3
ENSG00000143627.19	protein_coding	PKLR
ENSG00000143630.10	protein_coding	HCN3
ENSG00000143631.11	protein_coding	FLG
ENSG00000143632.15	protein_coding	ACTA1
ENSG00000143633.13	protein_coding	C1orf131
ENSG00000143641.10	protein_coding	GALNT2
ENSG00000143643.13	protein_coding	TTC13
ENSG00000143653.10	protein_coding	SCCPDH
ENSG00000143669.16	protein_coding	LYST
ENSG00000143674.11	protein_coding	MAP3K21
ENSG00000143702.16	protein_coding	CEP170
ENSG00000143727.16	protein_coding	ACP1
ENSG00000143740.15	protein_coding	SNAP47
ENSG00000143742.14	protein_coding	SRP9
ENSG00000143748.18	protein_coding	NVL
ENSG00000143751.10	protein_coding	SDE2
ENSG00000143753.13	protein_coding	DEGS1
ENSG00000143756.12	protein_coding	FBXO28
ENSG00000143761.17	protein_coding	ARF1
ENSG00000143768.13	protein_coding	LEFTY2
ENSG00000143771.12	protein_coding	CNIH4
ENSG00000143772.11	protein_coding	ITPKB
ENSG00000143774.18	protein_coding	GUK1
ENSG00000143776.20	protein_coding	CDC42BPA
ENSG00000143786.8	protein_coding	CNIH3
ENSG00000143793.13	protein_coding	C1orf35
ENSG00000143797.12	protein_coding	MBOAT2
ENSG00000143799.14	protein_coding	PARP1
ENSG00000143801.18	protein_coding	PSEN2
ENSG00000143811.20	protein_coding	PYCR2
ENSG00000143815.15	protein_coding	LBR
ENSG00000143816.8	protein_coding	WNT9A
ENSG00000143819.13	protein_coding	EPHX1
ENSG00000143839.15	protein_coding	REN
ENSG00000143842.15	protein_coding	SOX13
ENSG00000143845.15	protein_coding	ETNK2
ENSG00000143847.16	protein_coding	PPFIA4
ENSG00000143850.16	protein_coding	PLEKHA6
ENSG00000143851.16	protein_coding	PTPN7
ENSG00000143858.12	protein_coding	SYT2
ENSG00000143862.8	protein_coding	ARL8A
ENSG00000143867.7	protein_coding	OSR1
ENSG00000143869.7	protein_coding	GDF7
ENSG00000143870.13	protein_coding	PDIA6
ENSG00000143878.10	protein_coding	RHOB
ENSG00000143882.12	protein_coding	ATP6V1C2
ENSG00000143889.16	protein_coding	HNRNPLL
ENSG00000143891.17	protein_coding	GALM
ENSG00000143919.15	protein_coding	CAMKMT
ENSG00000143921.9	protein_coding	ABCG8
ENSG00000143924.19	protein_coding	EML4
ENSG00000143933.20	protein_coding	CALM2
ENSG00000143942.5	protein_coding	CHAC2
ENSG00000143947.15	protein_coding	RPS27A
ENSG00000143951.16	protein_coding	WDPCP
ENSG00000143952.20	protein_coding	VPS54
ENSG00000143954.13	protein_coding	REG3G
ENSG00000143970.18	protein_coding	ASXL2
ENSG00000143971.9	protein_coding	ETAA1
ENSG00000143977.14	protein_coding	SNRPG
ENSG00000143994.14	protein_coding	ABHD1
ENSG00000143995.20	protein_coding	MEIS1
ENSG00000144010.11	protein_coding	TRIM43B
ENSG00000144015.5	protein_coding	TRIM43
ENSG00000144021.3	protein_coding	CIAO1
ENSG00000144026.14	protein_coding	ZNF514
ENSG00000144028.15	protein_coding	SNRNP200
ENSG00000144029.14	protein_coding	MRPS5
ENSG00000144031.12	protein_coding	ANKRD53
ENSG00000144034.16	protein_coding	TPRKB
ENSG00000144035.4	protein_coding	NAT8
ENSG00000144036.16	protein_coding	EXOC6B
ENSG00000144040.13	protein_coding	SFXN5
ENSG00000144043.13	protein_coding	TEX261
ENSG00000144045.14	protein_coding	DQX1
ENSG00000144048.11	protein_coding	DUSP11
ENSG00000144057.16	protein_coding	ST6GAL2
ENSG00000144061.14	protein_coding	NPHP1
ENSG00000144063.4	protein_coding	MALL
ENSG00000144115.18	protein_coding	THNSL2
ENSG00000144118.14	protein_coding	RALB
ENSG00000144119.4	protein_coding	C1QL2
ENSG00000144120.13	protein_coding	TMEM177
ENSG00000144130.12	protein_coding	NT5DC4
ENSG00000144134.19	protein_coding	RABL2A
ENSG00000144136.11	protein_coding	SLC20A1
ENSG00000144152.13	protein_coding	FBLN7
ENSG00000144161.14	protein_coding	ZC3H8
ENSG00000144182.17	protein_coding	LIPT1
ENSG00000144191.12	protein_coding	CNGA3
ENSG00000144199.12	protein_coding	FAHD2B
ENSG00000144214.10	protein_coding	LYG1
ENSG00000144218.21	protein_coding	AFF3
ENSG00000144224.17	protein_coding	UBXN4
ENSG00000144227.5	protein_coding	NXPH2
ENSG00000144228.9	protein_coding	SPOPL
ENSG00000144229.13	protein_coding	THSD7B
ENSG00000144230.17	protein_coding	GPR17
ENSG00000144231.11	protein_coding	POLR2D
ENSG00000144233.12	protein_coding	AMMECR1L
ENSG00000144278.15	protein_coding	GALNT13
ENSG00000144283.23	protein_coding	PKP4
ENSG00000144285.23	protein_coding	SCN1A
ENSG00000144290.17	protein_coding	SLC4A10
ENSG00000144306.15	protein_coding	SCRN3
ENSG00000144320.14	protein_coding	LNPK
ENSG00000144331.20	protein_coding	ZNF385B
ENSG00000144339.12	protein_coding	TMEFF2
ENSG00000144354.15	protein_coding	CDCA7
ENSG00000144355.15	protein_coding	DLX1
ENSG00000144357.18	protein_coding	UBR3
ENSG00000144362.12	protein_coding	PHOSPHO2
ENSG00000144366.17	protein_coding	GULP1
ENSG00000144369.14	protein_coding	FAM171B
ENSG00000144381.18	protein_coding	HSPD1
ENSG00000144395.18	protein_coding	CCDC150
ENSG00000144401.14	protein_coding	METTL21A
ENSG00000144406.19	protein_coding	UNC80
ENSG00000144407.10	protein_coding	PTH2R
ENSG00000144410.5	protein_coding	CPO
ENSG00000144426.19	protein_coding	NBEAL1
ENSG00000144445.17	protein_coding	KANSL1L
ENSG00000144451.20	protein_coding	SPAG16
ENSG00000144452.15	protein_coding	ABCA12
ENSG00000144455.14	protein_coding	SUMF1
ENSG00000144460.13	protein_coding	NYAP2
ENSG00000144468.17	protein_coding	RHBDD1
ENSG00000144476.6	protein_coding	ACKR3
ENSG00000144481.17	protein_coding	TRPM8
ENSG00000144485.11	protein_coding	HES6
ENSG00000144488.15	protein_coding	ESPNL
ENSG00000144504.16	protein_coding	ANKMY1
ENSG00000144524.18	protein_coding	COPS7B
ENSG00000144535.20	protein_coding	DIS3L2
ENSG00000144550.14	protein_coding	CPNE9
ENSG00000144554.13	protein_coding	FANCD2
ENSG00000144559.11	protein_coding	TAMM41
ENSG00000144560.16	protein_coding	VGLL4
ENSG00000144566.11	protein_coding	RAB5A
ENSG00000144567.11	protein_coding	RETREG2
ENSG00000144579.8	protein_coding	CTDSP1
ENSG00000144580.14	protein_coding	CNOT9
ENSG00000144583.5	protein_coding	MARCHF4
ENSG00000144589.22	protein_coding	STK11IP
ENSG00000144591.20	protein_coding	GMPPA
ENSG00000144596.13	protein_coding	GRIP2
ENSG00000144597.14	protein_coding	EAF1
ENSG00000144619.15	protein_coding	CNTN4
ENSG00000144635.9	protein_coding	DYNC1LI1
ENSG00000144642.22	protein_coding	RBMS3
ENSG00000144644.15	protein_coding	GADL1
ENSG00000144645.16	protein_coding	OSBPL10
ENSG00000144647.7	protein_coding	POMGNT2
ENSG00000144648.16	protein_coding	ACKR2
ENSG00000144649.10	protein_coding	GASK1A
ENSG00000144655.15	protein_coding	CSRNP1
ENSG00000144659.13	protein_coding	SLC25A38
ENSG00000144668.12	protein_coding	ITGA9
ENSG00000144671.11	protein_coding	SLC22A14
ENSG00000144674.19	protein_coding	GOLGA4
ENSG00000144677.15	protein_coding	CTDSPL
ENSG00000144681.11	protein_coding	STAC
ENSG00000144711.17	protein_coding	IQSEC1
ENSG00000144712.13	protein_coding	CAND2
ENSG00000144713.13	protein_coding	RPL32
ENSG00000144724.20	protein_coding	PTPRG
ENSG00000144730.19	protein_coding	IL17RD
ENSG00000144736.14	protein_coding	SHQ1
ENSG00000144741.19	protein_coding	SLC25A26
ENSG00000144744.17	protein_coding	UBA3
ENSG00000144746.7	protein_coding	ARL6IP5
ENSG00000144747.17	protein_coding	TMF1
ENSG00000144749.14	protein_coding	LRIG1
ENSG00000144771.8	protein_coding	LRTM1
ENSG00000144785.8	protein_coding	ENSG00000144785
ENSG00000144791.10	protein_coding	LIMD1
ENSG00000144792.9	protein_coding	ZNF660
ENSG00000144802.11	protein_coding	NFKBIZ
ENSG00000144810.16	protein_coding	COL8A1
ENSG00000144815.18	protein_coding	NXPE3
ENSG00000144820.8	protein_coding	ADGRG7
ENSG00000144821.11	protein_coding	MYH15
ENSG00000144824.21	protein_coding	PHLDB2
ENSG00000144827.9	protein_coding	ABHD10
ENSG00000144834.14	protein_coding	TAGLN3
ENSG00000144837.9	protein_coding	PLA1A
ENSG00000144840.10	protein_coding	RABL3
ENSG00000144843.12	protein_coding	ADPRH
ENSG00000144847.13	protein_coding	IGSF11
ENSG00000144848.11	protein_coding	ATG3
ENSG00000144852.20	protein_coding	NR1I2
ENSG00000144857.15	protein_coding	BOC
ENSG00000144867.13	protein_coding	SRPRB
ENSG00000144868.14	protein_coding	TMEM108
ENSG00000144891.19	protein_coding	AGTR1
ENSG00000144893.13	protein_coding	MED12L
ENSG00000144895.12	protein_coding	EIF2A
ENSG00000144908.14	protein_coding	ALDH1L1
ENSG00000144909.8	protein_coding	OSBPL11
ENSG00000144935.17	protein_coding	TRPC1
ENSG00000144959.11	protein_coding	NCEH1
ENSG00000144962.7	protein_coding	SPATA16
ENSG00000145002.13	protein_coding	FAM86B2
ENSG00000145012.14	protein_coding	LPP
ENSG00000145014.18	protein_coding	TMEM44
ENSG00000145016.17	protein_coding	RUBCN
ENSG00000145020.16	protein_coding	AMT
ENSG00000145022.5	protein_coding	TCTA
ENSG00000145029.14	protein_coding	NICN1
ENSG00000145040.4	protein_coding	UCN2
ENSG00000145041.16	protein_coding	DCAF1
ENSG00000145050.19	protein_coding	MANF
ENSG00000145087.14	protein_coding	STXBP5L
ENSG00000145088.9	protein_coding	EAF2
ENSG00000145103.15	protein_coding	ILDR1
ENSG00000145107.16	protein_coding	TM4SF19
ENSG00000145113.22	protein_coding	MUC4
ENSG00000145147.20	protein_coding	SLIT2
ENSG00000145191.15	protein_coding	EIF2B5
ENSG00000145192.13	protein_coding	AHSG
ENSG00000145194.19	protein_coding	ECE2
ENSG00000145198.15	protein_coding	VWA5B2
ENSG00000145214.14	protein_coding	DGKQ
ENSG00000145216.17	protein_coding	FIP1L1
ENSG00000145217.14	protein_coding	SLC26A1
ENSG00000145220.14	protein_coding	LYAR
ENSG00000145241.11	protein_coding	CENPC
ENSG00000145242.14	protein_coding	EPHA5
ENSG00000145244.12	protein_coding	CORIN
ENSG00000145246.14	protein_coding	ATP10D
ENSG00000145247.12	protein_coding	OCIAD2
ENSG00000145248.7	protein_coding	SLC10A4
ENSG00000145283.8	protein_coding	SLC10A6
ENSG00000145284.12	protein_coding	SCD5
ENSG00000145287.11	protein_coding	PLAC8
ENSG00000145293.17	protein_coding	ENOPH1
ENSG00000145309.6	protein_coding	CABS1
ENSG00000145321.13	protein_coding	GC
ENSG00000145331.14	protein_coding	TRMT10A
ENSG00000145332.14	protein_coding	KLHL8
ENSG00000145335.17	protein_coding	SNCA
ENSG00000145337.5	protein_coding	PYURF
ENSG00000145348.17	protein_coding	TBCK
ENSG00000145349.20	protein_coding	CAMK2D
ENSG00000145354.12	protein_coding	CISD2
ENSG00000145358.6	protein_coding	DDIT4L
ENSG00000145362.21	protein_coding	ANK2
ENSG00000145365.12	protein_coding	TIFA
ENSG00000145375.9	protein_coding	SPATA5
ENSG00000145384.4	protein_coding	FABP2
ENSG00000145386.11	protein_coding	CCNA2
ENSG00000145388.15	protein_coding	METTL14
ENSG00000145390.12	protein_coding	USP53
ENSG00000145391.14	protein_coding	SETD7
ENSG00000145414.9	protein_coding	NAF1
ENSG00000145416.14	protein_coding	MARCHF1
ENSG00000145423.5	protein_coding	SFRP2
ENSG00000145425.10	protein_coding	RPS3A
ENSG00000145428.15	protein_coding	RNF175
ENSG00000145431.11	protein_coding	PDGFC
ENSG00000145439.12	protein_coding	CBR4
ENSG00000145451.13	protein_coding	GLRA3
ENSG00000145476.16	protein_coding	CYP4V2
ENSG00000145491.12	protein_coding	ROPN1L
ENSG00000145494.12	protein_coding	NDUFS6
ENSG00000145495.16	protein_coding	MARCHF6
ENSG00000145506.14	protein_coding	NKD2
ENSG00000145526.12	protein_coding	CDH18
ENSG00000145536.15	protein_coding	ADAMTS16
ENSG00000145545.12	protein_coding	SRD5A1
ENSG00000145555.15	protein_coding	MYO10
ENSG00000145569.6	protein_coding	OTULINL
ENSG00000145592.14	protein_coding	RPL37
ENSG00000145604.17	protein_coding	SKP2
ENSG00000145623.13	protein_coding	OSMR
ENSG00000145626.12	protein_coding	UGT3A1
ENSG00000145632.15	protein_coding	PLK2
ENSG00000145642.12	protein_coding	SHISAL2B
ENSG00000145649.8	protein_coding	GZMA
ENSG00000145675.16	protein_coding	PIK3R1
ENSG00000145681.11	protein_coding	HAPLN1
ENSG00000145685.14	protein_coding	LHFPL2
ENSG00000145687.17	protein_coding	SSBP2
ENSG00000145692.15	protein_coding	BHMT
ENSG00000145700.10	protein_coding	ANKRD31
ENSG00000145703.17	protein_coding	IQGAP2
ENSG00000145708.11	protein_coding	CRHBP
ENSG00000145715.15	protein_coding	RASA1
ENSG00000145721.12	protein_coding	LIX1
ENSG00000145723.17	protein_coding	GIN1
ENSG00000145725.21	protein_coding	PPIP5K2
ENSG00000145730.21	protein_coding	PAM
ENSG00000145734.20	protein_coding	BDP1
ENSG00000145736.15	protein_coding	GTF2H2
ENSG00000145740.20	protein_coding	SLC30A5
ENSG00000145741.17	protein_coding	BTF3
ENSG00000145743.18	protein_coding	FBXL17
ENSG00000145757.16	protein_coding	SPATA9
ENSG00000145777.15	protein_coding	TSLP
ENSG00000145779.8	protein_coding	TNFAIP8
ENSG00000145780.8	protein_coding	FEM1C
ENSG00000145781.9	protein_coding	COMMD10
ENSG00000145782.13	protein_coding	ATG12
ENSG00000145794.17	protein_coding	MEGF10
ENSG00000145808.10	protein_coding	ADAMTS19
ENSG00000145817.17	protein_coding	YIPF5
ENSG00000145819.18	protein_coding	ARHGAP26
ENSG00000145824.13	protein_coding	CXCL14
ENSG00000145826.9	protein_coding	LECT2
ENSG00000145832.16	protein_coding	SLC25A48
ENSG00000145833.16	protein_coding	DDX46
ENSG00000145839.2	protein_coding	IL9
ENSG00000145850.9	protein_coding	TIMD4
ENSG00000145860.12	protein_coding	RNF145
ENSG00000145861.9	protein_coding	C1QTNF2
ENSG00000145863.11	protein_coding	GABRA6
ENSG00000145864.14	protein_coding	GABRB2
ENSG00000145868.17	protein_coding	FBXO38
ENSG00000145879.11	protein_coding	SPINK7
ENSG00000145882.11	protein_coding	PCYOX1L
ENSG00000145888.11	protein_coding	GLRA1
ENSG00000145901.16	protein_coding	TNIP1
ENSG00000145907.16	protein_coding	G3BP1
ENSG00000145908.13	protein_coding	ZNF300
ENSG00000145911.6	protein_coding	N4BP3
ENSG00000145912.10	protein_coding	NHP2
ENSG00000145916.19	protein_coding	RMND5B
ENSG00000145919.11	protein_coding	BOD1
ENSG00000145920.15	protein_coding	CPLX2
ENSG00000145934.17	protein_coding	TENM2
ENSG00000145936.9	protein_coding	KCNMB1
ENSG00000145945.7	protein_coding	FAM50B
ENSG00000145949.12	protein_coding	MYLK4
ENSG00000145975.15	protein_coding	FAM217A
ENSG00000145979.18	protein_coding	TBC1D7
ENSG00000145982.13	protein_coding	FARS2
ENSG00000145990.11	protein_coding	GFOD1
ENSG00000145996.11	protein_coding	CDKAL1
ENSG00000146005.4	protein_coding	PSD2
ENSG00000146006.8	protein_coding	LRRTM2
ENSG00000146007.11	protein_coding	ZMAT2
ENSG00000146013.11	protein_coding	GFRA3
ENSG00000146021.15	protein_coding	KLHL3
ENSG00000146038.12	protein_coding	DCDC2
ENSG00000146039.11	protein_coding	SLC17A4
ENSG00000146047.7	protein_coding	H2BC1
ENSG00000146054.18	protein_coding	TRIM7
ENSG00000146063.20	protein_coding	TRIM41
ENSG00000146066.3	protein_coding	HIGD2A
ENSG00000146067.17	protein_coding	FAM193B
ENSG00000146070.17	protein_coding	PLA2G7
ENSG00000146072.6	protein_coding	TNFRSF21
ENSG00000146083.12	protein_coding	RNF44
ENSG00000146085.8	protein_coding	MMUT
ENSG00000146090.16	protein_coding	RASGEF1C
ENSG00000146094.16	protein_coding	DOK3
ENSG00000146109.5	protein_coding	ABT1
ENSG00000146112.12	protein_coding	PPP1R18
ENSG00000146122.17	protein_coding	DAAM2
ENSG00000146143.19	protein_coding	PRIM2
ENSG00000146147.15	protein_coding	MLIP
ENSG00000146151.14	protein_coding	HMGCLL1
ENSG00000146166.17	protein_coding	LGSN
ENSG00000146192.15	protein_coding	FGD2
ENSG00000146197.9	protein_coding	SCUBE3
ENSG00000146205.15	protein_coding	ANO7
ENSG00000146215.14	protein_coding	CRIP3
ENSG00000146216.14	protein_coding	TTBK1
ENSG00000146221.10	protein_coding	TCTE1
ENSG00000146223.16	protein_coding	RPL7L1
ENSG00000146232.17	protein_coding	NFKBIE
ENSG00000146233.8	protein_coding	CYP39A1
ENSG00000146242.9	protein_coding	TPBG
ENSG00000146243.14	protein_coding	IRAK1BP1
ENSG00000146247.15	protein_coding	PHIP
ENSG00000146250.7	protein_coding	PRSS35
ENSG00000146263.12	protein_coding	MMS22L
ENSG00000146267.12	protein_coding	FAXC
ENSG00000146276.12	protein_coding	GABRR1
ENSG00000146278.11	protein_coding	PNRC1
ENSG00000146281.6	protein_coding	PM20D2
ENSG00000146282.19	protein_coding	RARS2
ENSG00000146285.14	protein_coding	SCML4
ENSG00000146350.14	protein_coding	TBC1D32
ENSG00000146352.13	protein_coding	CLVS2
ENSG00000146360.9	protein_coding	GPR6
ENSG00000146373.17	protein_coding	RNF217
ENSG00000146374.14	protein_coding	RSPO3
ENSG00000146376.11	protein_coding	ARHGAP18
ENSG00000146378.6	protein_coding	TAAR2
ENSG00000146383.7	protein_coding	TAAR6
ENSG00000146385.2	protein_coding	TAAR8
ENSG00000146386.8	protein_coding	ABRACL
ENSG00000146399.3	protein_coding	TAAR1
ENSG00000146409.12	protein_coding	SLC18B1
ENSG00000146410.12	protein_coding	MTFR2
ENSG00000146411.6	protein_coding	SLC2A12
ENSG00000146414.17	protein_coding	SHPRH
ENSG00000146416.19	protein_coding	AIG1
ENSG00000146425.11	protein_coding	DYNLT1
ENSG00000146426.19	protein_coding	TIAM2
ENSG00000146433.10	protein_coding	TMEM181
ENSG00000146453.13	protein_coding	PNLDC1
ENSG00000146457.16	protein_coding	WTAP
ENSG00000146463.12	protein_coding	ZMYM4
ENSG00000146469.13	protein_coding	VIP
ENSG00000146476.11	protein_coding	ARMT1
ENSG00000146477.6	protein_coding	SLC22A3
ENSG00000146530.15	protein_coding	VWDE
ENSG00000146535.14	protein_coding	GNA12
ENSG00000146540.15	protein_coding	C7orf50
ENSG00000146555.20	protein_coding	SDK1
ENSG00000146574.16	protein_coding	CCZ1B
ENSG00000146576.13	protein_coding	INTS15
ENSG00000146587.18	protein_coding	RBAK
ENSG00000146592.17	protein_coding	CREB5
ENSG00000146618.3	protein_coding	FERD3L
ENSG00000146648.21	protein_coding	EGFR
ENSG00000146670.10	protein_coding	CDCA5
ENSG00000146674.16	protein_coding	IGFBP3
ENSG00000146676.10	protein_coding	PURB
ENSG00000146678.10	protein_coding	IGFBP1
ENSG00000146700.9	protein_coding	SSC4D
ENSG00000146701.12	protein_coding	MDH2
ENSG00000146707.15	protein_coding	POMZP3
ENSG00000146729.10	protein_coding	NIPSNAP2
ENSG00000146731.11	protein_coding	CCT6A
ENSG00000146733.14	protein_coding	PSPH
ENSG00000146755.11	protein_coding	TRIM50
ENSG00000146757.14	protein_coding	ZNF92
ENSG00000146776.15	protein_coding	ATXN7L1
ENSG00000146802.13	protein_coding	TMEM168
ENSG00000146809.14	protein_coding	ASB15
ENSG00000146826.17	protein_coding	TRAPPC14
ENSG00000146828.18	protein_coding	SLC12A9
ENSG00000146830.11	protein_coding	GIGYF1
ENSG00000146833.16	protein_coding	TRIM4
ENSG00000146834.15	protein_coding	MEPCE
ENSG00000146839.19	protein_coding	ZAN
ENSG00000146842.17	protein_coding	TMEM209
ENSG00000146856.14	protein_coding	AGBL3
ENSG00000146857.5	protein_coding	STRA8
ENSG00000146858.8	protein_coding	ZC3HAV1L
ENSG00000146859.6	protein_coding	TMEM140
ENSG00000146872.19	protein_coding	TLK2
ENSG00000146904.9	protein_coding	EPHA1
ENSG00000146909.8	protein_coding	NOM1
ENSG00000146910.14	protein_coding	CNPY1
ENSG00000146918.20	protein_coding	NCAPG2
ENSG00000146926.11	protein_coding	ASB10
ENSG00000146938.16	protein_coding	NLGN4X
ENSG00000146950.13	protein_coding	SHROOM2
ENSG00000146955.11	protein_coding	RAB19
ENSG00000146963.18	protein_coding	LUC7L2
ENSG00000146966.13	protein_coding	DENND2A
ENSG00000147003.7	protein_coding	CLTRN
ENSG00000147010.19	protein_coding	SH3KBP1
ENSG00000147027.4	protein_coding	TMEM47
ENSG00000147036.12	protein_coding	LANCL3
ENSG00000147041.12	protein_coding	SYTL5
ENSG00000147044.23	protein_coding	CASK
ENSG00000147050.17	protein_coding	KDM6A
ENSG00000147059.9	protein_coding	SPIN2A
ENSG00000147065.18	protein_coding	MSN
ENSG00000147081.15	protein_coding	AKAP4
ENSG00000147082.18	protein_coding	CCNB3
ENSG00000147099.21	protein_coding	HDAC8
ENSG00000147100.11	protein_coding	SLC16A2
ENSG00000147113.17	protein_coding	DIPK2B
ENSG00000147117.8	protein_coding	ZNF157
ENSG00000147118.12	protein_coding	ZNF182
ENSG00000147119.4	protein_coding	CHST7
ENSG00000147121.16	protein_coding	KRBOX4
ENSG00000147123.12	protein_coding	NDUFB11
ENSG00000147124.13	protein_coding	ZNF41
ENSG00000147127.8	protein_coding	RAB41
ENSG00000147130.14	protein_coding	ZMYM3
ENSG00000147133.17	protein_coding	TAF1
ENSG00000147138.3	protein_coding	GPR174
ENSG00000147140.17	protein_coding	NONO
ENSG00000147144.13	protein_coding	CCDC120
ENSG00000147145.14	protein_coding	LPAR4
ENSG00000147155.11	protein_coding	EBP
ENSG00000147160.9	protein_coding	AWAT2
ENSG00000147162.15	protein_coding	OGT
ENSG00000147164.12	protein_coding	SNX12
ENSG00000147166.11	protein_coding	ITGB1BP2
ENSG00000147168.14	protein_coding	IL2RG
ENSG00000147174.12	protein_coding	GCNA
ENSG00000147180.17	protein_coding	ZNF711
ENSG00000147183.10	protein_coding	CPXCR1
ENSG00000147202.19	protein_coding	DIAPH2
ENSG00000147206.17	protein_coding	NXF3
ENSG00000147223.6	protein_coding	RIPPLY1
ENSG00000147224.13	protein_coding	PRPS1
ENSG00000147231.14	protein_coding	RADX
ENSG00000147234.11	protein_coding	FRMPD3
ENSG00000147246.10	protein_coding	HTR2C
ENSG00000147251.16	protein_coding	DOCK11
ENSG00000147255.19	protein_coding	IGSF1
ENSG00000147256.12	protein_coding	ARHGAP36
ENSG00000147257.16	protein_coding	GPC3
ENSG00000147262.5	protein_coding	GPR119
ENSG00000147274.14	protein_coding	RBMX
ENSG00000147316.15	protein_coding	MCPH1
ENSG00000147324.11	protein_coding	MFHAS1
ENSG00000147364.17	protein_coding	FBXO25
ENSG00000147378.11	protein_coding	FATE1
ENSG00000147381.12	protein_coding	MAGEA4
ENSG00000147383.11	protein_coding	NSDHL
ENSG00000147394.20	protein_coding	ZNF185
ENSG00000147400.10	protein_coding	CETN2
ENSG00000147403.18	protein_coding	RPL10
ENSG00000147408.16	protein_coding	CSGALNACT1
ENSG00000147416.11	protein_coding	ATP6V1B2
ENSG00000147419.19	protein_coding	CCDC25
ENSG00000147421.18	protein_coding	HMBOX1
ENSG00000147432.7	protein_coding	CHRNB3
ENSG00000147434.9	protein_coding	CHRNA6
ENSG00000147437.10	protein_coding	GNRH1
ENSG00000147439.14	protein_coding	BIN3
ENSG00000147443.13	protein_coding	DOK2
ENSG00000147454.14	protein_coding	SLC25A37
ENSG00000147457.14	protein_coding	CHMP7
ENSG00000147459.18	protein_coding	DOCK5
ENSG00000147465.12	protein_coding	STAR
ENSG00000147471.12	protein_coding	PLPBP
ENSG00000147475.17	protein_coding	ERLIN2
ENSG00000147481.17	protein_coding	SNTG1
ENSG00000147485.13	protein_coding	PXDNL
ENSG00000147488.13	protein_coding	ST18
ENSG00000147509.14	protein_coding	RGS20
ENSG00000147526.20	protein_coding	TACC1
ENSG00000147533.19	protein_coding	GOLGA7
ENSG00000147535.17	protein_coding	PLPP5
ENSG00000147536.12	protein_coding	GINS4
ENSG00000147548.17	protein_coding	NSD3
ENSG00000147570.10	protein_coding	DNAJC5B
ENSG00000147571.5	protein_coding	CRH
ENSG00000147573.17	protein_coding	TRIM55
ENSG00000147576.17	protein_coding	ADHFE1
ENSG00000147586.10	protein_coding	MRPS28
ENSG00000147588.7	protein_coding	PMP2
ENSG00000147592.9	protein_coding	LACTB2
ENSG00000147596.4	protein_coding	PRDM14
ENSG00000147601.15	protein_coding	TERF1
ENSG00000147604.14	protein_coding	RPL7
ENSG00000147606.9	protein_coding	SLC26A7
ENSG00000147613.8	protein_coding	PSKH2
ENSG00000147614.4	protein_coding	ATP6V0D2
ENSG00000147642.17	protein_coding	SYBU
ENSG00000147647.13	protein_coding	DPYS
ENSG00000147649.10	protein_coding	MTDH
ENSG00000147650.12	protein_coding	LRP12
ENSG00000147654.16	protein_coding	EBAG9
ENSG00000147655.12	protein_coding	RSPO2
ENSG00000147669.11	protein_coding	POLR2K
ENSG00000147676.14	protein_coding	MAL2
ENSG00000147677.12	protein_coding	EIF3H
ENSG00000147679.12	protein_coding	UTP23
ENSG00000147684.10	protein_coding	NDUFB9
ENSG00000147687.19	protein_coding	TATDN1
ENSG00000147689.17	protein_coding	FAM83A
ENSG00000147697.9	protein_coding	GSDMC
ENSG00000147724.12	protein_coding	FAM135B
ENSG00000147789.16	protein_coding	ZNF7
ENSG00000147799.12	protein_coding	ARHGAP39
ENSG00000147804.10	protein_coding	SLC39A4
ENSG00000147813.16	protein_coding	NAPRT
ENSG00000147852.17	protein_coding	VLDLR
ENSG00000147853.17	protein_coding	AK3
ENSG00000147854.17	protein_coding	UHRF2
ENSG00000147862.18	protein_coding	NFIB
ENSG00000147869.5	protein_coding	CER1
ENSG00000147872.10	protein_coding	PLIN2
ENSG00000147873.6	protein_coding	IFNA5
ENSG00000147874.11	protein_coding	HAUS6
ENSG00000147883.12	protein_coding	CDKN2B
ENSG00000147885.4	protein_coding	IFNA16
ENSG00000147889.18	protein_coding	CDKN2A
ENSG00000147894.17	protein_coding	C9orf72
ENSG00000147896.4	protein_coding	IFNK
ENSG00000147905.18	protein_coding	ZCCHC7
ENSG00000147912.13	protein_coding	FBXO10
ENSG00000147955.18	protein_coding	SIGMAR1
ENSG00000147996.17	protein_coding	ZNG1E
ENSG00000148019.14	protein_coding	CEP78
ENSG00000148053.18	protein_coding	NTRK2
ENSG00000148057.16	protein_coding	IDNK
ENSG00000148082.10	protein_coding	SHC3
ENSG00000148090.12	protein_coding	AUH
ENSG00000148110.17	protein_coding	MFSD14B
ENSG00000148120.18	protein_coding	AOPEP
ENSG00000148123.15	protein_coding	PLPPR1
ENSG00000148136.5	protein_coding	OR13C4
ENSG00000148143.13	protein_coding	ZNF462
ENSG00000148153.14	protein_coding	INIP
ENSG00000148154.10	protein_coding	UGCG
ENSG00000148156.8	protein_coding	ACTL7B
ENSG00000148158.17	protein_coding	SNX30
ENSG00000148175.13	protein_coding	STOM
ENSG00000148180.22	protein_coding	GSN
ENSG00000148187.18	protein_coding	MRRF
ENSG00000148200.17	protein_coding	NR6A1
ENSG00000148204.12	protein_coding	CRB2
ENSG00000148215.4	protein_coding	OR5C1
ENSG00000148218.16	protein_coding	ALAD
ENSG00000148219.18	protein_coding	ASTN2
ENSG00000148225.16	protein_coding	WDR31
ENSG00000148229.13	protein_coding	POLE3
ENSG00000148248.14	protein_coding	SURF4
ENSG00000148288.13	protein_coding	GBGT1
ENSG00000148290.10	protein_coding	SURF1
ENSG00000148291.10	protein_coding	SURF2
ENSG00000148296.7	protein_coding	SURF6
ENSG00000148297.16	protein_coding	MED22
ENSG00000148300.12	protein_coding	REXO4
ENSG00000148303.17	protein_coding	RPL7A
ENSG00000148308.18	protein_coding	GTF3C5
ENSG00000148331.12	protein_coding	ASB6
ENSG00000148334.16	protein_coding	PTGES2
ENSG00000148335.15	protein_coding	NTMT1
ENSG00000148337.22	protein_coding	CIZ1
ENSG00000148339.13	protein_coding	SLC25A25
ENSG00000148341.18	protein_coding	SH3GLB2
ENSG00000148343.19	protein_coding	MIGA2
ENSG00000148344.11	protein_coding	PTGES
ENSG00000148346.12	protein_coding	LCN2
ENSG00000148356.15	protein_coding	LRSAM1
ENSG00000148357.18	protein_coding	HMCN2
ENSG00000148358.20	protein_coding	GPR107
ENSG00000148362.11	protein_coding	PAXX
ENSG00000148377.6	protein_coding	IDI2
ENSG00000148384.14	protein_coding	INPP5E
ENSG00000148386.10	protein_coding	LCN9
ENSG00000148396.19	protein_coding	SEC16A
ENSG00000148399.13	protein_coding	DPH7
ENSG00000148400.13	protein_coding	NOTCH1
ENSG00000148408.14	protein_coding	CACNA1B
ENSG00000148411.8	protein_coding	NACC2
ENSG00000148426.13	protein_coding	PROSER2
ENSG00000148429.15	protein_coding	USP6NL
ENSG00000148444.16	protein_coding	COMMD3
ENSG00000148450.13	protein_coding	MSRB2
ENSG00000148459.16	protein_coding	PDSS1
ENSG00000148468.17	protein_coding	FAM171A1
ENSG00000148481.14	protein_coding	MINDY3
ENSG00000148482.12	protein_coding	SLC39A12
ENSG00000148483.9	protein_coding	TMEM236
ENSG00000148484.18	protein_coding	RSU1
ENSG00000148488.17	protein_coding	ST8SIA6
ENSG00000148498.17	protein_coding	PARD3
ENSG00000148513.20	protein_coding	ANKRD30A
ENSG00000148516.23	protein_coding	ZEB1
ENSG00000148541.13	protein_coding	FAM13C
ENSG00000148572.16	protein_coding	NRBF2
ENSG00000148584.16	protein_coding	A1CF
ENSG00000148600.15	protein_coding	CDHR1
ENSG00000148602.6	protein_coding	LRIT1
ENSG00000148604.15	protein_coding	RGR
ENSG00000148606.15	protein_coding	POLR3A
ENSG00000148634.16	protein_coding	HERC4
ENSG00000148655.15	protein_coding	LRMDA
ENSG00000148660.22	protein_coding	CAMK2G
ENSG00000148671.14	protein_coding	ADIRF
ENSG00000148672.10	protein_coding	GLUD1
ENSG00000148677.7	protein_coding	ANKRD1
ENSG00000148680.16	protein_coding	HTR7
ENSG00000148688.14	protein_coding	RPP30
ENSG00000148690.12	protein_coding	FRA10AC1
ENSG00000148700.15	protein_coding	ADD3
ENSG00000148702.15	protein_coding	HABP2
ENSG00000148704.13	protein_coding	VAX1
ENSG00000148719.16	protein_coding	DNAJB12
ENSG00000148730.7	protein_coding	EIF4EBP2
ENSG00000148734.8	protein_coding	NPFFR1
ENSG00000148735.16	protein_coding	PLEKHS1
ENSG00000148737.18	protein_coding	TCF7L2
ENSG00000148773.14	protein_coding	MKI67
ENSG00000148795.7	protein_coding	CYP17A1
ENSG00000148798.11	protein_coding	INA
ENSG00000148803.12	protein_coding	FUOM
ENSG00000148814.18	protein_coding	LRRC27
ENSG00000148824.19	protein_coding	MTG1
ENSG00000148826.9	protein_coding	NKX6-2
ENSG00000148832.16	protein_coding	PAOX
ENSG00000148834.13	protein_coding	GSTO1
ENSG00000148835.12	protein_coding	TAF5
ENSG00000148840.11	protein_coding	PPRC1
ENSG00000148841.17	protein_coding	ITPRIP
ENSG00000148842.18	protein_coding	CNNM2
ENSG00000148843.15	protein_coding	PDCD11
ENSG00000148848.15	protein_coding	ADAM12
ENSG00000148908.15	protein_coding	RGS10
ENSG00000148925.11	protein_coding	BTBD10
ENSG00000148926.10	protein_coding	ADM
ENSG00000148935.12	protein_coding	GAS2
ENSG00000148942.15	protein_coding	SLC5A12
ENSG00000148943.12	protein_coding	LIN7C
ENSG00000148948.8	protein_coding	LRRC4C
ENSG00000148950.11	protein_coding	IMMP1L
ENSG00000148965.10	protein_coding	SAA4
ENSG00000148985.20	protein_coding	PGAP2
ENSG00000149016.16	protein_coding	TUT1
ENSG00000149021.7	protein_coding	SCGB1A1
ENSG00000149043.17	protein_coding	SYT8
ENSG00000149050.10	protein_coding	ZNF214
ENSG00000149054.16	protein_coding	ZNF215
ENSG00000149084.13	protein_coding	HSD17B12
ENSG00000149089.13	protein_coding	APIP
ENSG00000149090.13	protein_coding	PAMR1
ENSG00000149091.15	protein_coding	DGKZ
ENSG00000149100.13	protein_coding	EIF3M
ENSG00000149115.14	protein_coding	TNKS1BP1
ENSG00000149124.11	protein_coding	GLYAT
ENSG00000149131.17	protein_coding	SERPING1
ENSG00000149133.1	protein_coding	OR5F1
ENSG00000149136.9	protein_coding	SSRP1
ENSG00000149150.9	protein_coding	SLC43A1
ENSG00000149177.15	protein_coding	PTPRJ
ENSG00000149179.14	protein_coding	CSTPP1
ENSG00000149182.15	protein_coding	ARFGAP2
ENSG00000149187.19	protein_coding	CELF1
ENSG00000149196.17	protein_coding	HIKESHI
ENSG00000149201.10	protein_coding	CCDC81
ENSG00000149212.12	protein_coding	SESN3
ENSG00000149218.5	protein_coding	ENDOD1
ENSG00000149231.16	protein_coding	CCDC82
ENSG00000149243.17	protein_coding	KLHL35
ENSG00000149256.16	protein_coding	TENM4
ENSG00000149257.16	protein_coding	SERPINH1
ENSG00000149260.18	protein_coding	CAPN5
ENSG00000149262.19	protein_coding	INTS4
ENSG00000149269.10	protein_coding	PAK1
ENSG00000149273.15	protein_coding	RPS3
ENSG00000149289.11	protein_coding	ZC3H12C
ENSG00000149292.17	protein_coding	TTC12
ENSG00000149294.17	protein_coding	NCAM1
ENSG00000149295.14	protein_coding	DRD2
ENSG00000149300.10	protein_coding	C11orf52
ENSG00000149305.8	protein_coding	HTR3B
ENSG00000149308.17	protein_coding	NPAT
ENSG00000149311.20	protein_coding	ATM
ENSG00000149313.11	protein_coding	AASDHPPT
ENSG00000149328.15	protein_coding	GLB1L2
ENSG00000149346.15	protein_coding	SLX4IP
ENSG00000149357.10	protein_coding	LAMTOR1
ENSG00000149380.12	protein_coding	P4HA3
ENSG00000149403.13	protein_coding	GRIK4
ENSG00000149418.11	protein_coding	ST14
ENSG00000149428.21	protein_coding	HYOU1
ENSG00000149435.12	protein_coding	GGTLC1
ENSG00000149451.19	protein_coding	ADAM33
ENSG00000149452.16	protein_coding	SLC22A8
ENSG00000149474.15	protein_coding	KAT14
ENSG00000149476.16	protein_coding	TKFC
ENSG00000149480.7	protein_coding	MTA2
ENSG00000149483.13	protein_coding	TMEM138
ENSG00000149485.19	protein_coding	FADS1
ENSG00000149488.14	protein_coding	TMC2
ENSG00000149489.9	protein_coding	ROM1
ENSG00000149499.12	protein_coding	EML3
ENSG00000149503.13	protein_coding	INCENP
ENSG00000149506.12	protein_coding	ZP1
ENSG00000149507.7	protein_coding	OOSP2
ENSG00000149516.14	protein_coding	MS4A3
ENSG00000149527.18	protein_coding	PLCH2
ENSG00000149532.16	protein_coding	CPSF7
ENSG00000149534.9	protein_coding	MS4A2
ENSG00000149541.10	protein_coding	B3GAT3
ENSG00000149547.15	protein_coding	EI24
ENSG00000149548.15	protein_coding	CCDC15
ENSG00000149554.14	protein_coding	CHEK1
ENSG00000149557.14	protein_coding	FEZ1
ENSG00000149564.12	protein_coding	ESAM
ENSG00000149571.12	protein_coding	KIRREL3
ENSG00000149573.9	protein_coding	MPZL2
ENSG00000149575.9	protein_coding	SCN2B
ENSG00000149577.16	protein_coding	SIDT2
ENSG00000149582.16	protein_coding	TMEM25
ENSG00000149591.17	protein_coding	TAGLN
ENSG00000149596.7	protein_coding	JPH2
ENSG00000149599.16	protein_coding	DUSP15
ENSG00000149600.12	protein_coding	COMMD7
ENSG00000149609.6	protein_coding	C20orf144
ENSG00000149633.12	protein_coding	KIAA1755
ENSG00000149634.5	protein_coding	SPATA25
ENSG00000149635.3	protein_coding	OCSTAMP
ENSG00000149636.16	protein_coding	DSN1
ENSG00000149639.15	protein_coding	SOGA1
ENSG00000149646.12	protein_coding	CNBD2
ENSG00000149651.4	protein_coding	SPINT4
ENSG00000149654.11	protein_coding	CDH22
ENSG00000149657.20	protein_coding	LSM14B
ENSG00000149658.18	protein_coding	YTHDF1
ENSG00000149679.12	protein_coding	CABLES2
ENSG00000149716.13	protein_coding	LTO1
ENSG00000149735.7	protein_coding	GPHA2
ENSG00000149742.10	protein_coding	SLC22A9
ENSG00000149743.14	protein_coding	TRPT1
ENSG00000149761.9	protein_coding	NUDT22
ENSG00000149781.14	protein_coding	FERMT3
ENSG00000149782.13	protein_coding	PLCB3
ENSG00000149792.9	protein_coding	MRPL49
ENSG00000149798.5	protein_coding	CDC42EP2
ENSG00000149806.11	protein_coding	FAU
ENSG00000149809.17	protein_coding	TM7SF2
ENSG00000149823.9	protein_coding	VPS51
ENSG00000149922.12	protein_coding	TBX6
ENSG00000149923.14	protein_coding	PPP4C
ENSG00000149925.22	protein_coding	ALDOA
ENSG00000149926.14	protein_coding	TLCD3B
ENSG00000149927.18	protein_coding	DOC2A
ENSG00000149929.16	protein_coding	HIRIP3
ENSG00000149930.18	protein_coding	TAOK2
ENSG00000149932.17	protein_coding	TMEM219
ENSG00000149948.14	protein_coding	HMGA2
ENSG00000149968.12	protein_coding	MMP3
ENSG00000149970.16	protein_coding	CNKSR2
ENSG00000149972.12	protein_coding	CNTN5
ENSG00000150045.12	protein_coding	KLRF1
ENSG00000150048.10	protein_coding	CLEC1A
ENSG00000150051.14	protein_coding	MKX
ENSG00000150054.19	protein_coding	MPP7
ENSG00000150093.20	protein_coding	ITGB1
ENSG00000150201.15	protein_coding	FXYD4
ENSG00000150244.12	protein_coding	TRIM48
ENSG00000150261.5	protein_coding	OR8K1
ENSG00000150269.1	protein_coding	OR5M9
ENSG00000150275.20	protein_coding	PCDH15
ENSG00000150281.7	protein_coding	CTF1
ENSG00000150316.12	protein_coding	CWC15
ENSG00000150337.14	protein_coding	FCGR1A
ENSG00000150347.17	protein_coding	ARID5B
ENSG00000150361.12	protein_coding	KLHL1
ENSG00000150394.14	protein_coding	CDH8
ENSG00000150401.15	protein_coding	DCUN1D2
ENSG00000150403.18	protein_coding	TMCO3
ENSG00000150433.10	protein_coding	TMEM218
ENSG00000150455.15	protein_coding	TIRAP
ENSG00000150456.11	protein_coding	EEF1AKMT1
ENSG00000150457.9	protein_coding	LATS2
ENSG00000150459.13	protein_coding	SAP18
ENSG00000150471.17	protein_coding	ADGRL3
ENSG00000150477.15	protein_coding	KIAA1328
ENSG00000150510.17	protein_coding	FAM124A
ENSG00000150527.18	protein_coding	MIA2
ENSG00000150540.14	protein_coding	HNMT
ENSG00000150551.11	protein_coding	LYPD1
ENSG00000150556.17	protein_coding	LYPD6B
ENSG00000150593.18	protein_coding	PDCD4
ENSG00000150594.7	protein_coding	ADRA2A
ENSG00000150625.17	protein_coding	GPM6A
ENSG00000150627.16	protein_coding	WDR17
ENSG00000150628.7	protein_coding	SPATA4
ENSG00000150630.4	protein_coding	VEGFC
ENSG00000150636.17	protein_coding	CCDC102B
ENSG00000150637.9	protein_coding	CD226
ENSG00000150656.15	protein_coding	CNDP1
ENSG00000150667.8	protein_coding	FSIP1
ENSG00000150672.19	protein_coding	DLG2
ENSG00000150676.13	protein_coding	CCDC83
ENSG00000150681.10	protein_coding	RGS18
ENSG00000150687.12	protein_coding	PRSS23
ENSG00000150712.11	protein_coding	MTMR12
ENSG00000150722.11	protein_coding	PPP1R1C
ENSG00000150750.9	protein_coding	POU2AF2
ENSG00000150753.12	protein_coding	CCT5
ENSG00000150756.14	protein_coding	ATPSCKMT
ENSG00000150760.13	protein_coding	DOCK1
ENSG00000150764.14	protein_coding	DIXDC1
ENSG00000150768.17	protein_coding	DLAT
ENSG00000150773.12	protein_coding	PIH1D2
ENSG00000150776.18	protein_coding	NKAPD1
ENSG00000150779.12	protein_coding	TIMM8B
ENSG00000150782.12	protein_coding	IL18
ENSG00000150783.10	protein_coding	TEX12
ENSG00000150787.8	protein_coding	PTS
ENSG00000150867.14	protein_coding	PIP4K2A
ENSG00000150873.12	protein_coding	C2orf50
ENSG00000150893.11	protein_coding	FREM2
ENSG00000150907.10	protein_coding	FOXO1
ENSG00000150938.10	protein_coding	CRIM1
ENSG00000150961.15	protein_coding	SEC24D
ENSG00000150967.19	protein_coding	ABCB9
ENSG00000150977.11	protein_coding	RILPL2
ENSG00000150990.9	protein_coding	DHX37
ENSG00000150991.16	protein_coding	UBC
ENSG00000150995.21	protein_coding	ITPR1
ENSG00000151005.5	protein_coding	TKTL2
ENSG00000151006.8	protein_coding	PRSS53
ENSG00000151012.13	protein_coding	SLC7A11
ENSG00000151014.6	protein_coding	NOCT
ENSG00000151023.17	protein_coding	ENKUR
ENSG00000151025.11	protein_coding	GPR158
ENSG00000151033.10	protein_coding	LYZL2
ENSG00000151062.15	protein_coding	CACNA2D4
ENSG00000151065.14	protein_coding	DCP1B
ENSG00000151067.23	protein_coding	CACNA1C
ENSG00000151079.8	protein_coding	KCNA6
ENSG00000151090.20	protein_coding	THRB
ENSG00000151092.18	protein_coding	NGLY1
ENSG00000151093.8	protein_coding	OXSM
ENSG00000151116.17	protein_coding	UEVLD
ENSG00000151117.9	protein_coding	TMEM86A
ENSG00000151131.11	protein_coding	NOPCHAP1
ENSG00000151135.10	protein_coding	TMEM263
ENSG00000151136.15	protein_coding	ABTB3
ENSG00000151148.14	protein_coding	UBE3B
ENSG00000151150.22	protein_coding	ANK3
ENSG00000151151.6	protein_coding	IPMK
ENSG00000151164.19	protein_coding	RAD9B
ENSG00000151176.8	protein_coding	PLBD2
ENSG00000151208.17	protein_coding	DLG5
ENSG00000151224.13	protein_coding	MAT1A
ENSG00000151229.13	protein_coding	SLC2A13
ENSG00000151233.11	protein_coding	GXYLT1
ENSG00000151239.14	protein_coding	TWF1
ENSG00000151240.17	protein_coding	DIP2C
ENSG00000151247.13	protein_coding	EIF4E
ENSG00000151276.24	protein_coding	MAGI1
ENSG00000151287.17	protein_coding	TEX30
ENSG00000151292.19	protein_coding	CSNK1G3
ENSG00000151304.6	protein_coding	SRFBP1
ENSG00000151320.11	protein_coding	AKAP6
ENSG00000151322.20	protein_coding	NPAS3
ENSG00000151327.14	protein_coding	FAM177A1
ENSG00000151332.20	protein_coding	MBIP
ENSG00000151338.21	protein_coding	MIPOL1
ENSG00000151348.16	protein_coding	EXT2
ENSG00000151353.15	protein_coding	TMEM18
ENSG00000151360.10	protein_coding	ALLC
ENSG00000151364.17	protein_coding	KCTD14
ENSG00000151365.2	protein_coding	THRSP
ENSG00000151366.13	protein_coding	NDUFC2
ENSG00000151376.18	protein_coding	ME3
ENSG00000151379.4	protein_coding	MSGN1
ENSG00000151388.11	protein_coding	ADAMTS12
ENSG00000151413.17	protein_coding	NUBPL
ENSG00000151414.15	protein_coding	NEK7
ENSG00000151418.12	protein_coding	ATP6V1G3
ENSG00000151422.14	protein_coding	FER
ENSG00000151445.16	protein_coding	VIPAS39
ENSG00000151458.12	protein_coding	ANKRD50
ENSG00000151461.20	protein_coding	UPF2
ENSG00000151465.14	protein_coding	CDC123
ENSG00000151466.12	protein_coding	SCLT1
ENSG00000151468.11	protein_coding	CCDC3
ENSG00000151470.13	protein_coding	C4orf33
ENSG00000151474.23	protein_coding	FRMD4A
ENSG00000151475.6	protein_coding	SLC25A31
ENSG00000151490.15	protein_coding	PTPRO
ENSG00000151491.14	protein_coding	EPS8
ENSG00000151498.12	protein_coding	ACAD8
ENSG00000151500.15	protein_coding	THYN1
ENSG00000151502.11	protein_coding	VPS26B
ENSG00000151503.14	protein_coding	NCAPD3
ENSG00000151532.15	protein_coding	VTI1A
ENSG00000151552.13	protein_coding	QDPR
ENSG00000151553.15	protein_coding	FHIP2A
ENSG00000151572.18	protein_coding	ANO4
ENSG00000151575.15	protein_coding	TEX9
ENSG00000151576.10	protein_coding	QTRT2
ENSG00000151577.14	protein_coding	DRD3
ENSG00000151611.17	protein_coding	MMAA
ENSG00000151612.18	protein_coding	ZNF827
ENSG00000151615.3	protein_coding	POU4F2
ENSG00000151617.17	protein_coding	EDNRA
ENSG00000151623.15	protein_coding	NR3C2
ENSG00000151632.18	protein_coding	AKR1C2
ENSG00000151640.13	protein_coding	DPYSL4
ENSG00000151650.8	protein_coding	VENTX
ENSG00000151651.16	protein_coding	ADAM8
ENSG00000151655.19	protein_coding	ITIH2
ENSG00000151657.12	protein_coding	KIN
ENSG00000151665.13	protein_coding	PIGF
ENSG00000151687.15	protein_coding	ANKAR
ENSG00000151689.13	protein_coding	INPP1
ENSG00000151690.15	protein_coding	MFSD6
ENSG00000151692.15	protein_coding	RNF144A
ENSG00000151693.11	protein_coding	ASAP2
ENSG00000151694.15	protein_coding	ADAM17
ENSG00000151702.18	protein_coding	FLI1
ENSG00000151704.16	protein_coding	KCNJ1
ENSG00000151715.8	protein_coding	TMEM45B
ENSG00000151718.16	protein_coding	WWC2
ENSG00000151725.12	protein_coding	CENPU
ENSG00000151726.16	protein_coding	ACSL1
ENSG00000151729.11	protein_coding	SLC25A4
ENSG00000151743.11	protein_coding	AMN1
ENSG00000151746.15	protein_coding	BICD1
ENSG00000151748.15	protein_coding	SAV1
ENSG00000151773.13	protein_coding	CCDC122
ENSG00000151778.11	protein_coding	SERP2
ENSG00000151779.14	protein_coding	NBAS
ENSG00000151789.13	protein_coding	ZNF385D
ENSG00000151790.9	protein_coding	TDO2
ENSG00000151806.14	protein_coding	GUF1
ENSG00000151812.15	protein_coding	SLC35F4
ENSG00000151834.16	protein_coding	GABRA2
ENSG00000151835.17	protein_coding	SACS
ENSG00000151838.12	protein_coding	CCDC175
ENSG00000151846.9	protein_coding	PABPC3
ENSG00000151849.16	protein_coding	CENPJ
ENSG00000151876.13	protein_coding	FBXO4
ENSG00000151881.15	protein_coding	TMEM267
ENSG00000151882.11	protein_coding	CCL28
ENSG00000151883.19	protein_coding	PARP8
ENSG00000151892.16	protein_coding	GFRA1
ENSG00000151893.15	protein_coding	CACUL1
ENSG00000151914.22	protein_coding	DST
ENSG00000151917.18	protein_coding	BEND6
ENSG00000151923.18	protein_coding	TIAL1
ENSG00000151929.10	protein_coding	BAG3
ENSG00000151948.12	protein_coding	GLT1D1
ENSG00000151952.16	protein_coding	TMEM132D
ENSG00000151962.8	protein_coding	RBM46
ENSG00000151967.18	protein_coding	SCHIP1
ENSG00000152034.11	protein_coding	MCHR2
ENSG00000152049.7	protein_coding	KCNE4
ENSG00000152056.18	protein_coding	AP1S3
ENSG00000152061.24	protein_coding	RABGAP1L
ENSG00000152076.19	protein_coding	CCDC74B
ENSG00000152078.10	protein_coding	TLCD4
ENSG00000152082.15	protein_coding	MZT2B
ENSG00000152086.9	protein_coding	TUBA3E
ENSG00000152092.16	protein_coding	ASTN1
ENSG00000152093.8	protein_coding	CFC1B
ENSG00000152102.18	protein_coding	FAM168B
ENSG00000152104.12	protein_coding	PTPN14
ENSG00000152127.9	protein_coding	MGAT5
ENSG00000152128.13	protein_coding	TMEM163
ENSG00000152133.17	protein_coding	GPATCH11
ENSG00000152137.8	protein_coding	HSPB8
ENSG00000152147.11	protein_coding	GEMIN6
ENSG00000152154.11	protein_coding	TMEM178A
ENSG00000152192.8	protein_coding	POU4F1
ENSG00000152193.8	protein_coding	OBI1
ENSG00000152207.8	protein_coding	CYSLTR2
ENSG00000152208.13	protein_coding	GRID2
ENSG00000152213.4	protein_coding	ARL11
ENSG00000152214.14	protein_coding	RIT2
ENSG00000152217.20	protein_coding	SETBP1
ENSG00000152219.5	protein_coding	ARL14EP
ENSG00000152223.16	protein_coding	EPG5
ENSG00000152229.18	protein_coding	PSTPIP2
ENSG00000152234.16	protein_coding	ATP5F1A
ENSG00000152240.13	protein_coding	HAUS1
ENSG00000152242.11	protein_coding	C18orf25
ENSG00000152253.9	protein_coding	SPC25
ENSG00000152254.11	protein_coding	G6PC2
ENSG00000152256.14	protein_coding	PDK1
ENSG00000152266.7	protein_coding	PTH
ENSG00000152270.9	protein_coding	PDE3B
ENSG00000152284.5	protein_coding	TCF7L1
ENSG00000152291.15	protein_coding	TGOLN2
ENSG00000152292.18	protein_coding	SH2D6
ENSG00000152315.5	protein_coding	KCNK13
ENSG00000152332.16	protein_coding	UHMK1
ENSG00000152348.16	protein_coding	ATG10
ENSG00000152359.15	protein_coding	POC5
ENSG00000152377.14	protein_coding	SPOCK1
ENSG00000152380.10	protein_coding	FAM151B
ENSG00000152382.6	protein_coding	TADA1
ENSG00000152402.11	protein_coding	GUCY1A2
ENSG00000152404.16	protein_coding	CWF19L2
ENSG00000152409.9	protein_coding	JMY
ENSG00000152413.15	protein_coding	HOMER1
ENSG00000152422.16	protein_coding	XRCC4
ENSG00000152430.19	protein_coding	BOLL
ENSG00000152433.15	protein_coding	ZNF547
ENSG00000152439.13	protein_coding	ZNF773
ENSG00000152443.13	protein_coding	ZNF776
ENSG00000152454.4	protein_coding	ZNF256
ENSG00000152455.16	protein_coding	SUV39H2
ENSG00000152457.19	protein_coding	DCLRE1C
ENSG00000152463.15	protein_coding	OLAH
ENSG00000152464.15	protein_coding	RPP38
ENSG00000152465.18	protein_coding	NMT2
ENSG00000152467.10	protein_coding	ZSCAN1
ENSG00000152475.7	protein_coding	ZNF837
ENSG00000152484.14	protein_coding	USP12
ENSG00000152492.15	protein_coding	CCDC50
ENSG00000152495.11	protein_coding	CAMK4
ENSG00000152503.10	protein_coding	TRIM36
ENSG00000152518.8	protein_coding	ZFP36L2
ENSG00000152520.14	protein_coding	PAN3
ENSG00000152527.14	protein_coding	PLEKHH2
ENSG00000152556.17	protein_coding	PFKM
ENSG00000152558.15	protein_coding	TMEM123
ENSG00000152578.15	protein_coding	GRIA4
ENSG00000152580.9	protein_coding	IGSF10
ENSG00000152582.14	protein_coding	SPEF2
ENSG00000152583.13	protein_coding	SPARCL1
ENSG00000152591.15	protein_coding	DSPP
ENSG00000152592.15	protein_coding	DMP1
ENSG00000152595.17	protein_coding	MEPE
ENSG00000152601.18	protein_coding	MBNL1
ENSG00000152611.12	protein_coding	CAPSL
ENSG00000152620.13	protein_coding	NADK2
ENSG00000152642.11	protein_coding	GPD1L
ENSG00000152661.9	protein_coding	GJA1
ENSG00000152669.9	protein_coding	CCNO
ENSG00000152670.19	protein_coding	DDX4
ENSG00000152672.8	protein_coding	CLEC4F
ENSG00000152683.14	protein_coding	SLC30A6
ENSG00000152684.11	protein_coding	PELO
ENSG00000152689.18	protein_coding	RASGRP3
ENSG00000152700.14	protein_coding	SAR1B
ENSG00000152705.8	protein_coding	CATSPER3
ENSG00000152749.8	protein_coding	GPR180
ENSG00000152760.10	protein_coding	DYNLT5
ENSG00000152763.17	protein_coding	DNAI4
ENSG00000152766.6	protein_coding	ANKRD22
ENSG00000152767.17	protein_coding	FARP1
ENSG00000152778.10	protein_coding	IFIT5
ENSG00000152779.14	protein_coding	SLC16A12
ENSG00000152782.18	protein_coding	PANK1
ENSG00000152784.16	protein_coding	PRDM8
ENSG00000152785.8	protein_coding	BMP3
ENSG00000152795.18	protein_coding	HNRNPDL
ENSG00000152804.11	protein_coding	HHEX
ENSG00000152818.20	protein_coding	UTRN
ENSG00000152822.15	protein_coding	GRM1
ENSG00000152894.15	protein_coding	PTPRK
ENSG00000152904.11	protein_coding	GGPS1
ENSG00000152910.19	protein_coding	CNTNAP4
ENSG00000152926.16	protein_coding	ZNF117
ENSG00000152932.8	protein_coding	RAB3C
ENSG00000152936.11	protein_coding	LMNTD1
ENSG00000152939.17	protein_coding	MARVELD2
ENSG00000152942.19	protein_coding	RAD17
ENSG00000152944.9	protein_coding	MED21
ENSG00000152952.14	protein_coding	PLOD2
ENSG00000152953.13	protein_coding	STK32B
ENSG00000152954.12	protein_coding	NRSN1
ENSG00000152969.21	protein_coding	JAKMIP1
ENSG00000152977.10	protein_coding	ZIC1
ENSG00000152990.14	protein_coding	ADGRA3
ENSG00000153002.12	protein_coding	CPB1
ENSG00000153006.16	protein_coding	SREK1IP1
ENSG00000153012.12	protein_coding	LGI2
ENSG00000153015.17	protein_coding	CWC27
ENSG00000153029.16	protein_coding	MR1
ENSG00000153037.15	protein_coding	SRP19
ENSG00000153044.10	protein_coding	CENPH
ENSG00000153046.18	protein_coding	CDYL
ENSG00000153048.11	protein_coding	CARHSP1
ENSG00000153060.8	protein_coding	TEKT5
ENSG00000153064.12	protein_coding	BANK1
ENSG00000153066.13	protein_coding	TXNDC11
ENSG00000153071.15	protein_coding	DAB2
ENSG00000153086.14	protein_coding	ACMSD
ENSG00000153093.21	protein_coding	ACOXL
ENSG00000153094.24	protein_coding	BCL2L11
ENSG00000153107.13	protein_coding	ANAPC1
ENSG00000153113.24	protein_coding	CAST
ENSG00000153130.18	protein_coding	SCOC
ENSG00000153132.13	protein_coding	CLGN
ENSG00000153140.9	protein_coding	CETN3
ENSG00000153147.6	protein_coding	SMARCA5
ENSG00000153157.13	protein_coding	SYCP2L
ENSG00000153162.9	protein_coding	BMP6
ENSG00000153165.19	protein_coding	RGPD3
ENSG00000153179.13	protein_coding	RASSF3
ENSG00000153187.21	protein_coding	HNRNPU
ENSG00000153201.17	protein_coding	RANBP2
ENSG00000153207.16	protein_coding	AHCTF1
ENSG00000153208.18	protein_coding	MERTK
ENSG00000153214.11	protein_coding	TMEM87B
ENSG00000153230.4	protein_coding	OR14K1
ENSG00000153233.13	protein_coding	PTPRR
ENSG00000153234.16	protein_coding	NR4A2
ENSG00000153237.19	protein_coding	CCDC148
ENSG00000153246.13	protein_coding	PLA2R1
ENSG00000153250.21	protein_coding	RBMS1
ENSG00000153253.20	protein_coding	SCN3A
ENSG00000153266.13	protein_coding	FEZF2
ENSG00000153283.13	protein_coding	CD96
ENSG00000153291.16	protein_coding	SLC25A27
ENSG00000153292.16	protein_coding	ADGRF1
ENSG00000153294.12	protein_coding	ADGRF4
ENSG00000153303.18	protein_coding	FRMD1
ENSG00000153310.22	protein_coding	CYRIB
ENSG00000153317.15	protein_coding	ASAP1
ENSG00000153339.15	protein_coding	TRAPPC8
ENSG00000153347.10	protein_coding	FAM81B
ENSG00000153391.16	protein_coding	INO80C
ENSG00000153395.10	protein_coding	LPCAT1
ENSG00000153404.15	protein_coding	PLEKHG4B
ENSG00000153406.14	protein_coding	NMRAL1
ENSG00000153443.13	protein_coding	UBALD1
ENSG00000153446.16	protein_coding	C16orf89
ENSG00000153485.6	protein_coding	TMEM251
ENSG00000153487.13	protein_coding	ING1
ENSG00000153495.11	protein_coding	TEX29
ENSG00000153498.12	protein_coding	SPACA7
ENSG00000153531.15	protein_coding	ADPRHL1
ENSG00000153551.14	protein_coding	CMTM7
ENSG00000153558.16	protein_coding	FBXL2
ENSG00000153560.12	protein_coding	UBP1
ENSG00000153561.13	protein_coding	RMND5A
ENSG00000153563.17	protein_coding	CD8A
ENSG00000153574.9	protein_coding	RPIA
ENSG00000153684.16	protein_coding	GOLGA8F
ENSG00000153707.19	protein_coding	PTPRD
ENSG00000153714.6	protein_coding	LURAP1L
ENSG00000153721.19	protein_coding	CNKSR3
ENSG00000153767.10	protein_coding	GTF2E1
ENSG00000153774.9	protein_coding	CFDP1
ENSG00000153779.11	protein_coding	TGIF2LX
ENSG00000153786.13	protein_coding	ZDHHC7
ENSG00000153789.13	protein_coding	CIBAR2
ENSG00000153790.12	protein_coding	C7orf31
ENSG00000153802.12	protein_coding	TMPRSS11D
ENSG00000153814.13	protein_coding	JAZF1
ENSG00000153815.18	protein_coding	CMIP
ENSG00000153820.13	protein_coding	SPHKAP
ENSG00000153822.15	protein_coding	KCNJ16
ENSG00000153823.19	protein_coding	PID1
ENSG00000153827.15	protein_coding	TRIP12
ENSG00000153832.12	protein_coding	FBXO36
ENSG00000153879.9	protein_coding	CEBPG
ENSG00000153885.15	protein_coding	KCTD15
ENSG00000153896.19	protein_coding	ZNF599
ENSG00000153898.13	protein_coding	MCOLN2
ENSG00000153902.14	protein_coding	LGI4
ENSG00000153904.21	protein_coding	DDAH1
ENSG00000153914.16	protein_coding	SREK1
ENSG00000153922.12	protein_coding	CHD1
ENSG00000153930.13	protein_coding	ANKFN1
ENSG00000153933.10	protein_coding	DGKE
ENSG00000153936.18	protein_coding	HS2ST1
ENSG00000153944.12	protein_coding	MSI2
ENSG00000153956.17	protein_coding	CACNA2D1
ENSG00000153975.10	protein_coding	ZUP1
ENSG00000153976.3	protein_coding	HS3ST3A1
ENSG00000153982.11	protein_coding	GDPD1
ENSG00000153989.8	protein_coding	NUS1
ENSG00000153993.14	protein_coding	SEMA3D
ENSG00000154001.14	protein_coding	PPP2R5E
ENSG00000154007.7	protein_coding	ASB17
ENSG00000154016.14	protein_coding	GRAP
ENSG00000154025.16	protein_coding	SLC5A10
ENSG00000154027.19	protein_coding	AK5
ENSG00000154040.21	protein_coding	CABYR
ENSG00000154059.11	protein_coding	IMPACT
ENSG00000154065.17	protein_coding	ANKRD29
ENSG00000154079.6	protein_coding	SDHAF4
ENSG00000154080.14	protein_coding	CHST9
ENSG00000154096.14	protein_coding	THY1
ENSG00000154099.18	protein_coding	DNAAF1
ENSG00000154102.11	protein_coding	C16orf74
ENSG00000154114.13	protein_coding	TBCEL
ENSG00000154118.13	protein_coding	JPH3
ENSG00000154122.14	protein_coding	ANKH
ENSG00000154124.6	protein_coding	OTULIN
ENSG00000154127.10	protein_coding	UBASH3B
ENSG00000154133.15	protein_coding	ROBO4
ENSG00000154134.15	protein_coding	ROBO3
ENSG00000154143.3	protein_coding	PANX3
ENSG00000154144.13	protein_coding	TBRG1
ENSG00000154146.13	protein_coding	NRGN
ENSG00000154153.15	protein_coding	RETREG1
ENSG00000154162.15	protein_coding	CDH12
ENSG00000154165.5	protein_coding	GPR15
ENSG00000154174.8	protein_coding	TOMM70
ENSG00000154175.18	protein_coding	ABI3BP
ENSG00000154188.10	protein_coding	ANGPT1
ENSG00000154217.16	protein_coding	PITPNC1
ENSG00000154222.15	protein_coding	CC2D1B
ENSG00000154227.14	protein_coding	CERS3
ENSG00000154229.12	protein_coding	PRKCA
ENSG00000154237.13	protein_coding	LRRK1
ENSG00000154240.18	protein_coding	CEP112
ENSG00000154252.12	protein_coding	GAL3ST2
ENSG00000154258.17	protein_coding	ABCA9
ENSG00000154262.13	protein_coding	ABCA6
ENSG00000154263.18	protein_coding	ABCA10
ENSG00000154265.16	protein_coding	ABCA5
ENSG00000154269.15	protein_coding	ENPP3
ENSG00000154274.15	protein_coding	C4orf19
ENSG00000154277.13	protein_coding	UCHL1
ENSG00000154305.18	protein_coding	MIA3
ENSG00000154309.9	protein_coding	DISP1
ENSG00000154310.17	protein_coding	TNIK
ENSG00000154319.16	protein_coding	FAM167A
ENSG00000154328.16	protein_coding	NEIL2
ENSG00000154330.13	protein_coding	PGM5
ENSG00000154342.6	protein_coding	WNT3A
ENSG00000154358.23	protein_coding	OBSCN
ENSG00000154359.13	protein_coding	LONRF1
ENSG00000154370.16	protein_coding	TRIM11
ENSG00000154380.19	protein_coding	ENAH
ENSG00000154415.8	protein_coding	PPP1R3A
ENSG00000154429.11	protein_coding	CCSAP
ENSG00000154438.8	protein_coding	ASZ1
ENSG00000154447.15	protein_coding	SH3RF1
ENSG00000154451.15	protein_coding	GBP5
ENSG00000154473.18	protein_coding	BUB3
ENSG00000154478.4	protein_coding	GPR26
ENSG00000154479.13	protein_coding	CFAP210
ENSG00000154485.5	protein_coding	MMP21
ENSG00000154493.20	protein_coding	C10orf90
ENSG00000154511.12	protein_coding	DIPK1A
ENSG00000154518.10	protein_coding	ATP5MC3
ENSG00000154529.15	protein_coding	CNTNAP3B
ENSG00000154545.17	protein_coding	MAGED4
ENSG00000154548.9	protein_coding	SRSF12
ENSG00000154553.17	protein_coding	PDLIM3
ENSG00000154556.20	protein_coding	SORBS2
ENSG00000154582.18	protein_coding	ELOC
ENSG00000154589.7	protein_coding	LY96
ENSG00000154611.15	protein_coding	PSMA8
ENSG00000154620.6	protein_coding	TMSB4Y
ENSG00000154639.19	protein_coding	CXADR
ENSG00000154640.15	protein_coding	BTG3
ENSG00000154642.11	protein_coding	C21orf91
ENSG00000154645.14	protein_coding	CHODL
ENSG00000154646.9	protein_coding	TMPRSS15
ENSG00000154654.15	protein_coding	NCAM2
ENSG00000154655.16	protein_coding	L3MBTL4
ENSG00000154678.18	protein_coding	PDE1C
ENSG00000154710.18	protein_coding	RABGEF1
ENSG00000154719.14	protein_coding	MRPL39
ENSG00000154721.15	protein_coding	JAM2
ENSG00000154723.13	protein_coding	ATP5PF
ENSG00000154727.11	protein_coding	GABPA
ENSG00000154734.16	protein_coding	ADAMTS1
ENSG00000154736.6	protein_coding	ADAMTS5
ENSG00000154743.19	protein_coding	TSEN2
ENSG00000154760.14	protein_coding	SLFN13
ENSG00000154764.6	protein_coding	WNT7A
ENSG00000154767.15	protein_coding	XPC
ENSG00000154781.17	protein_coding	CCDC174
ENSG00000154783.12	protein_coding	FGD5
ENSG00000154803.13	protein_coding	FLCN
ENSG00000154813.10	protein_coding	DPH3
ENSG00000154814.14	protein_coding	OXNAD1
ENSG00000154822.18	protein_coding	PLCL2
ENSG00000154832.16	protein_coding	CXXC1
ENSG00000154839.10	protein_coding	SKA1
ENSG00000154845.16	protein_coding	PPP4R1
ENSG00000154856.13	protein_coding	APCDD1
ENSG00000154864.14	protein_coding	PIEZO2
ENSG00000154889.17	protein_coding	MPPE1
ENSG00000154914.17	protein_coding	USP43
ENSG00000154917.11	protein_coding	RAB6B
ENSG00000154920.15	protein_coding	EME1
ENSG00000154928.19	protein_coding	EPHB1
ENSG00000154930.15	protein_coding	ACSS1
ENSG00000154945.7	protein_coding	ANKRD40
ENSG00000154957.14	protein_coding	ZNF18
ENSG00000154975.14	protein_coding	CA10
ENSG00000154978.13	protein_coding	VOPP1
ENSG00000154997.9	protein_coding	SEPTIN14
ENSG00000155008.16	protein_coding	APOOL
ENSG00000155011.9	protein_coding	DKK2
ENSG00000155016.18	protein_coding	CYP2U1
ENSG00000155026.17	protein_coding	RSPH10B
ENSG00000155034.20	protein_coding	FBXL18
ENSG00000155052.15	protein_coding	CNTNAP5
ENSG00000155066.16	protein_coding	PROM2
ENSG00000155085.16	protein_coding	AK9
ENSG00000155087.4	protein_coding	ODF1
ENSG00000155090.15	protein_coding	KLF10
ENSG00000155093.19	protein_coding	PTPRN2
ENSG00000155096.15	protein_coding	AZIN1
ENSG00000155097.12	protein_coding	ATP6V1C1
ENSG00000155099.8	protein_coding	PIP4P2
ENSG00000155100.11	protein_coding	OTUD6B
ENSG00000155111.15	protein_coding	CDK19
ENSG00000155115.7	protein_coding	GTF3C6
ENSG00000155158.20	protein_coding	TTC39B
ENSG00000155189.12	protein_coding	AGPAT5
ENSG00000155229.21	protein_coding	MMS19
ENSG00000155249.5	protein_coding	OR4K1
ENSG00000155252.14	protein_coding	PI4K2A
ENSG00000155254.13	protein_coding	MARVELD1
ENSG00000155256.18	protein_coding	ZFYVE27
ENSG00000155265.11	protein_coding	GOLGA7B
ENSG00000155269.12	protein_coding	GPR78
ENSG00000155275.19	protein_coding	TRMT44
ENSG00000155287.12	protein_coding	SLC25A28
ENSG00000155304.6	protein_coding	HSPA13
ENSG00000155307.19	protein_coding	SAMSN1
ENSG00000155313.16	protein_coding	USP25
ENSG00000155324.10	protein_coding	GRAMD2B
ENSG00000155329.12	protein_coding	ZCCHC10
ENSG00000155330.10	protein_coding	C16orf87
ENSG00000155363.19	protein_coding	MOV10
ENSG00000155366.17	protein_coding	RHOC
ENSG00000155367.16	protein_coding	PPM1J
ENSG00000155368.18	protein_coding	DBI
ENSG00000155380.13	protein_coding	SLC16A1
ENSG00000155393.14	protein_coding	HEATR3
ENSG00000155428.12	protein_coding	TRIM74
ENSG00000155438.12	protein_coding	NIFK
ENSG00000155463.14	protein_coding	OXA1L
ENSG00000155465.21	protein_coding	SLC7A7
ENSG00000155495.9	protein_coding	MAGEC1
ENSG00000155506.19	protein_coding	LARP1
ENSG00000155508.14	protein_coding	CNOT8
ENSG00000155511.19	protein_coding	GRIA1
ENSG00000155530.4	protein_coding	LRGUK
ENSG00000155542.12	protein_coding	SETD9
ENSG00000155545.20	protein_coding	MIER3
ENSG00000155561.15	protein_coding	NUP205
ENSG00000155592.16	protein_coding	ZKSCAN2
ENSG00000155621.15	protein_coding	C9orf85
ENSG00000155622.7	protein_coding	XAGE2
ENSG00000155629.15	protein_coding	PIK3AP1
ENSG00000155636.15	protein_coding	RBM45
ENSG00000155657.29	protein_coding	TTN
ENSG00000155659.15	protein_coding	VSIG4
ENSG00000155660.11	protein_coding	PDIA4
ENSG00000155666.12	protein_coding	KDM8
ENSG00000155714.14	protein_coding	PDZD9
ENSG00000155719.18	protein_coding	OTOA
ENSG00000155729.13	protein_coding	KCTD18
ENSG00000155744.10	protein_coding	HYCC2
ENSG00000155749.13	protein_coding	FLACC1
ENSG00000155754.15	protein_coding	C2CD6
ENSG00000155755.20	protein_coding	TMEM237
ENSG00000155760.3	protein_coding	FZD7
ENSG00000155761.14	protein_coding	SPAG17
ENSG00000155792.10	protein_coding	DEPTOR
ENSG00000155816.21	protein_coding	FMN2
ENSG00000155827.12	protein_coding	RNF20
ENSG00000155833.15	protein_coding	CYLC2
ENSG00000155846.17	protein_coding	PPARGC1B
ENSG00000155849.16	protein_coding	ELMO1
ENSG00000155850.9	protein_coding	SLC26A2
ENSG00000155858.6	protein_coding	LSM11
ENSG00000155868.8	protein_coding	MED7
ENSG00000155875.15	protein_coding	SAXO1
ENSG00000155876.6	protein_coding	RRAGA
ENSG00000155886.12	protein_coding	SLC24A2
ENSG00000155890.4	protein_coding	TRIM42
ENSG00000155893.13	protein_coding	PXYLP1
ENSG00000155897.10	protein_coding	ADCY8
ENSG00000155903.14	protein_coding	RASA2
ENSG00000155906.20	protein_coding	RMND1
ENSG00000155918.8	protein_coding	RAET1L
ENSG00000155926.14	protein_coding	SLA
ENSG00000155957.19	protein_coding	TMBIM4
ENSG00000155959.12	protein_coding	VBP1
ENSG00000155961.5	protein_coding	RAB39B
ENSG00000155962.13	protein_coding	CLIC2
ENSG00000155966.14	protein_coding	AFF2
ENSG00000155970.12	protein_coding	MICU3
ENSG00000155974.14	protein_coding	GRIP1
ENSG00000155975.10	protein_coding	VPS37A
ENSG00000155980.13	protein_coding	KIF5A
ENSG00000156006.5	protein_coding	NAT2
ENSG00000156009.10	protein_coding	MAGEA8
ENSG00000156011.18	protein_coding	PSD3
ENSG00000156017.13	protein_coding	CARNMT1
ENSG00000156026.15	protein_coding	MCU
ENSG00000156030.14	protein_coding	MIDEAS
ENSG00000156042.19	protein_coding	CFAP70
ENSG00000156049.7	protein_coding	GNA14
ENSG00000156050.10	protein_coding	FAM161B
ENSG00000156052.11	protein_coding	GNAQ
ENSG00000156076.10	protein_coding	WIF1
ENSG00000156096.14	protein_coding	UGT2B4
ENSG00000156097.13	protein_coding	GPR61
ENSG00000156103.16	protein_coding	MMP16
ENSG00000156110.15	protein_coding	ADK
ENSG00000156113.25	protein_coding	KCNMA1
ENSG00000156127.8	protein_coding	BATF
ENSG00000156136.10	protein_coding	DCK
ENSG00000156140.10	protein_coding	ADAMTS3
ENSG00000156150.9	protein_coding	ALX3
ENSG00000156162.16	protein_coding	DPY19L4
ENSG00000156170.14	protein_coding	NDUFAF6
ENSG00000156171.15	protein_coding	DRAM2
ENSG00000156172.6	protein_coding	CFAP418
ENSG00000156194.18	protein_coding	PPEF2
ENSG00000156206.14	protein_coding	CFAP161
ENSG00000156218.13	protein_coding	ADAMTSL3
ENSG00000156219.18	protein_coding	ART3
ENSG00000156222.12	protein_coding	SLC28A1
ENSG00000156232.7	protein_coding	WHAMM
ENSG00000156234.8	protein_coding	CXCL13
ENSG00000156239.12	protein_coding	N6AMT1
ENSG00000156253.7	protein_coding	RWDD2B
ENSG00000156256.15	protein_coding	USP16
ENSG00000156261.13	protein_coding	CCT8
ENSG00000156265.16	protein_coding	MAP3K7CL
ENSG00000156269.5	protein_coding	NAA11
ENSG00000156273.16	protein_coding	BACH1
ENSG00000156282.5	protein_coding	CLDN17
ENSG00000156284.6	protein_coding	CLDN8
ENSG00000156298.13	protein_coding	TSPAN7
ENSG00000156299.15	protein_coding	TIAM1
ENSG00000156304.15	protein_coding	SCAF4
ENSG00000156313.15	protein_coding	RPGR
ENSG00000156345.18	protein_coding	CDK20
ENSG00000156374.16	protein_coding	PCGF6
ENSG00000156381.9	protein_coding	ANKRD9
ENSG00000156384.15	protein_coding	SFR1
ENSG00000156395.14	protein_coding	SORCS3
ENSG00000156398.13	protein_coding	SFXN2
ENSG00000156411.10	protein_coding	ATP5MJ
ENSG00000156413.15	protein_coding	FUT6
ENSG00000156414.20	protein_coding	TDRD9
ENSG00000156427.8	protein_coding	FGF18
ENSG00000156453.14	protein_coding	PCDH1
ENSG00000156463.18	protein_coding	SH3RF2
ENSG00000156466.11	protein_coding	GDF6
ENSG00000156467.10	protein_coding	UQCRB
ENSG00000156469.9	protein_coding	MTERF3
ENSG00000156471.13	protein_coding	PTDSS1
ENSG00000156475.19	protein_coding	PPP2R2B
ENSG00000156482.11	protein_coding	RPL30
ENSG00000156486.8	protein_coding	KCNS2
ENSG00000156500.16	protein_coding	PABIR3
ENSG00000156502.14	protein_coding	SUPV3L1
ENSG00000156504.17	protein_coding	PABIR2
ENSG00000156508.19	protein_coding	EEF1A1
ENSG00000156509.14	protein_coding	FBXO43
ENSG00000156510.13	protein_coding	HKDC1
ENSG00000156515.25	protein_coding	HK1
ENSG00000156521.14	protein_coding	TYSND1
ENSG00000156531.18	protein_coding	PHF6
ENSG00000156535.15	protein_coding	CD109
ENSG00000156564.10	protein_coding	LRFN2
ENSG00000156574.10	protein_coding	NODAL
ENSG00000156575.2	protein_coding	PRG3
ENSG00000156587.16	protein_coding	UBE2L6
ENSG00000156599.11	protein_coding	ZDHHC5
ENSG00000156603.20	protein_coding	MED19
ENSG00000156639.12	protein_coding	ZFAND3
ENSG00000156642.17	protein_coding	NPTN
ENSG00000156650.14	protein_coding	KAT6B
ENSG00000156671.15	protein_coding	SAMD8
ENSG00000156675.16	protein_coding	RAB11FIP1
ENSG00000156687.11	protein_coding	UNC5D
ENSG00000156689.7	protein_coding	GLYATL2
ENSG00000156697.13	protein_coding	UTP14A
ENSG00000156709.15	protein_coding	AIFM1
ENSG00000156711.17	protein_coding	MAPK13
ENSG00000156735.11	protein_coding	BAG4
ENSG00000156738.18	protein_coding	MS4A1
ENSG00000156787.17	protein_coding	TBC1D31
ENSG00000156795.8	protein_coding	NTAQ1
ENSG00000156802.13	protein_coding	ATAD2
ENSG00000156804.7	protein_coding	FBXO32
ENSG00000156831.8	protein_coding	NSMCE2
ENSG00000156853.13	protein_coding	ZNF689
ENSG00000156858.12	protein_coding	PRR14
ENSG00000156860.16	protein_coding	FBRS
ENSG00000156869.14	protein_coding	FRRS1
ENSG00000156873.16	protein_coding	PHKG2
ENSG00000156875.14	protein_coding	MFSD14A
ENSG00000156876.10	protein_coding	SASS6
ENSG00000156885.6	protein_coding	COX6A2
ENSG00000156886.12	protein_coding	ITGAD
ENSG00000156920.11	protein_coding	ADGRG4
ENSG00000156925.12	protein_coding	ZIC3
ENSG00000156928.5	protein_coding	MALSU1
ENSG00000156931.16	protein_coding	VPS8
ENSG00000156958.15	protein_coding	GALK2
ENSG00000156959.9	protein_coding	LHFPL4
ENSG00000156966.7	protein_coding	B3GNT7
ENSG00000156968.9	protein_coding	MPV17L
ENSG00000156970.13	protein_coding	BUB1B
ENSG00000156973.14	protein_coding	PDE6D
ENSG00000156976.17	protein_coding	EIF4A2
ENSG00000156983.17	protein_coding	BRPF1
ENSG00000156990.14	protein_coding	RPUSD3
ENSG00000157005.4	protein_coding	SST
ENSG00000157014.11	protein_coding	TATDN2
ENSG00000157017.16	protein_coding	GHRL
ENSG00000157020.18	protein_coding	SEC13
ENSG00000157036.13	protein_coding	EXOG
ENSG00000157045.9	protein_coding	NTAN1
ENSG00000157060.16	protein_coding	SHCBP1L
ENSG00000157064.11	protein_coding	NMNAT2
ENSG00000157077.16	protein_coding	ZFYVE9
ENSG00000157087.20	protein_coding	ATP2B2
ENSG00000157093.9	protein_coding	LYZL4
ENSG00000157103.13	protein_coding	SLC6A1
ENSG00000157106.18	protein_coding	SMG1
ENSG00000157107.14	protein_coding	FCHO2
ENSG00000157110.16	protein_coding	RBPMS
ENSG00000157111.13	protein_coding	TMEM171
ENSG00000157119.12	protein_coding	KLHL40
ENSG00000157131.12	protein_coding	C8A
ENSG00000157150.5	protein_coding	TIMP4
ENSG00000157152.17	protein_coding	SYN2
ENSG00000157168.21	protein_coding	NRG1
ENSG00000157181.16	protein_coding	ODR4
ENSG00000157184.7	protein_coding	CPT2
ENSG00000157191.20	protein_coding	NECAP2
ENSG00000157193.18	protein_coding	LRP8
ENSG00000157211.12	protein_coding	CDCP2
ENSG00000157212.19	protein_coding	PAXIP1
ENSG00000157214.14	protein_coding	STEAP2
ENSG00000157216.17	protein_coding	SSBP3
ENSG00000157219.5	protein_coding	HTR5A
ENSG00000157224.16	protein_coding	CLDN12
ENSG00000157227.14	protein_coding	MMP14
ENSG00000157240.4	protein_coding	FZD1
ENSG00000157259.8	protein_coding	GATAD1
ENSG00000157303.11	protein_coding	SUSD3
ENSG00000157315.5	protein_coding	TMED6
ENSG00000157322.18	protein_coding	CLEC18A
ENSG00000157326.19	protein_coding	DHRS4
ENSG00000157330.10	protein_coding	CFAP107
ENSG00000157335.21	protein_coding	CLEC18C
ENSG00000157343.9	protein_coding	ARMC12
ENSG00000157349.17	protein_coding	DDX19B
ENSG00000157350.13	protein_coding	ST3GAL2
ENSG00000157353.17	protein_coding	FCSK
ENSG00000157368.12	protein_coding	IL34
ENSG00000157379.14	protein_coding	DHRS1
ENSG00000157388.20	protein_coding	CACNA1D
ENSG00000157399.17	protein_coding	ARSL
ENSG00000157404.17	protein_coding	KIT
ENSG00000157423.18	protein_coding	HYDIN
ENSG00000157426.14	protein_coding	AASDH
ENSG00000157429.16	protein_coding	ZNF19
ENSG00000157445.15	protein_coding	CACNA2D3
ENSG00000157450.16	protein_coding	RNF111
ENSG00000157456.8	protein_coding	CCNB2
ENSG00000157470.12	protein_coding	FAM81A
ENSG00000157483.9	protein_coding	MYO1E
ENSG00000157500.12	protein_coding	APPL1
ENSG00000157502.13	protein_coding	PWWP3B
ENSG00000157510.14	protein_coding	AFAP1L1
ENSG00000157514.18	protein_coding	TSC22D3
ENSG00000157538.14	protein_coding	VPS26C
ENSG00000157540.22	protein_coding	DYRK1A
ENSG00000157542.11	protein_coding	KCNJ6
ENSG00000157551.19	protein_coding	KCNJ15
ENSG00000157554.20	protein_coding	ERG
ENSG00000157557.13	protein_coding	ETS2
ENSG00000157570.12	protein_coding	TSPAN18
ENSG00000157578.14	protein_coding	LCA5L
ENSG00000157593.19	protein_coding	SLC35B2
ENSG00000157600.12	protein_coding	TMEM164
ENSG00000157601.15	protein_coding	MX1
ENSG00000157613.11	protein_coding	CREB3L1
ENSG00000157617.17	protein_coding	C2CD2
ENSG00000157625.16	protein_coding	TAB3
ENSG00000157637.13	protein_coding	SLC38A10
ENSG00000157653.12	protein_coding	C9orf43
ENSG00000157654.19	protein_coding	PALM2AKAP2
ENSG00000157657.15	protein_coding	ZNF618
ENSG00000157680.17	protein_coding	DGKI
ENSG00000157693.15	protein_coding	TMEM268
ENSG00000157703.16	protein_coding	SVOPL
ENSG00000157734.14	protein_coding	SNX22
ENSG00000157741.15	protein_coding	UBN2
ENSG00000157764.14	protein_coding	BRAF
ENSG00000157765.13	protein_coding	SLC34A2
ENSG00000157766.19	protein_coding	ACAN
ENSG00000157778.9	protein_coding	PSMG3
ENSG00000157782.10	protein_coding	CABP1
ENSG00000157796.18	protein_coding	WDR19
ENSG00000157800.18	protein_coding	SLC37A3
ENSG00000157823.17	protein_coding	AP3S2
ENSG00000157827.20	protein_coding	FMNL2
ENSG00000157833.13	protein_coding	GAREM2
ENSG00000157837.16	protein_coding	SPPL3
ENSG00000157851.17	protein_coding	DPYSL5
ENSG00000157856.12	protein_coding	DRC1
ENSG00000157869.16	protein_coding	RAB28
ENSG00000157870.17	protein_coding	PRXL2B
ENSG00000157873.18	protein_coding	TNFRSF14
ENSG00000157881.16	protein_coding	PANK4
ENSG00000157884.11	protein_coding	CIB4
ENSG00000157890.19	protein_coding	MEGF11
ENSG00000157895.11	protein_coding	C12orf43
ENSG00000157911.11	protein_coding	PEX10
ENSG00000157916.20	protein_coding	RER1
ENSG00000157927.17	protein_coding	RADIL
ENSG00000157933.11	protein_coding	SKI
ENSG00000157954.15	protein_coding	WIPI2
ENSG00000157978.12	protein_coding	LDLRAP1
ENSG00000157985.20	protein_coding	AGAP1
ENSG00000157992.12	protein_coding	KRTCAP3
ENSG00000157999.6	protein_coding	ANKRD61
ENSG00000158006.14	protein_coding	PAFAH2
ENSG00000158008.10	protein_coding	EXTL1
ENSG00000158014.15	protein_coding	SLC30A2
ENSG00000158019.21	protein_coding	BABAM2
ENSG00000158022.7	protein_coding	TRIM63
ENSG00000158023.10	protein_coding	CFAP251
ENSG00000158042.9	protein_coding	MRPL17
ENSG00000158050.5	protein_coding	DUSP2
ENSG00000158055.17	protein_coding	GRHL3
ENSG00000158062.21	protein_coding	UBXN11
ENSG00000158077.5	protein_coding	NLRP14
ENSG00000158079.16	protein_coding	PTPDC1
ENSG00000158089.15	protein_coding	GALNT14
ENSG00000158092.7	protein_coding	NCK1
ENSG00000158104.11	protein_coding	HPD
ENSG00000158106.14	protein_coding	RHPN1
ENSG00000158109.15	protein_coding	TPRG1L
ENSG00000158113.13	protein_coding	LRRC43
ENSG00000158122.12	protein_coding	PRXL2C
ENSG00000158125.10	protein_coding	XDH
ENSG00000158156.9	protein_coding	XKR8
ENSG00000158158.12	protein_coding	CNNM4
ENSG00000158161.16	protein_coding	EYA3
ENSG00000158163.15	protein_coding	DZIP1L
ENSG00000158164.7	protein_coding	TMSB15A
ENSG00000158169.14	protein_coding	FANCC
ENSG00000158186.13	protein_coding	MRAS
ENSG00000158195.11	protein_coding	WASF2
ENSG00000158201.10	protein_coding	ABHD3
ENSG00000158220.14	protein_coding	ESYT3
ENSG00000158234.13	protein_coding	FAIM
ENSG00000158246.8	protein_coding	TENT5B
ENSG00000158258.16	protein_coding	CLSTN2
ENSG00000158270.12	protein_coding	COLEC12
ENSG00000158286.13	protein_coding	RNF207
ENSG00000158290.19	protein_coding	CUL4B
ENSG00000158292.7	protein_coding	GPR153
ENSG00000158296.14	protein_coding	SLC13A3
ENSG00000158301.20	protein_coding	GPRASP2
ENSG00000158315.11	protein_coding	RHBDL2
ENSG00000158321.19	protein_coding	AUTS2
ENSG00000158352.18	protein_coding	SHROOM4
ENSG00000158373.9	protein_coding	H2BC5
ENSG00000158402.21	protein_coding	CDC25C
ENSG00000158406.6	protein_coding	H4C8
ENSG00000158411.11	protein_coding	MITD1
ENSG00000158417.11	protein_coding	EIF5B
ENSG00000158423.17	protein_coding	RIBC1
ENSG00000158427.15	protein_coding	TMSB15B
ENSG00000158428.4	protein_coding	CATIP
ENSG00000158435.8	protein_coding	CNOT11
ENSG00000158445.10	protein_coding	KCNB1
ENSG00000158457.6	protein_coding	TSPAN33
ENSG00000158458.21	protein_coding	NRG2
ENSG00000158467.17	protein_coding	AHCYL2
ENSG00000158470.5	protein_coding	B4GALT5
ENSG00000158473.8	protein_coding	CD1D
ENSG00000158477.7	protein_coding	CD1A
ENSG00000158480.11	protein_coding	SPATA2
ENSG00000158481.13	protein_coding	CD1C
ENSG00000158485.11	protein_coding	CD1B
ENSG00000158486.15	protein_coding	DNAH3
ENSG00000158488.16	protein_coding	CD1E
ENSG00000158497.6	protein_coding	HMHB1
ENSG00000158516.12	protein_coding	CPA2
ENSG00000158517.16	protein_coding	NCF1
ENSG00000158525.16	protein_coding	CPA5
ENSG00000158526.8	protein_coding	TSR2
ENSG00000158528.12	protein_coding	PPP1R9A
ENSG00000158545.16	protein_coding	ZC3H18
ENSG00000158552.13	protein_coding	ZFAND2B
ENSG00000158553.5	protein_coding	POM121L2
ENSG00000158555.15	protein_coding	GDPD5
ENSG00000158560.14	protein_coding	DYNC1I1
ENSG00000158571.11	protein_coding	PFKFB1
ENSG00000158578.21	protein_coding	ALAS2
ENSG00000158604.15	protein_coding	TMED4
ENSG00000158615.10	protein_coding	PPP1R15B
ENSG00000158623.14	protein_coding	COPG2
ENSG00000158636.17	protein_coding	EMSY
ENSG00000158639.13	protein_coding	PAGE5
ENSG00000158669.11	protein_coding	GPAT4
ENSG00000158683.10	protein_coding	PKD1L1
ENSG00000158691.15	protein_coding	ZSCAN12
ENSG00000158710.15	protein_coding	TAGLN2
ENSG00000158711.14	protein_coding	ELK4
ENSG00000158714.11	protein_coding	SLAMF8
ENSG00000158715.6	protein_coding	SLC45A3
ENSG00000158716.9	protein_coding	DUSP23
ENSG00000158717.11	protein_coding	RNF166
ENSG00000158747.15	protein_coding	NBL1
ENSG00000158748.4	protein_coding	HTR6
ENSG00000158764.7	protein_coding	ITLN2
ENSG00000158769.18	protein_coding	F11R
ENSG00000158773.14	protein_coding	USF1
ENSG00000158786.5	protein_coding	PLA2G2F
ENSG00000158792.16	protein_coding	SPATA2L
ENSG00000158793.14	protein_coding	NIT1
ENSG00000158796.17	protein_coding	DEDD
ENSG00000158805.12	protein_coding	ZNF276
ENSG00000158806.14	protein_coding	NPM2
ENSG00000158813.18	protein_coding	EDA
ENSG00000158815.11	protein_coding	FGF17
ENSG00000158816.16	protein_coding	VWA5B1
ENSG00000158825.6	protein_coding	CDA
ENSG00000158828.8	protein_coding	PINK1
ENSG00000158850.15	protein_coding	B4GALT3
ENSG00000158856.19	protein_coding	DMTN
ENSG00000158859.10	protein_coding	ADAMTS4
ENSG00000158863.22	protein_coding	FHIP2B
ENSG00000158864.13	protein_coding	NDUFS2
ENSG00000158865.13	protein_coding	SLC5A11
ENSG00000158869.11	protein_coding	FCER1G
ENSG00000158874.11	protein_coding	APOA2
ENSG00000158882.15	protein_coding	TOMM40L
ENSG00000158887.19	protein_coding	MPZ
ENSG00000158901.12	protein_coding	WFDC8
ENSG00000158941.17	protein_coding	CCAR2
ENSG00000158955.11	protein_coding	WNT9B
ENSG00000158966.16	protein_coding	CACHD1
ENSG00000158985.14	protein_coding	CDC42SE2
ENSG00000158987.22	protein_coding	RAPGEF6
ENSG00000159023.23	protein_coding	EPB41
ENSG00000159055.4	protein_coding	MIS18A
ENSG00000159063.14	protein_coding	ALG8
ENSG00000159069.14	protein_coding	FBXW5
ENSG00000159079.19	protein_coding	CFAP298
ENSG00000159082.18	protein_coding	SYNJ1
ENSG00000159086.15	protein_coding	PAXBP1
ENSG00000159110.22	protein_coding	IFNAR2
ENSG00000159111.13	protein_coding	MRPL10
ENSG00000159128.16	protein_coding	IFNGR2
ENSG00000159131.17	protein_coding	GART
ENSG00000159140.23	protein_coding	SON
ENSG00000159147.18	protein_coding	DONSON
ENSG00000159164.10	protein_coding	SV2A
ENSG00000159166.15	protein_coding	LAD1
ENSG00000159167.12	protein_coding	STC1
ENSG00000159173.19	protein_coding	TNNI1
ENSG00000159176.14	protein_coding	CSRP1
ENSG00000159182.5	protein_coding	PRAC1
ENSG00000159184.8	protein_coding	HOXB13
ENSG00000159189.13	protein_coding	C1QC
ENSG00000159197.4	protein_coding	KCNE2
ENSG00000159199.14	protein_coding	ATP5MC1
ENSG00000159200.18	protein_coding	RCAN1
ENSG00000159202.18	protein_coding	UBE2Z
ENSG00000159208.16	protein_coding	CIART
ENSG00000159210.10	protein_coding	SNF8
ENSG00000159212.13	protein_coding	CLIC6
ENSG00000159214.13	protein_coding	CCDC24
ENSG00000159216.19	protein_coding	RUNX1
ENSG00000159217.10	protein_coding	IGF2BP1
ENSG00000159224.4	protein_coding	GIP
ENSG00000159228.13	protein_coding	CBR1
ENSG00000159231.6	protein_coding	CBR3
ENSG00000159239.13	protein_coding	ENSG00000159239
ENSG00000159248.5	protein_coding	GJD2
ENSG00000159251.8	protein_coding	ACTC1
ENSG00000159256.13	protein_coding	MORC3
ENSG00000159259.8	protein_coding	CHAF1B
ENSG00000159261.12	protein_coding	CLDN14
ENSG00000159263.16	protein_coding	SIM2
ENSG00000159267.17	protein_coding	HLCS
ENSG00000159289.6	protein_coding	GOLGA6A
ENSG00000159307.20	protein_coding	SCUBE1
ENSG00000159314.13	protein_coding	ARHGAP27
ENSG00000159322.18	protein_coding	ADPGK
ENSG00000159335.18	protein_coding	PTMS
ENSG00000159337.7	protein_coding	PLA2G4D
ENSG00000159339.13	protein_coding	PADI4
ENSG00000159346.13	protein_coding	ADIPOR1
ENSG00000159348.13	protein_coding	CYB5R1
ENSG00000159352.16	protein_coding	PSMD4
ENSG00000159363.19	protein_coding	ATP13A2
ENSG00000159374.18	protein_coding	M1AP
ENSG00000159377.11	protein_coding	PSMB4
ENSG00000159387.8	protein_coding	IRX6
ENSG00000159388.6	protein_coding	BTG2
ENSG00000159398.16	protein_coding	CES5A
ENSG00000159399.10	protein_coding	HK2
ENSG00000159403.18	protein_coding	C1R
ENSG00000159409.15	protein_coding	CELF3
ENSG00000159423.17	protein_coding	ALDH4A1
ENSG00000159433.12	protein_coding	STARD9
ENSG00000159445.13	protein_coding	THEM4
ENSG00000159450.13	protein_coding	TCHH
ENSG00000159455.9	protein_coding	LCE2B
ENSG00000159459.12	protein_coding	UBR1
ENSG00000159461.15	protein_coding	AMFR
ENSG00000159479.17	protein_coding	MED8
ENSG00000159495.8	protein_coding	TGM7
ENSG00000159496.15	protein_coding	RGL4
ENSG00000159516.9	protein_coding	SPRR2G
ENSG00000159527.4	protein_coding	PGLYRP3
ENSG00000159556.10	protein_coding	ISL2
ENSG00000159579.14	protein_coding	RSPRY1
ENSG00000159588.15	protein_coding	CCDC17
ENSG00000159592.11	protein_coding	GPBP1L1
ENSG00000159593.15	protein_coding	NAE1
ENSG00000159596.7	protein_coding	TMEM69
ENSG00000159618.16	protein_coding	ADGRG5
ENSG00000159625.15	protein_coding	DRC7
ENSG00000159640.17	protein_coding	ACE
ENSG00000159648.13	protein_coding	TEPP
ENSG00000159650.9	protein_coding	UROC1
ENSG00000159658.15	protein_coding	EFCAB14
ENSG00000159674.12	protein_coding	SPON2
ENSG00000159685.11	protein_coding	CHCHD6
ENSG00000159692.17	protein_coding	CTBP1
ENSG00000159708.18	protein_coding	LRRC36
ENSG00000159713.11	protein_coding	TPPP3
ENSG00000159714.12	protein_coding	ZDHHC1
ENSG00000159720.13	protein_coding	ATP6V0D1
ENSG00000159723.5	protein_coding	AGRP
ENSG00000159733.14	protein_coding	ZFYVE28
ENSG00000159753.15	protein_coding	CARMIL2
ENSG00000159761.15	protein_coding	C16orf86
ENSG00000159763.4	protein_coding	PIP
ENSG00000159784.18	protein_coding	FAM131B
ENSG00000159788.20	protein_coding	RGS12
ENSG00000159792.10	protein_coding	PSKH1
ENSG00000159840.16	protein_coding	ZYX
ENSG00000159842.16	protein_coding	ABR
ENSG00000159871.15	protein_coding	LYPD5
ENSG00000159873.10	protein_coding	CCDC117
ENSG00000159882.13	protein_coding	ZNF230
ENSG00000159884.12	protein_coding	CCDC107
ENSG00000159885.14	protein_coding	ZNF222
ENSG00000159899.16	protein_coding	NPR2
ENSG00000159905.15	protein_coding	ZNF221
ENSG00000159915.13	protein_coding	ZNF233
ENSG00000159917.17	protein_coding	ZNF235
ENSG00000159921.20	protein_coding	GNE
ENSG00000159958.7	protein_coding	TNFRSF13C
ENSG00000159961.3	protein_coding	OR3A3
ENSG00000160007.20	protein_coding	ARHGAP35
ENSG00000160013.9	protein_coding	PTGIR
ENSG00000160014.17	protein_coding	CALM3
ENSG00000160049.12	protein_coding	DFFA
ENSG00000160050.16	protein_coding	CCDC28B
ENSG00000160051.12	protein_coding	IQCC
ENSG00000160055.20	protein_coding	TMEM234
ENSG00000160058.19	protein_coding	BSDC1
ENSG00000160062.15	protein_coding	ZBTB8A
ENSG00000160072.20	protein_coding	ATAD3B
ENSG00000160075.12	protein_coding	SSU72
ENSG00000160087.21	protein_coding	UBE2J2
ENSG00000160094.15	protein_coding	ZNF362
ENSG00000160097.20	protein_coding	FNDC5
ENSG00000160111.15	protein_coding	CPAMD8
ENSG00000160113.6	protein_coding	NR2F6
ENSG00000160117.16	protein_coding	ANKLE1
ENSG00000160124.9	protein_coding	MIX23
ENSG00000160131.14	protein_coding	VMA21
ENSG00000160145.16	protein_coding	KALRN
ENSG00000160161.9	protein_coding	CILP2
ENSG00000160179.19	protein_coding	ABCG1
ENSG00000160180.17	protein_coding	TFF3
ENSG00000160181.9	protein_coding	TFF2
ENSG00000160182.3	protein_coding	TFF1
ENSG00000160183.17	protein_coding	TMPRSS3
ENSG00000160185.15	protein_coding	UBASH3A
ENSG00000160188.10	protein_coding	RSPH1
ENSG00000160190.14	protein_coding	SLC37A1
ENSG00000160191.18	protein_coding	PDE9A
ENSG00000160193.12	protein_coding	WDR4
ENSG00000160194.18	protein_coding	NDUFV3
ENSG00000160199.15	protein_coding	PKNOX1
ENSG00000160200.18	protein_coding	CBS
ENSG00000160201.12	protein_coding	U2AF1
ENSG00000160202.7	protein_coding	CRYAA
ENSG00000160207.9	protein_coding	HSF2BP
ENSG00000160208.13	protein_coding	RRP1B
ENSG00000160209.19	protein_coding	PDXK
ENSG00000160211.20	protein_coding	G6PD
ENSG00000160213.9	protein_coding	CSTB
ENSG00000160214.13	protein_coding	RRP1
ENSG00000160216.21	protein_coding	AGPAT3
ENSG00000160218.13	protein_coding	TRAPPC10
ENSG00000160219.12	protein_coding	GAB3
ENSG00000160221.18	protein_coding	GATD3
ENSG00000160223.18	protein_coding	ICOSLG
ENSG00000160224.17	protein_coding	AIRE
ENSG00000160226.16	protein_coding	CFAP410
ENSG00000160229.13	protein_coding	ZNF66
ENSG00000160233.8	protein_coding	LRRC3
ENSG00000160255.19	protein_coding	ITGB2
ENSG00000160256.13	protein_coding	SLX9
ENSG00000160271.16	protein_coding	RALGDS
ENSG00000160282.15	protein_coding	FTCD
ENSG00000160284.15	protein_coding	SPATC1L
ENSG00000160285.15	protein_coding	LSS
ENSG00000160293.17	protein_coding	VAV2
ENSG00000160294.11	protein_coding	MCM3AP
ENSG00000160298.18	protein_coding	C21orf58
ENSG00000160299.19	protein_coding	PCNT
ENSG00000160305.18	protein_coding	DIP2A
ENSG00000160307.10	protein_coding	S100B
ENSG00000160310.19	protein_coding	PRMT2
ENSG00000160318.6	protein_coding	CLDND2
ENSG00000160321.16	protein_coding	ZNF208
ENSG00000160323.19	protein_coding	ADAMTS13
ENSG00000160325.15	protein_coding	CACFD1
ENSG00000160326.14	protein_coding	SLC2A6
ENSG00000160336.17	protein_coding	ZNF761
ENSG00000160339.16	protein_coding	FCN2
ENSG00000160345.13	protein_coding	PIERCE1
ENSG00000160349.10	protein_coding	LCN1
ENSG00000160352.16	protein_coding	ZNF714
ENSG00000160360.13	protein_coding	GPSM1
ENSG00000160392.14	protein_coding	C19orf47
ENSG00000160396.9	protein_coding	HIPK4
ENSG00000160401.15	protein_coding	CFAP157
ENSG00000160404.18	protein_coding	TOR2A
ENSG00000160408.16	protein_coding	ST6GALNAC6
ENSG00000160410.15	protein_coding	SHKBP1
ENSG00000160439.16	protein_coding	RDH13
ENSG00000160445.11	protein_coding	ZER1
ENSG00000160446.19	protein_coding	ZDHHC12
ENSG00000160447.7	protein_coding	PKN3
ENSG00000160460.17	protein_coding	SPTBN4
ENSG00000160469.17	protein_coding	BRSK1
ENSG00000160471.13	protein_coding	COX6B2
ENSG00000160472.5	protein_coding	TMEM190
ENSG00000160505.16	protein_coding	NLRP4
ENSG00000160539.6	protein_coding	PLPP7
ENSG00000160551.12	protein_coding	TAOK1
ENSG00000160563.14	protein_coding	MED27
ENSG00000160570.14	protein_coding	DEDD2
ENSG00000160584.17	protein_coding	SIK3
ENSG00000160588.10	protein_coding	MPZL3
ENSG00000160593.19	protein_coding	JAML
ENSG00000160602.14	protein_coding	NEK8
ENSG00000160606.11	protein_coding	TLCD1
ENSG00000160613.15	protein_coding	PCSK7
ENSG00000160633.13	protein_coding	SAFB
ENSG00000160654.11	protein_coding	CD3G
ENSG00000160678.12	protein_coding	S100A1
ENSG00000160679.13	protein_coding	CHTOP
ENSG00000160683.5	protein_coding	CXCR5
ENSG00000160685.14	protein_coding	ZBTB7B
ENSG00000160688.19	protein_coding	FLAD1
ENSG00000160691.19	protein_coding	SHC1
ENSG00000160695.16	protein_coding	VPS11
ENSG00000160703.17	protein_coding	NLRX1
ENSG00000160710.18	protein_coding	ADAR
ENSG00000160712.13	protein_coding	IL6R
ENSG00000160714.10	protein_coding	UBE2Q1
ENSG00000160716.6	protein_coding	CHRNB2
ENSG00000160741.17	protein_coding	CRTC2
ENSG00000160746.13	protein_coding	ANO10
ENSG00000160752.15	protein_coding	FDPS
ENSG00000160753.17	protein_coding	RUSC1
ENSG00000160767.23	protein_coding	ENTREP3
ENSG00000160781.17	protein_coding	PAQR6
ENSG00000160783.19	protein_coding	PMF1
ENSG00000160785.14	protein_coding	SLC25A44
ENSG00000160789.24	protein_coding	LMNA
ENSG00000160791.14	protein_coding	CCR5
ENSG00000160796.18	protein_coding	NBEAL2
ENSG00000160799.12	protein_coding	CCDC12
ENSG00000160801.14	protein_coding	PTH1R
ENSG00000160803.8	protein_coding	UBQLN4
ENSG00000160808.11	protein_coding	MYL3
ENSG00000160813.7	protein_coding	PPP1R35
ENSG00000160818.17	protein_coding	GPATCH4
ENSG00000160838.14	protein_coding	LRRC71
ENSG00000160856.21	protein_coding	FCRL3
ENSG00000160862.13	protein_coding	AZGP1
ENSG00000160867.15	protein_coding	FGFR4
ENSG00000160868.16	protein_coding	CYP3A4
ENSG00000160870.15	protein_coding	CYP3A7
ENSG00000160877.7	protein_coding	NACC1
ENSG00000160882.13	protein_coding	CYP11B1
ENSG00000160883.11	protein_coding	HK3
ENSG00000160886.13	protein_coding	LY6K
ENSG00000160888.7	protein_coding	IER2
ENSG00000160908.15	protein_coding	ZNF394
ENSG00000160917.15	protein_coding	CPSF4
ENSG00000160932.11	protein_coding	LY6E
ENSG00000160948.14	protein_coding	VPS28
ENSG00000160949.18	protein_coding	TONSL
ENSG00000160951.4	protein_coding	PTGER1
ENSG00000160953.17	protein_coding	PWWP3A
ENSG00000160957.15	protein_coding	RECQL4
ENSG00000160959.8	protein_coding	LRRC14
ENSG00000160961.12	protein_coding	ZNF333
ENSG00000160963.14	protein_coding	COL26A1
ENSG00000160972.10	protein_coding	PPP1R16A
ENSG00000160973.8	protein_coding	FOXH1
ENSG00000160991.17	protein_coding	ORAI2
ENSG00000160993.4	protein_coding	ALKBH4
ENSG00000160994.4	protein_coding	CCDC105
ENSG00000160999.11	protein_coding	SH2B2
ENSG00000161010.16	protein_coding	MRNIP
ENSG00000161011.20	protein_coding	SQSTM1
ENSG00000161013.17	protein_coding	MGAT4B
ENSG00000161016.18	protein_coding	RPL8
ENSG00000161021.13	protein_coding	MAML1
ENSG00000161031.13	protein_coding	PGLYRP2
ENSG00000161036.13	protein_coding	LRWD1
ENSG00000161040.19	protein_coding	FBXL13
ENSG00000161048.12	protein_coding	NAPEPLD
ENSG00000161055.4	protein_coding	SCGB3A1
ENSG00000161057.13	protein_coding	PSMC2
ENSG00000161082.13	protein_coding	CELF5
ENSG00000161091.14	protein_coding	MFSD12
ENSG00000161179.14	protein_coding	YDJC
ENSG00000161180.11	protein_coding	CCDC116
ENSG00000161202.20	protein_coding	DVL3
ENSG00000161203.14	protein_coding	AP2M1
ENSG00000161204.12	protein_coding	ABCF3
ENSG00000161217.12	protein_coding	PCYT1A
ENSG00000161243.9	protein_coding	FBXO27
ENSG00000161249.21	protein_coding	DMKN
ENSG00000161265.15	protein_coding	U2AF1L4
ENSG00000161267.12	protein_coding	BDH1
ENSG00000161270.20	protein_coding	NPHS1
ENSG00000161277.11	protein_coding	THAP8
ENSG00000161281.11	protein_coding	COX7A1
ENSG00000161298.19	protein_coding	ZNF382
ENSG00000161328.11	protein_coding	LRRC56
ENSG00000161381.14	protein_coding	PLXDC1
ENSG00000161395.14	protein_coding	PGAP3
ENSG00000161405.17	protein_coding	IKZF3
ENSG00000161509.14	protein_coding	GRIN2C
ENSG00000161513.12	protein_coding	FDXR
ENSG00000161526.15	protein_coding	SAP30BP
ENSG00000161533.12	protein_coding	ACOX1
ENSG00000161542.17	protein_coding	PRPSAP1
ENSG00000161544.10	protein_coding	CYGB
ENSG00000161547.17	protein_coding	SRSF2
ENSG00000161551.15	protein_coding	ZNF577
ENSG00000161558.11	protein_coding	TMEM143
ENSG00000161594.7	protein_coding	KLHL10
ENSG00000161609.10	protein_coding	KASH5
ENSG00000161610.1	protein_coding	HCRT
ENSG00000161618.10	protein_coding	ALDH16A1
ENSG00000161634.12	protein_coding	DCD
ENSG00000161638.11	protein_coding	ITGA5
ENSG00000161640.15	protein_coding	SIGLEC11
ENSG00000161642.18	protein_coding	ZNF385A
ENSG00000161643.13	protein_coding	SIGLEC16
ENSG00000161647.19	protein_coding	MPP3
ENSG00000161649.14	protein_coding	CD300LG
ENSG00000161652.13	protein_coding	IZUMO2
ENSG00000161653.11	protein_coding	NAGS
ENSG00000161654.10	protein_coding	LSM12
ENSG00000161664.7	protein_coding	ASB16
ENSG00000161671.17	protein_coding	EMC10
ENSG00000161677.12	protein_coding	JOSD2
ENSG00000161681.17	protein_coding	SHANK1
ENSG00000161682.15	protein_coding	FAM171A2
ENSG00000161692.18	protein_coding	DBF4B
ENSG00000161714.12	protein_coding	PLCD3
ENSG00000161791.14	protein_coding	FMNL3
ENSG00000161798.7	protein_coding	AQP5
ENSG00000161800.13	protein_coding	RACGAP1
ENSG00000161807.3	protein_coding	OR7G1
ENSG00000161813.23	protein_coding	LARP4
ENSG00000161835.11	protein_coding	TAMALIN
ENSG00000161847.15	protein_coding	RAVER1
ENSG00000161849.3	protein_coding	KRT84
ENSG00000161850.3	protein_coding	KRT82
ENSG00000161860.8	protein_coding	SYCE2
ENSG00000161888.12	protein_coding	SPC24
ENSG00000161896.12	protein_coding	IP6K3
ENSG00000161904.12	protein_coding	LEMD2
ENSG00000161905.13	protein_coding	ALOX15
ENSG00000161911.12	protein_coding	TREML1
ENSG00000161914.10	protein_coding	ZNF653
ENSG00000161920.11	protein_coding	MED11
ENSG00000161921.17	protein_coding	CXCL16
ENSG00000161929.15	protein_coding	SCIMP
ENSG00000161939.19	protein_coding	RNASEK-C17orf49
ENSG00000161940.11	protein_coding	BCL6B
ENSG00000161944.17	protein_coding	ASGR2
ENSG00000161955.17	protein_coding	TNFSF13
ENSG00000161956.13	protein_coding	SENP3
ENSG00000161958.11	protein_coding	FGF11
ENSG00000161960.16	protein_coding	EIF4A1
ENSG00000161970.15	protein_coding	RPL26
ENSG00000161973.11	protein_coding	CCDC42
ENSG00000161980.6	protein_coding	POLR3K
ENSG00000161981.11	protein_coding	SNRNP25
ENSG00000161992.6	protein_coding	PRR35
ENSG00000161996.19	protein_coding	WDR90
ENSG00000161999.13	protein_coding	JMJD8
ENSG00000162004.19	protein_coding	CCDC78
ENSG00000162006.9	protein_coding	MSLNL
ENSG00000162009.9	protein_coding	SSTR5
ENSG00000162032.16	protein_coding	SPSB3
ENSG00000162039.18	protein_coding	MEIOB
ENSG00000162040.7	protein_coding	HS3ST6
ENSG00000162062.15	protein_coding	TEDC2
ENSG00000162063.13	protein_coding	CCNF
ENSG00000162065.14	protein_coding	TBC1D24
ENSG00000162066.16	protein_coding	AMDHD2
ENSG00000162068.2	protein_coding	NTN3
ENSG00000162069.16	protein_coding	BICDL2
ENSG00000162073.14	protein_coding	PAQR4
ENSG00000162076.13	protein_coding	FLYWCH2
ENSG00000162078.12	protein_coding	ZG16B
ENSG00000162086.16	protein_coding	ZNF75A
ENSG00000162104.10	protein_coding	ADCY9
ENSG00000162105.21	protein_coding	SHANK2
ENSG00000162129.15	protein_coding	CLPB
ENSG00000162139.10	protein_coding	NEU3
ENSG00000162144.10	protein_coding	CYB561A3
ENSG00000162148.11	protein_coding	PPP1R32
ENSG00000162174.12	protein_coding	ASRGL1
ENSG00000162188.6	protein_coding	GNG3
ENSG00000162191.14	protein_coding	UBXN1
ENSG00000162194.13	protein_coding	LBHD1
ENSG00000162222.14	protein_coding	TTC9C
ENSG00000162227.8	protein_coding	TAF6L
ENSG00000162231.14	protein_coding	NXF1
ENSG00000162236.13	protein_coding	STX5
ENSG00000162241.13	protein_coding	SLC25A45
ENSG00000162244.12	protein_coding	RPL29
ENSG00000162267.14	protein_coding	ITIH3
ENSG00000162298.19	protein_coding	SYVN1
ENSG00000162300.13	protein_coding	ZFPL1
ENSG00000162302.13	protein_coding	RPS6KA4
ENSG00000162337.12	protein_coding	LRP5
ENSG00000162341.18	protein_coding	TPCN2
ENSG00000162344.4	protein_coding	FGF19
ENSG00000162365.13	protein_coding	CYP4A22
ENSG00000162366.8	protein_coding	PDZK1IP1
ENSG00000162367.12	protein_coding	TAL1
ENSG00000162368.15	protein_coding	CMPK1
ENSG00000162373.13	protein_coding	BEND5
ENSG00000162374.18	protein_coding	ELAVL4
ENSG00000162377.6	protein_coding	COA7
ENSG00000162378.13	protein_coding	ZYG11B
ENSG00000162383.13	protein_coding	SLC1A7
ENSG00000162384.14	protein_coding	CZIB
ENSG00000162385.11	protein_coding	MAGOH
ENSG00000162390.18	protein_coding	ACOT11
ENSG00000162391.12	protein_coding	FAM151A
ENSG00000162396.6	protein_coding	PARS2
ENSG00000162398.12	protein_coding	LEXM
ENSG00000162399.9	protein_coding	BSND
ENSG00000162402.15	protein_coding	USP24
ENSG00000162407.9	protein_coding	PLPP3
ENSG00000162408.11	protein_coding	NOL9
ENSG00000162409.12	protein_coding	PRKAA2
ENSG00000162413.17	protein_coding	KLHL21
ENSG00000162415.7	protein_coding	ZSWIM5
ENSG00000162419.13	protein_coding	GMEB1
ENSG00000162426.16	protein_coding	SLC45A1
ENSG00000162430.18	protein_coding	SELENON
ENSG00000162433.15	protein_coding	AK4
ENSG00000162434.14	protein_coding	JAK1
ENSG00000162437.15	protein_coding	RAVER2
ENSG00000162438.12	protein_coding	CTRC
ENSG00000162441.12	protein_coding	LZIC
ENSG00000162444.12	protein_coding	RBP7
ENSG00000162456.10	protein_coding	KNCN
ENSG00000162458.13	protein_coding	FBLIM1
ENSG00000162460.7	protein_coding	TMEM82
ENSG00000162461.8	protein_coding	SLC25A34
ENSG00000162482.5	protein_coding	AKR7A3
ENSG00000162490.7	protein_coding	DRAXIN
ENSG00000162493.17	protein_coding	PDPN
ENSG00000162494.6	protein_coding	LRRC38
ENSG00000162496.9	protein_coding	DHRS3
ENSG00000162510.6	protein_coding	MATN1
ENSG00000162511.8	protein_coding	LAPTM5
ENSG00000162512.16	protein_coding	SDC3
ENSG00000162517.13	protein_coding	PEF1
ENSG00000162520.15	protein_coding	SYNC
ENSG00000162521.19	protein_coding	RBBP4
ENSG00000162522.11	protein_coding	KIAA1522
ENSG00000162526.7	protein_coding	TSSK3
ENSG00000162542.14	protein_coding	TMCO4
ENSG00000162543.6	protein_coding	UBXN10
ENSG00000162545.6	protein_coding	CAMK2N1
ENSG00000162551.14	protein_coding	ALPL
ENSG00000162552.15	protein_coding	WNT4
ENSG00000162571.14	protein_coding	TTLL10
ENSG00000162572.21	protein_coding	SCNN1D
ENSG00000162576.17	protein_coding	MXRA8
ENSG00000162585.17	protein_coding	FAAP20
ENSG00000162591.17	protein_coding	MEGF6
ENSG00000162592.10	protein_coding	CCDC27
ENSG00000162594.17	protein_coding	IL23R
ENSG00000162595.8	protein_coding	DIRAS3
ENSG00000162598.13	protein_coding	C1orf87
ENSG00000162599.18	protein_coding	NFIA
ENSG00000162600.12	protein_coding	OMA1
ENSG00000162601.12	protein_coding	MYSM1
ENSG00000162604.12	protein_coding	TM2D1
ENSG00000162607.13	protein_coding	USP1
ENSG00000162613.18	protein_coding	FUBP1
ENSG00000162614.19	protein_coding	NEXN
ENSG00000162616.9	protein_coding	DNAJB4
ENSG00000162618.15	protein_coding	ADGRL4
ENSG00000162620.16	protein_coding	LRRIQ3
ENSG00000162621.7	protein_coding	LRRC53
ENSG00000162623.16	protein_coding	TYW3
ENSG00000162624.16	protein_coding	LHX8
ENSG00000162627.17	protein_coding	SNX7
ENSG00000162630.6	protein_coding	B3GALT2
ENSG00000162631.20	protein_coding	NTNG1
ENSG00000162636.16	protein_coding	FAM102B
ENSG00000162639.16	protein_coding	HENMT1
ENSG00000162641.20	protein_coding	AKNAD1
ENSG00000162642.14	protein_coding	C1orf52
ENSG00000162643.13	protein_coding	DNAI3
ENSG00000162645.13	protein_coding	GBP2
ENSG00000162650.17	protein_coding	ATXN7L2
ENSG00000162654.9	protein_coding	GBP4
ENSG00000162664.17	protein_coding	ZNF326
ENSG00000162669.16	protein_coding	HFM1
ENSG00000162670.11	protein_coding	BRINP3
ENSG00000162676.13	protein_coding	GFI1
ENSG00000162687.19	protein_coding	KCNT2
ENSG00000162688.17	protein_coding	AGL
ENSG00000162692.12	protein_coding	VCAM1
ENSG00000162694.14	protein_coding	EXTL2
ENSG00000162695.12	protein_coding	SLC30A7
ENSG00000162702.8	protein_coding	ZNF281
ENSG00000162704.16	protein_coding	ARPC5
ENSG00000162706.13	protein_coding	CADM3
ENSG00000162711.18	protein_coding	NLRP3
ENSG00000162714.13	protein_coding	ZNF496
ENSG00000162722.9	protein_coding	TRIM58
ENSG00000162723.10	protein_coding	SLAMF9
ENSG00000162727.3	protein_coding	OR2M5
ENSG00000162728.5	protein_coding	KCNJ9
ENSG00000162729.14	protein_coding	IGSF8
ENSG00000162733.19	protein_coding	DDR2
ENSG00000162734.13	protein_coding	PEA15
ENSG00000162735.19	protein_coding	PEX19
ENSG00000162736.18	protein_coding	NCSTN
ENSG00000162738.7	protein_coding	VANGL2
ENSG00000162739.14	protein_coding	SLAMF6
ENSG00000162745.11	protein_coding	OLFML2B
ENSG00000162746.15	protein_coding	FCRLB
ENSG00000162747.13	protein_coding	FCGR3B
ENSG00000162753.13	protein_coding	SLC9C2
ENSG00000162755.14	protein_coding	KLHDC9
ENSG00000162757.4	protein_coding	C1orf74
ENSG00000162761.14	protein_coding	LMX1A
ENSG00000162763.4	protein_coding	LRRC52
ENSG00000162769.13	protein_coding	FLVCR1
ENSG00000162771.8	protein_coding	GARIN4
ENSG00000162772.17	protein_coding	ATF3
ENSG00000162775.17	protein_coding	RBM15
ENSG00000162777.17	protein_coding	DENND2D
ENSG00000162779.22	protein_coding	AXDND1
ENSG00000162782.16	protein_coding	TDRD5
ENSG00000162783.11	protein_coding	IER5
ENSG00000162804.14	protein_coding	SNED1
ENSG00000162813.18	protein_coding	BPNT1
ENSG00000162814.11	protein_coding	SPATA17
ENSG00000162817.7	protein_coding	C1orf115
ENSG00000162819.12	protein_coding	BROX
ENSG00000162825.18	protein_coding	NBPF20
ENSG00000162836.12	protein_coding	ACP6
ENSG00000162843.18	protein_coding	WDR64
ENSG00000162849.16	protein_coding	KIF26B
ENSG00000162851.8	protein_coding	TFB2M
ENSG00000162852.14	protein_coding	CNST
ENSG00000162869.16	protein_coding	PPP1R21
ENSG00000162873.15	protein_coding	KLHDC8A
ENSG00000162877.13	protein_coding	PM20D1
ENSG00000162878.13	protein_coding	PKDCC
ENSG00000162881.7	protein_coding	OXER1
ENSG00000162882.15	protein_coding	HAAO
ENSG00000162885.14	protein_coding	B3GALNT2
ENSG00000162889.11	protein_coding	MAPKAPK2
ENSG00000162891.11	protein_coding	IL20
ENSG00000162892.16	protein_coding	IL24
ENSG00000162894.12	protein_coding	FCMR
ENSG00000162896.6	protein_coding	PIGR
ENSG00000162897.16	protein_coding	FCAMR
ENSG00000162909.18	protein_coding	CAPN2
ENSG00000162910.19	protein_coding	MRPL55
ENSG00000162923.18	protein_coding	WDR26
ENSG00000162924.16	protein_coding	REL
ENSG00000162927.14	protein_coding	PUS10
ENSG00000162928.9	protein_coding	PEX13
ENSG00000162929.14	protein_coding	SANBR
ENSG00000162931.12	protein_coding	TRIM17
ENSG00000162944.11	protein_coding	RFTN2
ENSG00000162946.23	protein_coding	DISC1
ENSG00000162949.16	protein_coding	CAPN13
ENSG00000162951.11	protein_coding	LRRTM1
ENSG00000162959.14	protein_coding	MEMO1
ENSG00000162961.14	protein_coding	DPY30
ENSG00000162971.11	protein_coding	TYW5
ENSG00000162972.11	protein_coding	MAIP1
ENSG00000162975.5	protein_coding	KCNF1
ENSG00000162976.13	protein_coding	SLC66A3
ENSG00000162980.17	protein_coding	ARL5A
ENSG00000162981.14	protein_coding	LRATD1
ENSG00000162989.5	protein_coding	KCNJ3
ENSG00000162992.5	protein_coding	NEUROD1
ENSG00000162994.16	protein_coding	CLHC1
ENSG00000162998.5	protein_coding	FRZB
ENSG00000162999.13	protein_coding	DUSP19
ENSG00000163001.12	protein_coding	CFAP36
ENSG00000163002.13	protein_coding	NUP35
ENSG00000163006.12	protein_coding	CCDC138
ENSG00000163012.4	protein_coding	ZSWIM2
ENSG00000163013.12	protein_coding	FBXO41
ENSG00000163017.14	protein_coding	ACTG2
ENSG00000163026.12	protein_coding	WDCP
ENSG00000163029.16	protein_coding	SMC6
ENSG00000163032.12	protein_coding	VSNL1
ENSG00000163040.15	protein_coding	CCDC74A
ENSG00000163041.13	protein_coding	H3-3A
ENSG00000163046.16	protein_coding	ANKRD30BL
ENSG00000163050.18	protein_coding	COQ8A
ENSG00000163053.11	protein_coding	SLC16A14
ENSG00000163060.8	protein_coding	TEKT4
ENSG00000163064.7	protein_coding	EN1
ENSG00000163069.13	protein_coding	SGCB
ENSG00000163071.11	protein_coding	SPATA18
ENSG00000163072.16	protein_coding	NOSTRIN
ENSG00000163075.13	protein_coding	CFAP221
ENSG00000163082.10	protein_coding	SGPP2
ENSG00000163083.6	protein_coding	INHBB
ENSG00000163092.22	protein_coding	XIRP2
ENSG00000163093.12	protein_coding	BBS5
ENSG00000163104.18	protein_coding	SMARCAD1
ENSG00000163106.11	protein_coding	HPGDS
ENSG00000163110.15	protein_coding	PDLIM5
ENSG00000163114.6	protein_coding	PDHA2
ENSG00000163116.10	protein_coding	STPG2
ENSG00000163121.10	protein_coding	NEURL3
ENSG00000163125.16	protein_coding	RPRD2
ENSG00000163126.15	protein_coding	ANKRD23
ENSG00000163131.12	protein_coding	CTSS
ENSG00000163132.8	protein_coding	MSX1
ENSG00000163138.19	protein_coding	PACRGL
ENSG00000163141.20	protein_coding	BNIPL
ENSG00000163145.13	protein_coding	C1QTNF7
ENSG00000163154.6	protein_coding	TNFAIP8L2
ENSG00000163155.12	protein_coding	LYSMD1
ENSG00000163156.12	protein_coding	SCNM1
ENSG00000163157.15	protein_coding	TMOD4
ENSG00000163159.15	protein_coding	VPS72
ENSG00000163161.14	protein_coding	ERCC3
ENSG00000163162.9	protein_coding	RNF149
ENSG00000163166.15	protein_coding	IWS1
ENSG00000163170.12	protein_coding	BOLA3
ENSG00000163171.8	protein_coding	CDC42EP3
ENSG00000163191.6	protein_coding	S100A11
ENSG00000163202.5	protein_coding	LCE3D
ENSG00000163206.6	protein_coding	SMCP
ENSG00000163207.7	protein_coding	IVL
ENSG00000163209.15	protein_coding	SPRR3
ENSG00000163214.21	protein_coding	DHX57
ENSG00000163216.7	protein_coding	SPRR2D
ENSG00000163217.2	protein_coding	BMP10
ENSG00000163218.15	protein_coding	PGLYRP4
ENSG00000163219.12	protein_coding	ARHGAP25
ENSG00000163220.11	protein_coding	S100A9
ENSG00000163221.9	protein_coding	S100A12
ENSG00000163235.16	protein_coding	TGFA
ENSG00000163239.12	protein_coding	TDRD10
ENSG00000163249.13	protein_coding	CCNYL1
ENSG00000163251.4	protein_coding	FZD5
ENSG00000163254.5	protein_coding	CRYGC
ENSG00000163257.11	protein_coding	DCAF16
ENSG00000163263.7	protein_coding	CFAP141
ENSG00000163273.4	protein_coding	NPPC
ENSG00000163281.12	protein_coding	GNPDA2
ENSG00000163283.7	protein_coding	ALPP
ENSG00000163285.8	protein_coding	GABRG1
ENSG00000163286.9	protein_coding	ALPG
ENSG00000163288.14	protein_coding	GABRB1
ENSG00000163291.14	protein_coding	PAQR3
ENSG00000163293.12	protein_coding	NIPAL1
ENSG00000163295.5	protein_coding	ALPI
ENSG00000163297.18	protein_coding	ANTXR2
ENSG00000163312.11	protein_coding	HELQ
ENSG00000163319.11	protein_coding	MRPS18C
ENSG00000163320.12	protein_coding	CGGBP1
ENSG00000163322.14	protein_coding	ABRAXAS1
ENSG00000163328.14	protein_coding	GPR155
ENSG00000163331.12	protein_coding	DAPL1
ENSG00000163344.6	protein_coding	PMVK
ENSG00000163346.17	protein_coding	PBXIP1
ENSG00000163347.6	protein_coding	CLDN1
ENSG00000163348.4	protein_coding	PYGO2
ENSG00000163349.22	protein_coding	HIPK1
ENSG00000163352.6	protein_coding	LENEP
ENSG00000163354.15	protein_coding	DCST2
ENSG00000163357.11	protein_coding	DCST1
ENSG00000163359.17	protein_coding	COL6A3
ENSG00000163362.11	protein_coding	INAVA
ENSG00000163374.20	protein_coding	YY1AP1
ENSG00000163376.11	protein_coding	KBTBD8
ENSG00000163377.16	protein_coding	TAFA4
ENSG00000163378.14	protein_coding	EOGT
ENSG00000163380.16	protein_coding	LMOD3
ENSG00000163382.13	protein_coding	NAXE
ENSG00000163389.12	protein_coding	POGLUT1
ENSG00000163393.13	protein_coding	SLC22A15
ENSG00000163394.6	protein_coding	CCKAR
ENSG00000163395.17	protein_coding	IGFN1
ENSG00000163399.16	protein_coding	ATP1A1
ENSG00000163406.11	protein_coding	SLC15A2
ENSG00000163412.13	protein_coding	EIF4E3
ENSG00000163421.9	protein_coding	PROK2
ENSG00000163424.9	protein_coding	TEX55
ENSG00000163428.4	protein_coding	LRRC58
ENSG00000163430.12	protein_coding	FSTL1
ENSG00000163431.13	protein_coding	LMOD1
ENSG00000163435.16	protein_coding	ELF3
ENSG00000163440.12	protein_coding	PDCL2
ENSG00000163444.12	protein_coding	TMEM183A
ENSG00000163449.11	protein_coding	TMEM169
ENSG00000163453.11	protein_coding	IGFBP7
ENSG00000163462.19	protein_coding	TRIM46
ENSG00000163463.13	protein_coding	KRTCAP2
ENSG00000163464.8	protein_coding	CXCR1
ENSG00000163466.16	protein_coding	ARPC2
ENSG00000163467.12	protein_coding	TSACC
ENSG00000163468.15	protein_coding	CCT3
ENSG00000163472.19	protein_coding	TMEM79
ENSG00000163479.14	protein_coding	SSR2
ENSG00000163481.8	protein_coding	RNF25
ENSG00000163482.12	protein_coding	STK36
ENSG00000163485.17	protein_coding	ADORA1
ENSG00000163491.17	protein_coding	NEK10
ENSG00000163492.16	protein_coding	CCDC141
ENSG00000163497.3	protein_coding	FEV
ENSG00000163499.12	protein_coding	CRYBA2
ENSG00000163501.7	protein_coding	IHH
ENSG00000163507.15	protein_coding	CIP2A
ENSG00000163508.13	protein_coding	EOMES
ENSG00000163510.14	protein_coding	CWC22
ENSG00000163512.14	protein_coding	AZI2
ENSG00000163513.19	protein_coding	TGFBR2
ENSG00000163515.7	protein_coding	RETNLB
ENSG00000163516.14	protein_coding	ANKZF1
ENSG00000163517.15	protein_coding	HDAC11
ENSG00000163518.11	protein_coding	FCRL4
ENSG00000163519.14	protein_coding	TRAT1
ENSG00000163520.14	protein_coding	FBLN2
ENSG00000163521.16	protein_coding	GLB1L
ENSG00000163527.10	protein_coding	STT3B
ENSG00000163528.13	protein_coding	CHCHD4
ENSG00000163530.4	protein_coding	DPPA2
ENSG00000163531.17	protein_coding	NFASC
ENSG00000163534.15	protein_coding	FCRL1
ENSG00000163535.18	protein_coding	SGO2
ENSG00000163536.13	protein_coding	SERPINI1
ENSG00000163539.18	protein_coding	CLASP2
ENSG00000163541.12	protein_coding	SUCLG1
ENSG00000163545.11	protein_coding	NUAK2
ENSG00000163554.15	protein_coding	SPTA1
ENSG00000163558.13	protein_coding	PRKCI
ENSG00000163563.8	protein_coding	MNDA
ENSG00000163564.15	protein_coding	PYHIN1
ENSG00000163565.20	protein_coding	IFI16
ENSG00000163568.16	protein_coding	AIM2
ENSG00000163576.18	protein_coding	EFHB
ENSG00000163577.8	protein_coding	EIF5A2
ENSG00000163581.14	protein_coding	SLC2A2
ENSG00000163584.18	protein_coding	RPL22L1
ENSG00000163586.10	protein_coding	FABP1
ENSG00000163590.14	protein_coding	PPM1L
ENSG00000163596.17	protein_coding	ICA1L
ENSG00000163599.18	protein_coding	CTLA4
ENSG00000163600.13	protein_coding	ICOS
ENSG00000163602.12	protein_coding	RYBP
ENSG00000163605.15	protein_coding	PPP4R2
ENSG00000163606.11	protein_coding	CD200R1
ENSG00000163607.18	protein_coding	GTPBP8
ENSG00000163608.15	protein_coding	NEPRO
ENSG00000163611.11	protein_coding	SPICE1
ENSG00000163617.11	protein_coding	CCDC191
ENSG00000163618.18	protein_coding	CADPS
ENSG00000163623.10	protein_coding	NKX6-1
ENSG00000163624.6	protein_coding	CDS1
ENSG00000163625.17	protein_coding	WDFY3
ENSG00000163626.17	protein_coding	COX18
ENSG00000163629.13	protein_coding	PTPN13
ENSG00000163630.11	protein_coding	SYNPR
ENSG00000163631.17	protein_coding	ALB
ENSG00000163632.15	protein_coding	C3orf49
ENSG00000163633.12	protein_coding	C4orf36
ENSG00000163634.12	protein_coding	THOC7
ENSG00000163635.20	protein_coding	ATXN7
ENSG00000163636.11	protein_coding	PSMD6
ENSG00000163637.13	protein_coding	PRICKLE2
ENSG00000163638.13	protein_coding	ADAMTS9
ENSG00000163644.15	protein_coding	PPM1K
ENSG00000163645.15	protein_coding	ERICH6
ENSG00000163646.12	protein_coding	CLRN1
ENSG00000163655.16	protein_coding	GMPS
ENSG00000163659.13	protein_coding	TIPARP
ENSG00000163660.12	protein_coding	CCNL1
ENSG00000163661.4	protein_coding	PTX3
ENSG00000163666.10	protein_coding	HESX1
ENSG00000163673.8	protein_coding	DCLK3
ENSG00000163681.17	protein_coding	SLMAP
ENSG00000163682.17	protein_coding	RPL9
ENSG00000163683.12	protein_coding	SMIM14
ENSG00000163684.12	protein_coding	RPP14
ENSG00000163686.15	protein_coding	ABHD6
ENSG00000163687.14	protein_coding	DNASE1L3
ENSG00000163689.21	protein_coding	CFAP20DC
ENSG00000163694.15	protein_coding	RBM47
ENSG00000163697.17	protein_coding	APBB2
ENSG00000163701.19	protein_coding	IL17RE
ENSG00000163702.21	protein_coding	IL17RC
ENSG00000163703.20	protein_coding	CRELD1
ENSG00000163704.13	protein_coding	PRRT3
ENSG00000163705.13	protein_coding	FANCD2OS
ENSG00000163710.9	protein_coding	PCOLCE2
ENSG00000163714.18	protein_coding	U2SURP
ENSG00000163719.20	protein_coding	MTMR14
ENSG00000163728.11	protein_coding	TTC14
ENSG00000163734.4	protein_coding	CXCL3
ENSG00000163735.7	protein_coding	CXCL5
ENSG00000163736.4	protein_coding	PPBP
ENSG00000163737.5	protein_coding	PF4
ENSG00000163738.19	protein_coding	MTHFD2L
ENSG00000163739.5	protein_coding	CXCL1
ENSG00000163743.14	protein_coding	RCHY1
ENSG00000163746.13	protein_coding	PLSCR2
ENSG00000163749.18	protein_coding	CCDC158
ENSG00000163751.4	protein_coding	CPA3
ENSG00000163754.18	protein_coding	GYG1
ENSG00000163755.9	protein_coding	HPS3
ENSG00000163762.7	protein_coding	TM4SF18
ENSG00000163781.14	protein_coding	TOPBP1
ENSG00000163785.13	protein_coding	RYK
ENSG00000163788.14	protein_coding	SNRK
ENSG00000163792.6	protein_coding	TCF23
ENSG00000163793.13	protein_coding	DNAJC5G
ENSG00000163794.6	protein_coding	UCN
ENSG00000163795.14	protein_coding	ZNF513
ENSG00000163798.14	protein_coding	SLC4A1AP
ENSG00000163803.13	protein_coding	PLB1
ENSG00000163806.16	protein_coding	SPDYA
ENSG00000163807.6	protein_coding	KIAA1143
ENSG00000163808.17	protein_coding	KIF15
ENSG00000163810.13	protein_coding	TGM4
ENSG00000163811.12	protein_coding	WDR43
ENSG00000163812.16	protein_coding	ZDHHC3
ENSG00000163814.8	protein_coding	CDCP1
ENSG00000163815.6	protein_coding	CLEC3B
ENSG00000163817.17	protein_coding	SLC6A20
ENSG00000163818.20	protein_coding	LZTFL1
ENSG00000163820.16	protein_coding	FYCO1
ENSG00000163823.4	protein_coding	CCR1
ENSG00000163825.5	protein_coding	RTP3
ENSG00000163827.14	protein_coding	LRRC2
ENSG00000163832.16	protein_coding	ELP6
ENSG00000163833.8	protein_coding	FBXO40
ENSG00000163840.10	protein_coding	DTX3L
ENSG00000163848.21	protein_coding	ZNF148
ENSG00000163864.18	protein_coding	NMNAT3
ENSG00000163866.9	protein_coding	SMIM12
ENSG00000163867.17	protein_coding	ZMYM6
ENSG00000163870.16	protein_coding	TPRA1
ENSG00000163872.16	protein_coding	YEATS2
ENSG00000163873.10	protein_coding	GRIK3
ENSG00000163874.11	protein_coding	ZC3H12A
ENSG00000163875.16	protein_coding	MEAF6
ENSG00000163877.11	protein_coding	SNIP1
ENSG00000163879.11	protein_coding	DNALI1
ENSG00000163882.10	protein_coding	POLR2H
ENSG00000163884.4	protein_coding	KLF15
ENSG00000163885.12	protein_coding	CFAP100
ENSG00000163888.4	protein_coding	CAMK2N2
ENSG00000163898.10	protein_coding	LIPH
ENSG00000163900.11	protein_coding	TMEM41A
ENSG00000163902.12	protein_coding	RPN1
ENSG00000163904.13	protein_coding	SENP2
ENSG00000163909.8	protein_coding	HEYL
ENSG00000163913.14	protein_coding	IFT122
ENSG00000163914.5	protein_coding	RHO
ENSG00000163918.12	protein_coding	RFC4
ENSG00000163923.10	protein_coding	RPL39L
ENSG00000163930.10	protein_coding	BAP1
ENSG00000163931.17	protein_coding	TKT
ENSG00000163932.16	protein_coding	PRKCD
ENSG00000163933.10	protein_coding	RFT1
ENSG00000163935.14	protein_coding	SFMBT1
ENSG00000163938.17	protein_coding	GNL3
ENSG00000163939.19	protein_coding	PBRM1
ENSG00000163945.19	protein_coding	UVSSA
ENSG00000163946.14	protein_coding	TASOR
ENSG00000163947.12	protein_coding	ARHGEF3
ENSG00000163950.13	protein_coding	SLBP
ENSG00000163956.13	protein_coding	LRPAP1
ENSG00000163958.14	protein_coding	ZDHHC19
ENSG00000163959.10	protein_coding	SLC51A
ENSG00000163960.12	protein_coding	UBXN7
ENSG00000163961.4	protein_coding	RNF168
ENSG00000163964.18	protein_coding	PIGX
ENSG00000163975.14	protein_coding	MELTF
ENSG00000163982.6	protein_coding	OTOP1
ENSG00000163993.7	protein_coding	S100P
ENSG00000163995.21	protein_coding	ABLIM2
ENSG00000164002.12	protein_coding	EXO5
ENSG00000164007.11	protein_coding	CLDN19
ENSG00000164008.17	protein_coding	C1orf50
ENSG00000164010.15	protein_coding	ERMAP
ENSG00000164011.18	protein_coding	ZNF691
ENSG00000164022.18	protein_coding	AIMP1
ENSG00000164023.15	protein_coding	SGMS2
ENSG00000164024.12	protein_coding	METAP1
ENSG00000164031.17	protein_coding	DNAJB14
ENSG00000164032.12	protein_coding	H2AZ1
ENSG00000164035.10	protein_coding	EMCN
ENSG00000164037.17	protein_coding	SLC9B1
ENSG00000164038.16	protein_coding	SLC9B2
ENSG00000164039.15	protein_coding	BDH2
ENSG00000164040.18	protein_coding	PGRMC2
ENSG00000164045.12	protein_coding	CDC25A
ENSG00000164047.6	protein_coding	CAMP
ENSG00000164048.14	protein_coding	ZNF589
ENSG00000164049.14	protein_coding	FBXW12
ENSG00000164050.13	protein_coding	PLXNB1
ENSG00000164051.14	protein_coding	CCDC51
ENSG00000164053.22	protein_coding	ATRIP
ENSG00000164054.17	protein_coding	SHISA5
ENSG00000164056.11	protein_coding	SPRY1
ENSG00000164061.5	protein_coding	BSN
ENSG00000164062.13	protein_coding	APEH
ENSG00000164066.13	protein_coding	INTU
ENSG00000164068.16	protein_coding	RNF123
ENSG00000164070.12	protein_coding	HSPA4L
ENSG00000164073.11	protein_coding	MFSD8
ENSG00000164074.16	protein_coding	ABHD18
ENSG00000164076.17	protein_coding	CAMKV
ENSG00000164077.15	protein_coding	MON1A
ENSG00000164078.14	protein_coding	MST1R
ENSG00000164080.14	protein_coding	RAD54L2
ENSG00000164081.13	protein_coding	TEX264
ENSG00000164082.15	protein_coding	GRM2
ENSG00000164086.10	protein_coding	DUSP7
ENSG00000164087.8	protein_coding	POC1A
ENSG00000164088.18	protein_coding	PPM1M
ENSG00000164089.9	protein_coding	ETNPPL
ENSG00000164091.12	protein_coding	WDR82
ENSG00000164093.18	protein_coding	PITX2
ENSG00000164096.13	protein_coding	C4orf3
ENSG00000164099.3	protein_coding	PRSS12
ENSG00000164100.9	protein_coding	NDST3
ENSG00000164104.12	protein_coding	HMGB2
ENSG00000164105.4	protein_coding	SAP30
ENSG00000164106.8	protein_coding	SCRG1
ENSG00000164107.9	protein_coding	HAND2
ENSG00000164109.14	protein_coding	MAD2L1
ENSG00000164111.15	protein_coding	ANXA5
ENSG00000164112.14	protein_coding	SMIM43
ENSG00000164113.11	protein_coding	ADAD1
ENSG00000164114.19	protein_coding	MAP9
ENSG00000164116.17	protein_coding	GUCY1A1
ENSG00000164117.14	protein_coding	FBXO8
ENSG00000164118.13	protein_coding	CEP44
ENSG00000164120.14	protein_coding	HPGD
ENSG00000164122.9	protein_coding	ASB5
ENSG00000164123.7	protein_coding	C4orf45
ENSG00000164124.11	protein_coding	TMEM144
ENSG00000164125.16	protein_coding	GASK1B
ENSG00000164128.7	protein_coding	NPY1R
ENSG00000164129.12	protein_coding	NPY5R
ENSG00000164134.14	protein_coding	NAA15
ENSG00000164136.17	protein_coding	IL15
ENSG00000164142.16	protein_coding	FHIP1A
ENSG00000164144.16	protein_coding	ARFIP1
ENSG00000164151.12	protein_coding	ICE1
ENSG00000164161.10	protein_coding	HHIP
ENSG00000164162.14	protein_coding	ANAPC10
ENSG00000164163.11	protein_coding	ABCE1
ENSG00000164164.17	protein_coding	OTUD4
ENSG00000164167.12	protein_coding	LSM6
ENSG00000164168.8	protein_coding	TMEM184C
ENSG00000164169.13	protein_coding	PRMT9
ENSG00000164171.11	protein_coding	ITGA2
ENSG00000164172.20	protein_coding	MOCS2
ENSG00000164175.15	protein_coding	SLC45A2
ENSG00000164176.13	protein_coding	EDIL3
ENSG00000164180.14	protein_coding	TMEM161B
ENSG00000164181.14	protein_coding	ELOVL7
ENSG00000164182.12	protein_coding	NDUFAF2
ENSG00000164185.7	protein_coding	ZNF474
ENSG00000164187.7	protein_coding	LMBRD2
ENSG00000164188.9	protein_coding	RANBP3L
ENSG00000164190.19	protein_coding	NIPBL
ENSG00000164197.12	protein_coding	RNF180
ENSG00000164199.18	protein_coding	ADGRV1
ENSG00000164209.17	protein_coding	SLC25A46
ENSG00000164211.13	protein_coding	STARD4
ENSG00000164219.10	protein_coding	PGGT1B
ENSG00000164220.7	protein_coding	F2RL2
ENSG00000164221.13	protein_coding	CCDC112
ENSG00000164236.12	protein_coding	ANKRD33B
ENSG00000164237.9	protein_coding	CMBL
ENSG00000164241.14	protein_coding	C5orf63
ENSG00000164244.21	protein_coding	PRRC1
ENSG00000164251.5	protein_coding	F2RL1
ENSG00000164252.13	protein_coding	AGGF1
ENSG00000164253.14	protein_coding	WDR41
ENSG00000164256.11	protein_coding	PRDM9
ENSG00000164258.12	protein_coding	NDUFS4
ENSG00000164265.9	protein_coding	SCGB3A2
ENSG00000164266.11	protein_coding	SPINK1
ENSG00000164270.19	protein_coding	HTR4
ENSG00000164283.13	protein_coding	ESM1
ENSG00000164284.15	protein_coding	GRPEL2
ENSG00000164287.13	protein_coding	CDC20B
ENSG00000164291.17	protein_coding	ARSK
ENSG00000164292.13	protein_coding	RHOBTB3
ENSG00000164294.14	protein_coding	GPX8
ENSG00000164296.7	protein_coding	TIGD6
ENSG00000164299.7	protein_coding	SPZ1
ENSG00000164300.17	protein_coding	SERINC5
ENSG00000164303.11	protein_coding	ENPP6
ENSG00000164304.16	protein_coding	CAGE1
ENSG00000164305.20	protein_coding	CASP3
ENSG00000164306.11	protein_coding	PRIMPOL
ENSG00000164307.13	protein_coding	ERAP1
ENSG00000164308.17	protein_coding	ERAP2
ENSG00000164309.15	protein_coding	CMYA5
ENSG00000164318.18	protein_coding	EGFLAM
ENSG00000164323.15	protein_coding	CFAP97
ENSG00000164325.8	protein_coding	TMEM174
ENSG00000164326.5	protein_coding	CARTPT
ENSG00000164327.13	protein_coding	RICTOR
ENSG00000164329.14	protein_coding	TENT2
ENSG00000164330.17	protein_coding	EBF1
ENSG00000164331.10	protein_coding	ANKRA2
ENSG00000164332.8	protein_coding	UBLCP1
ENSG00000164334.16	protein_coding	FAM170A
ENSG00000164338.10	protein_coding	UTP15
ENSG00000164342.14	protein_coding	TLR3
ENSG00000164344.17	protein_coding	KLKB1
ENSG00000164346.10	protein_coding	NSA2
ENSG00000164347.18	protein_coding	GFM2
ENSG00000164362.21	protein_coding	TERT
ENSG00000164363.10	protein_coding	SLC6A18
ENSG00000164366.4	protein_coding	CCDC127
ENSG00000164379.7	protein_coding	FOXQ1
ENSG00000164398.15	protein_coding	ACSL6
ENSG00000164399.5	protein_coding	IL3
ENSG00000164400.6	protein_coding	CSF2
ENSG00000164402.14	protein_coding	SEPTIN8
ENSG00000164403.15	protein_coding	SHROOM1
ENSG00000164404.9	protein_coding	GDF9
ENSG00000164405.11	protein_coding	UQCRQ
ENSG00000164406.8	protein_coding	LEAP2
ENSG00000164411.12	protein_coding	GJB7
ENSG00000164414.19	protein_coding	SLC35A1
ENSG00000164418.22	protein_coding	GRIK2
ENSG00000164430.17	protein_coding	CGAS
ENSG00000164434.12	protein_coding	FABP7
ENSG00000164438.6	protein_coding	TLX3
ENSG00000164440.15	protein_coding	TXLNB
ENSG00000164442.10	protein_coding	CITED2
ENSG00000164451.14	protein_coding	CALHM4
ENSG00000164458.10	protein_coding	TBXT
ENSG00000164463.12	protein_coding	CREBRF
ENSG00000164465.19	protein_coding	DCBLD1
ENSG00000164466.13	protein_coding	SFXN1
ENSG00000164483.17	protein_coding	SAMD3
ENSG00000164484.12	protein_coding	TMEM200A
ENSG00000164485.15	protein_coding	IL22RA2
ENSG00000164488.12	protein_coding	DACT2
ENSG00000164494.12	protein_coding	PDSS2
ENSG00000164500.7	protein_coding	SPATA48
ENSG00000164506.16	protein_coding	STXBP5
ENSG00000164508.6	protein_coding	H2AC1
ENSG00000164509.16	protein_coding	IL31RA
ENSG00000164512.18	protein_coding	ANKRD55
ENSG00000164520.12	protein_coding	RAET1E
ENSG00000164530.15	protein_coding	PI16
ENSG00000164532.11	protein_coding	TBX20
ENSG00000164535.15	protein_coding	DAGLB
ENSG00000164542.13	protein_coding	MATCAP2
ENSG00000164543.7	protein_coding	STK17A
ENSG00000164548.12	protein_coding	TRA2A
ENSG00000164574.16	protein_coding	GALNT10
ENSG00000164576.12	protein_coding	SAP30L
ENSG00000164587.13	protein_coding	RPS14
ENSG00000164588.8	protein_coding	HCN1
ENSG00000164591.14	protein_coding	MYOZ3
ENSG00000164597.15	protein_coding	COG5
ENSG00000164600.7	protein_coding	NEUROD6
ENSG00000164603.12	protein_coding	BMT2
ENSG00000164604.14	protein_coding	GPR85
ENSG00000164609.10	protein_coding	SLU7
ENSG00000164610.10	protein_coding	RP9
ENSG00000164611.13	protein_coding	PTTG1
ENSG00000164615.6	protein_coding	CAMLG
ENSG00000164619.10	protein_coding	BMPER
ENSG00000164620.9	protein_coding	RELL2
ENSG00000164626.9	protein_coding	KCNK5
ENSG00000164627.18	protein_coding	KIF6
ENSG00000164631.19	protein_coding	ZNF12
ENSG00000164638.11	protein_coding	SLC29A4
ENSG00000164645.3	protein_coding	TEX47
ENSG00000164647.9	protein_coding	STEAP1
ENSG00000164649.20	protein_coding	CDCA7L
ENSG00000164651.18	protein_coding	SP8
ENSG00000164654.16	protein_coding	MIOS
ENSG00000164659.15	protein_coding	ELAPOR2
ENSG00000164663.15	protein_coding	USP49
ENSG00000164674.17	protein_coding	SYTL3
ENSG00000164675.11	protein_coding	IQUB
ENSG00000164683.19	protein_coding	HEY1
ENSG00000164684.13	protein_coding	ZNF704
ENSG00000164687.11	protein_coding	FABP5
ENSG00000164690.8	protein_coding	SHH
ENSG00000164691.18	protein_coding	TAGAP
ENSG00000164692.19	protein_coding	COL1A2
ENSG00000164694.17	protein_coding	FNDC1
ENSG00000164695.5	protein_coding	CHMP4C
ENSG00000164707.16	protein_coding	SLC13A4
ENSG00000164708.6	protein_coding	PGAM2
ENSG00000164713.10	protein_coding	BRI3
ENSG00000164715.6	protein_coding	LMTK2
ENSG00000164729.8	protein_coding	SLC35G3
ENSG00000164733.22	protein_coding	CTSB
ENSG00000164736.6	protein_coding	SOX17
ENSG00000164741.15	protein_coding	DLC1
ENSG00000164742.16	protein_coding	ADCY1
ENSG00000164743.5	protein_coding	C8orf48
ENSG00000164744.14	protein_coding	SUN3
ENSG00000164746.14	protein_coding	C7orf57
ENSG00000164749.13	protein_coding	HNF4G
ENSG00000164751.15	protein_coding	PEX2
ENSG00000164754.16	protein_coding	RAD21
ENSG00000164756.13	protein_coding	SLC30A8
ENSG00000164758.7	protein_coding	MED30
ENSG00000164761.9	protein_coding	TNFRSF11B
ENSG00000164764.11	protein_coding	SBSPON
ENSG00000164776.11	protein_coding	PHKG1
ENSG00000164778.4	protein_coding	EN2
ENSG00000164794.9	protein_coding	KCNV1
ENSG00000164796.18	protein_coding	CSMD3
ENSG00000164808.17	protein_coding	SPIDR
ENSG00000164815.11	protein_coding	ORC5
ENSG00000164816.8	protein_coding	DEFA5
ENSG00000164818.16	protein_coding	DNAAF5
ENSG00000164821.5	protein_coding	DEFA4
ENSG00000164822.5	protein_coding	DEFA6
ENSG00000164823.11	protein_coding	OSGIN2
ENSG00000164825.4	protein_coding	DEFB1
ENSG00000164828.18	protein_coding	SUN1
ENSG00000164830.19	protein_coding	OXR1
ENSG00000164841.5	protein_coding	TMEM74
ENSG00000164849.10	protein_coding	GPR146
ENSG00000164850.16	protein_coding	GPER1
ENSG00000164853.9	protein_coding	UNCX
ENSG00000164855.16	protein_coding	TMEM184A
ENSG00000164867.11	protein_coding	NOS3
ENSG00000164871.18	protein_coding	SPAG11B
ENSG00000164877.19	protein_coding	MICALL2
ENSG00000164879.7	protein_coding	CA3
ENSG00000164880.16	protein_coding	INTS1
ENSG00000164885.13	protein_coding	CDK5
ENSG00000164889.15	protein_coding	SLC4A2
ENSG00000164893.9	protein_coding	SLC7A13
ENSG00000164896.21	protein_coding	FASTK
ENSG00000164897.14	protein_coding	TMUB1
ENSG00000164898.13	protein_coding	FMC1
ENSG00000164900.5	protein_coding	GBX1
ENSG00000164902.14	protein_coding	PHAX
ENSG00000164904.18	protein_coding	ALDH7A1
ENSG00000164916.11	protein_coding	FOXK1
ENSG00000164919.11	protein_coding	COX6C
ENSG00000164920.10	protein_coding	OSR2
ENSG00000164924.18	protein_coding	YWHAZ
ENSG00000164929.17	protein_coding	BAALC
ENSG00000164930.12	protein_coding	FZD6
ENSG00000164932.13	protein_coding	CTHRC1
ENSG00000164933.13	protein_coding	SLC25A32
ENSG00000164934.14	protein_coding	DCAF13
ENSG00000164935.6	protein_coding	DCSTAMP
ENSG00000164938.14	protein_coding	TP53INP1
ENSG00000164941.14	protein_coding	INTS8
ENSG00000164944.12	protein_coding	VIRMA
ENSG00000164946.20	protein_coding	FREM1
ENSG00000164949.8	protein_coding	GEM
ENSG00000164951.16	protein_coding	PDP1
ENSG00000164953.17	protein_coding	TMEM67
ENSG00000164961.16	protein_coding	WASHC5
ENSG00000164967.10	protein_coding	RPP25L
ENSG00000164970.15	protein_coding	FAM219A
ENSG00000164972.14	protein_coding	C9orf24
ENSG00000164975.16	protein_coding	SNAPC3
ENSG00000164976.9	protein_coding	MYORG
ENSG00000164978.18	protein_coding	NUDT2
ENSG00000164983.9	protein_coding	TMEM65
ENSG00000164985.15	protein_coding	PSIP1
ENSG00000164989.17	protein_coding	CCDC171
ENSG00000165006.14	protein_coding	UBAP1
ENSG00000165023.7	protein_coding	DIRAS2
ENSG00000165025.15	protein_coding	SYK
ENSG00000165028.12	protein_coding	NIPSNAP3B
ENSG00000165029.17	protein_coding	ABCA1
ENSG00000165030.4	protein_coding	NFIL3
ENSG00000165046.13	protein_coding	LETM2
ENSG00000165055.16	protein_coding	METTL2B
ENSG00000165059.8	protein_coding	PRKACG
ENSG00000165060.15	protein_coding	FXN
ENSG00000165061.15	protein_coding	ZMAT4
ENSG00000165066.13	protein_coding	NKX6-3
ENSG00000165071.15	protein_coding	TMEM71
ENSG00000165072.10	protein_coding	MAMDC2
ENSG00000165076.14	protein_coding	PRSS37
ENSG00000165078.13	protein_coding	CPA6
ENSG00000165084.16	protein_coding	C8orf34
ENSG00000165091.18	protein_coding	TMC1
ENSG00000165092.13	protein_coding	ALDH1A1
ENSG00000165097.16	protein_coding	KDM1B
ENSG00000165102.15	protein_coding	HGSNAT
ENSG00000165105.10	protein_coding	RASEF
ENSG00000165113.13	protein_coding	GKAP1
ENSG00000165115.15	protein_coding	KIF27
ENSG00000165118.15	protein_coding	C9orf64
ENSG00000165119.22	protein_coding	HNRNPK
ENSG00000165120.5	protein_coding	SSMEM1
ENSG00000165124.19	protein_coding	SVEP1
ENSG00000165125.22	protein_coding	TRPV6
ENSG00000165131.8	protein_coding	LLCFC1
ENSG00000165138.18	protein_coding	ANKS6
ENSG00000165140.12	protein_coding	FBP1
ENSG00000165152.9	protein_coding	PGAP4
ENSG00000165156.15	protein_coding	ZHX1
ENSG00000165164.14	protein_coding	CFAP47
ENSG00000165168.9	protein_coding	CYBB
ENSG00000165169.11	protein_coding	DYNLT3
ENSG00000165171.11	protein_coding	METTL27
ENSG00000165175.17	protein_coding	MID1IP1
ENSG00000165181.17	protein_coding	SHOC1
ENSG00000165182.12	protein_coding	CXorf58
ENSG00000165185.15	protein_coding	KIAA1958
ENSG00000165186.12	protein_coding	PTCHD1
ENSG00000165188.14	protein_coding	RNF183
ENSG00000165192.14	protein_coding	ASB11
ENSG00000165194.15	protein_coding	PCDH19
ENSG00000165195.16	protein_coding	PIGA
ENSG00000165197.5	protein_coding	VEGFD
ENSG00000165202.3	protein_coding	OR1Q1
ENSG00000165204.3	protein_coding	OR1K1
ENSG00000165209.19	protein_coding	STRBP
ENSG00000165215.6	protein_coding	CLDN3
ENSG00000165219.23	protein_coding	GAPVD1
ENSG00000165233.18	protein_coding	CARD19
ENSG00000165238.17	protein_coding	WNK2
ENSG00000165240.22	protein_coding	ATP7A
ENSG00000165244.7	protein_coding	ZNF367
ENSG00000165246.15	protein_coding	NLGN4Y
ENSG00000165259.14	protein_coding	HDX
ENSG00000165264.11	protein_coding	NDUFB6
ENSG00000165269.13	protein_coding	AQP7
ENSG00000165271.17	protein_coding	NOL6
ENSG00000165272.16	protein_coding	AQP3
ENSG00000165275.10	protein_coding	TRMT10B
ENSG00000165280.18	protein_coding	VCP
ENSG00000165282.15	protein_coding	PIGO
ENSG00000165283.16	protein_coding	STOML2
ENSG00000165288.11	protein_coding	BRWD3
ENSG00000165300.8	protein_coding	SLITRK5
ENSG00000165304.8	protein_coding	MELK
ENSG00000165309.14	protein_coding	ARMC3
ENSG00000165312.7	protein_coding	OTUD1
ENSG00000165322.18	protein_coding	ARHGAP12
ENSG00000165323.16	protein_coding	FAT3
ENSG00000165325.15	protein_coding	DEUP1
ENSG00000165338.17	protein_coding	HECTD2
ENSG00000165349.12	protein_coding	SLC7A3
ENSG00000165355.8	protein_coding	FBXO33
ENSG00000165359.16	protein_coding	INTS6L
ENSG00000165370.3	protein_coding	GPR101
ENSG00000165376.12	protein_coding	CLDN2
ENSG00000165379.14	protein_coding	LRFN5
ENSG00000165383.12	protein_coding	LRRC18
ENSG00000165389.7	protein_coding	SPTSSA
ENSG00000165392.11	protein_coding	WRN
ENSG00000165406.16	protein_coding	MARCHF8
ENSG00000165409.18	protein_coding	TSHR
ENSG00000165410.15	protein_coding	CFL2
ENSG00000165416.15	protein_coding	SUGT1
ENSG00000165417.12	protein_coding	GTF2A1
ENSG00000165424.7	protein_coding	ZCCHC24
ENSG00000165434.8	protein_coding	PGM2L1
ENSG00000165443.12	protein_coding	PHYHIPL
ENSG00000165449.12	protein_coding	SLC16A9
ENSG00000165457.15	protein_coding	FOLR2
ENSG00000165458.15	protein_coding	INPPL1
ENSG00000165462.5	protein_coding	PHOX2A
ENSG00000165471.7	protein_coding	MBL2
ENSG00000165474.8	protein_coding	GJB2
ENSG00000165475.15	protein_coding	CRYL1
ENSG00000165476.14	protein_coding	REEP3
ENSG00000165478.8	protein_coding	HEPACAM
ENSG00000165480.16	protein_coding	SKA3
ENSG00000165487.14	protein_coding	MICU2
ENSG00000165490.13	protein_coding	DDIAS
ENSG00000165494.12	protein_coding	PCF11
ENSG00000165495.16	protein_coding	PKNOX2
ENSG00000165496.5	protein_coding	RPL10L
ENSG00000165501.17	protein_coding	LRR1
ENSG00000165502.7	protein_coding	RPL36AL
ENSG00000165506.15	protein_coding	DNAAF2
ENSG00000165507.9	protein_coding	DEPP1
ENSG00000165509.13	protein_coding	MAGEC3
ENSG00000165512.5	protein_coding	ZNF22
ENSG00000165516.11	protein_coding	KLHDC2
ENSG00000165521.16	protein_coding	EML5
ENSG00000165525.18	protein_coding	NEMF
ENSG00000165526.9	protein_coding	RPUSD4
ENSG00000165527.8	protein_coding	ARF6
ENSG00000165533.19	protein_coding	TTC8
ENSG00000165548.11	protein_coding	TMEM63C
ENSG00000165553.5	protein_coding	NGB
ENSG00000165555.10	protein_coding	NOXRED1
ENSG00000165556.10	protein_coding	CDX2
ENSG00000165566.13	protein_coding	AMER2
ENSG00000165568.18	protein_coding	AKR1E2
ENSG00000165572.8	protein_coding	KBTBD6
ENSG00000165583.16	protein_coding	SSX5
ENSG00000165584.16	protein_coding	SSX3
ENSG00000165588.19	protein_coding	OTX2
ENSG00000165591.7	protein_coding	FAAH2
ENSG00000165606.10	protein_coding	DRGX
ENSG00000165609.13	protein_coding	NUDT5
ENSG00000165617.16	protein_coding	DACT1
ENSG00000165621.9	protein_coding	OXGR1
ENSG00000165623.10	protein_coding	UCMA
ENSG00000165626.19	protein_coding	BEND7
ENSG00000165629.20	protein_coding	ATP5F1C
ENSG00000165630.15	protein_coding	PRPF18
ENSG00000165632.9	protein_coding	TAF3
ENSG00000165633.13	protein_coding	VSTM4
ENSG00000165637.14	protein_coding	VDAC2
ENSG00000165643.11	protein_coding	SOHLH1
ENSG00000165644.11	protein_coding	COMTD1
ENSG00000165646.14	protein_coding	SLC18A2
ENSG00000165650.12	protein_coding	PDZD8
ENSG00000165655.17	protein_coding	ZNF503
ENSG00000165660.8	protein_coding	ABRAXAS2
ENSG00000165661.18	protein_coding	QSOX2
ENSG00000165669.14	protein_coding	FAM204A
ENSG00000165671.22	protein_coding	NSD1
ENSG00000165672.7	protein_coding	PRDX3
ENSG00000165675.19	protein_coding	ENOX2
ENSG00000165678.22	protein_coding	GHITM
ENSG00000165682.15	protein_coding	CLEC1B
ENSG00000165684.6	protein_coding	SNAPC4
ENSG00000165685.9	protein_coding	TMEM52B
ENSG00000165688.14	protein_coding	PMPCA
ENSG00000165689.17	protein_coding	ENTR1
ENSG00000165694.11	protein_coding	FRMD7
ENSG00000165695.10	protein_coding	AK8
ENSG00000165698.16	protein_coding	SPACA9
ENSG00000165699.15	protein_coding	TSC1
ENSG00000165702.15	protein_coding	GFI1B
ENSG00000165704.15	protein_coding	HPRT1
ENSG00000165714.11	protein_coding	BORCS5
ENSG00000165716.11	protein_coding	DIPK1B
ENSG00000165724.6	protein_coding	ZMYND19
ENSG00000165730.16	protein_coding	STOX1
ENSG00000165731.21	protein_coding	RET
ENSG00000165732.14	protein_coding	DDX21
ENSG00000165733.8	protein_coding	BMS1
ENSG00000165752.17	protein_coding	STK32C
ENSG00000165757.9	protein_coding	JCAD
ENSG00000165762.3	protein_coding	OR4K2
ENSG00000165775.18	protein_coding	FUNDC2
ENSG00000165782.11	protein_coding	PIP4P1
ENSG00000165792.18	protein_coding	METTL17
ENSG00000165794.10	protein_coding	SLC39A2
ENSG00000165795.25	protein_coding	NDRG2
ENSG00000165799.5	protein_coding	RNASE7
ENSG00000165801.10	protein_coding	ARHGEF40
ENSG00000165802.23	protein_coding	NSMF
ENSG00000165804.16	protein_coding	ZNF219
ENSG00000165805.10	protein_coding	C12orf50
ENSG00000165806.21	protein_coding	CASP7
ENSG00000165807.8	protein_coding	PPP1R36
ENSG00000165810.17	protein_coding	BTNL9
ENSG00000165813.20	protein_coding	CCDC186
ENSG00000165816.13	protein_coding	VWA2
ENSG00000165819.12	protein_coding	METTL3
ENSG00000165821.12	protein_coding	SALL2
ENSG00000165828.15	protein_coding	PRAP1
ENSG00000165832.6	protein_coding	TRUB1
ENSG00000165837.12	protein_coding	ERICH6B
ENSG00000165841.11	protein_coding	CYP2C19
ENSG00000165861.14	protein_coding	ZFYVE1
ENSG00000165863.17	protein_coding	C10orf82
ENSG00000165868.16	protein_coding	HSPA12A
ENSG00000165879.9	protein_coding	FRAT1
ENSG00000165886.5	protein_coding	UBTD1
ENSG00000165887.12	protein_coding	ANKRD2
ENSG00000165891.16	protein_coding	E2F7
ENSG00000165895.19	protein_coding	ARHGAP42
ENSG00000165898.14	protein_coding	ISCA2
ENSG00000165899.12	protein_coding	OTOGL
ENSG00000165905.18	protein_coding	LARGE2
ENSG00000165912.16	protein_coding	PACSIN3
ENSG00000165914.15	protein_coding	TTC7B
ENSG00000165915.14	protein_coding	SLC39A13
ENSG00000165916.9	protein_coding	PSMC3
ENSG00000165917.10	protein_coding	RAPSN
ENSG00000165923.17	protein_coding	AGBL2
ENSG00000165929.13	protein_coding	TC2N
ENSG00000165934.13	protein_coding	CPSF2
ENSG00000165935.10	protein_coding	SMCO2
ENSG00000165943.5	protein_coding	MOAP1
ENSG00000165948.11	protein_coding	IFI27L1
ENSG00000165949.13	protein_coding	IFI27
ENSG00000165953.10	protein_coding	SERPINA12
ENSG00000165959.12	protein_coding	CLMN
ENSG00000165966.16	protein_coding	PDZRN4
ENSG00000165970.12	protein_coding	SLC6A5
ENSG00000165972.13	protein_coding	CCDC38
ENSG00000165973.19	protein_coding	NELL1
ENSG00000165983.15	protein_coding	PTER
ENSG00000165985.10	protein_coding	C1QL3
ENSG00000165995.24	protein_coding	CACNB2
ENSG00000165996.14	protein_coding	HACD1
ENSG00000165997.5	protein_coding	ARL5B
ENSG00000166002.7	protein_coding	SMCO4
ENSG00000166004.15	protein_coding	CEP295
ENSG00000166006.14	protein_coding	KCNC2
ENSG00000166012.17	protein_coding	TAF1D
ENSG00000166016.6	protein_coding	ABTB2
ENSG00000166024.14	protein_coding	R3HCC1L
ENSG00000166025.18	protein_coding	AMOTL1
ENSG00000166033.13	protein_coding	HTRA1
ENSG00000166035.11	protein_coding	LIPC
ENSG00000166037.11	protein_coding	CEP57
ENSG00000166046.11	protein_coding	TCP11L2
ENSG00000166049.11	protein_coding	PASD1
ENSG00000166068.13	protein_coding	SPRED1
ENSG00000166069.14	protein_coding	TMCO5A
ENSG00000166073.11	protein_coding	GPR176
ENSG00000166086.13	protein_coding	JAM3
ENSG00000166090.8	protein_coding	IL25
ENSG00000166091.21	protein_coding	CMTM5
ENSG00000166105.16	protein_coding	GLB1L3
ENSG00000166106.4	protein_coding	ADAMTS15
ENSG00000166111.10	protein_coding	SVOP
ENSG00000166118.8	protein_coding	SPATA19
ENSG00000166123.14	protein_coding	GPT2
ENSG00000166126.11	protein_coding	AMN
ENSG00000166128.13	protein_coding	RAB8B
ENSG00000166130.15	protein_coding	IKBIP
ENSG00000166133.18	protein_coding	RPUSD2
ENSG00000166135.14	protein_coding	HIF1AN
ENSG00000166136.16	protein_coding	NDUFB8
ENSG00000166140.17	protein_coding	ZFYVE19
ENSG00000166143.10	protein_coding	PPP1R14D
ENSG00000166145.15	protein_coding	SPINT1
ENSG00000166147.15	protein_coding	FBN1
ENSG00000166148.4	protein_coding	AVPR1A
ENSG00000166152.4	protein_coding	C16orf78
ENSG00000166153.17	protein_coding	DEPDC4
ENSG00000166159.11	protein_coding	LRTM2
ENSG00000166160.9	protein_coding	OPN1MW2
ENSG00000166164.16	protein_coding	BRD7
ENSG00000166165.14	protein_coding	CKB
ENSG00000166166.13	protein_coding	TRMT61A
ENSG00000166167.18	protein_coding	BTRC
ENSG00000166169.17	protein_coding	POLL
ENSG00000166170.12	protein_coding	BAG5
ENSG00000166171.13	protein_coding	DPCD
ENSG00000166173.11	protein_coding	LARP6
ENSG00000166181.13	protein_coding	API5
ENSG00000166183.16	protein_coding	ASPG
ENSG00000166188.3	protein_coding	ZNF319
ENSG00000166189.8	protein_coding	HPS6
ENSG00000166192.15	protein_coding	SENP8
ENSG00000166197.17	protein_coding	NOLC1
ENSG00000166199.13	protein_coding	ALKBH3
ENSG00000166200.15	protein_coding	COPS2
ENSG00000166206.16	protein_coding	GABRB3
ENSG00000166211.8	protein_coding	SPIC
ENSG00000166220.14	protein_coding	TBATA
ENSG00000166224.18	protein_coding	SGPL1
ENSG00000166225.9	protein_coding	FRS2
ENSG00000166226.13	protein_coding	CCT2
ENSG00000166228.9	protein_coding	PCBD1
ENSG00000166233.15	protein_coding	ARIH1
ENSG00000166246.14	protein_coding	DNAAF8
ENSG00000166250.12	protein_coding	CLMP
ENSG00000166257.10	protein_coding	SCN3B
ENSG00000166260.13	protein_coding	COX11
ENSG00000166261.11	protein_coding	ZNF202
ENSG00000166262.16	protein_coding	FAM227B
ENSG00000166263.13	protein_coding	STXBP4
ENSG00000166265.13	protein_coding	CYYR1
ENSG00000166266.14	protein_coding	CUL5
ENSG00000166268.11	protein_coding	MYRFL
ENSG00000166272.18	protein_coding	WBP1L
ENSG00000166275.16	protein_coding	BORCS7
ENSG00000166278.16	protein_coding	C2
ENSG00000166289.6	protein_coding	PLEKHF1
ENSG00000166292.12	protein_coding	TMEM100
ENSG00000166295.9	protein_coding	ANAPC16
ENSG00000166311.10	protein_coding	SMPD1
ENSG00000166313.20	protein_coding	APBB1
ENSG00000166317.12	protein_coding	SYNPO2L
ENSG00000166321.14	protein_coding	NUDT13
ENSG00000166323.13	protein_coding	C11orf65
ENSG00000166326.7	protein_coding	TRIM44
ENSG00000166329.3	protein_coding	CCDC182
ENSG00000166333.14	protein_coding	ILK
ENSG00000166337.11	protein_coding	TAF10
ENSG00000166340.18	protein_coding	TPP1
ENSG00000166341.9	protein_coding	DCHS1
ENSG00000166342.19	protein_coding	NETO1
ENSG00000166343.10	protein_coding	MSS51
ENSG00000166347.19	protein_coding	CYB5A
ENSG00000166348.20	protein_coding	USP54
ENSG00000166349.11	protein_coding	RAG1
ENSG00000166351.11	protein_coding	POTED
ENSG00000166352.18	protein_coding	IFTAP
ENSG00000166359.11	protein_coding	WDR88
ENSG00000166363.6	protein_coding	OR10A5
ENSG00000166368.3	protein_coding	OR2D2
ENSG00000166377.21	protein_coding	ATP9B
ENSG00000166387.14	protein_coding	PPFIBP2
ENSG00000166391.15	protein_coding	MOGAT2
ENSG00000166394.15	protein_coding	CYB5R2
ENSG00000166396.13	protein_coding	SERPINB7
ENSG00000166398.14	protein_coding	GARRE1
ENSG00000166401.15	protein_coding	SERPINB8
ENSG00000166402.9	protein_coding	TUB
ENSG00000166405.16	protein_coding	RIC3
ENSG00000166407.14	protein_coding	LMO1
ENSG00000166411.14	protein_coding	IDH3A
ENSG00000166415.15	protein_coding	WDR72
ENSG00000166426.8	protein_coding	CRABP1
ENSG00000166428.14	protein_coding	PLD4
ENSG00000166432.16	protein_coding	ZMAT1
ENSG00000166435.17	protein_coding	XRRA1
ENSG00000166436.18	protein_coding	TRIM66
ENSG00000166439.6	protein_coding	RNF169
ENSG00000166441.13	protein_coding	RPL27A
ENSG00000166444.19	protein_coding	DENND2B
ENSG00000166446.15	protein_coding	CDYL2
ENSG00000166448.15	protein_coding	TMEM130
ENSG00000166450.13	protein_coding	PRTG
ENSG00000166451.14	protein_coding	CENPN
ENSG00000166452.12	protein_coding	AKIP1
ENSG00000166454.10	protein_coding	ATMIN
ENSG00000166455.14	protein_coding	C16orf46
ENSG00000166471.11	protein_coding	TMEM41B
ENSG00000166473.18	protein_coding	PKD1L2
ENSG00000166477.13	protein_coding	LEO1
ENSG00000166478.10	protein_coding	ZNF143
ENSG00000166479.10	protein_coding	TMX3
ENSG00000166482.12	protein_coding	MFAP4
ENSG00000166483.12	protein_coding	WEE1
ENSG00000166484.20	protein_coding	MAPK7
ENSG00000166501.14	protein_coding	PRKCB
ENSG00000166503.9	protein_coding	HDGFL3
ENSG00000166507.19	protein_coding	NDST2
ENSG00000166508.18	protein_coding	MCM7
ENSG00000166509.12	protein_coding	CLEC3A
ENSG00000166510.14	protein_coding	CCDC68
ENSG00000166523.8	protein_coding	CLEC4E
ENSG00000166526.18	protein_coding	ZNF3
ENSG00000166527.8	protein_coding	CLEC4D
ENSG00000166529.16	protein_coding	ZSCAN21
ENSG00000166532.16	protein_coding	RIMKLB
ENSG00000166535.20	protein_coding	A2ML1
ENSG00000166546.15	protein_coding	BEAN1
ENSG00000166548.17	protein_coding	TK2
ENSG00000166557.14	protein_coding	TMED3
ENSG00000166558.11	protein_coding	SLC38A8
ENSG00000166562.9	protein_coding	SEC11C
ENSG00000166569.8	protein_coding	CPLX4
ENSG00000166573.6	protein_coding	GALR1
ENSG00000166575.17	protein_coding	TMEM135
ENSG00000166578.10	protein_coding	IQCD
ENSG00000166579.16	protein_coding	NDEL1
ENSG00000166582.11	protein_coding	CENPV
ENSG00000166589.13	protein_coding	CDH16
ENSG00000166592.12	protein_coding	RRAD
ENSG00000166595.12	protein_coding	CIAO2B
ENSG00000166596.15	protein_coding	CFAP52
ENSG00000166598.16	protein_coding	HSP90B1
ENSG00000166603.5	protein_coding	MC4R
ENSG00000166619.15	protein_coding	BLCAP
ENSG00000166634.7	protein_coding	SERPINB12
ENSG00000166664.15	protein_coding	CHRFAM7A
ENSG00000166669.14	protein_coding	ATF7IP2
ENSG00000166670.10	protein_coding	MMP10
ENSG00000166676.17	protein_coding	TVP23A
ENSG00000166681.14	protein_coding	BEX3
ENSG00000166682.13	protein_coding	TMPRSS5
ENSG00000166685.13	protein_coding	COG1
ENSG00000166689.18	protein_coding	PLEKHA7
ENSG00000166704.13	protein_coding	ZNF606
ENSG00000166707.12	protein_coding	ZCCHC18
ENSG00000166710.23	protein_coding	B2M
ENSG00000166716.10	protein_coding	ZNF592
ENSG00000166734.20	protein_coding	GOLM2
ENSG00000166736.12	protein_coding	HTR3A
ENSG00000166741.8	protein_coding	NNMT
ENSG00000166743.10	protein_coding	ACSM1
ENSG00000166747.13	protein_coding	AP1G1
ENSG00000166750.10	protein_coding	SLFN5
ENSG00000166762.19	protein_coding	CATSPER2
ENSG00000166780.11	protein_coding	BMERB1
ENSG00000166783.22	protein_coding	MARF1
ENSG00000166788.10	protein_coding	SAAL1
ENSG00000166793.13	protein_coding	YPEL4
ENSG00000166794.6	protein_coding	PPIB
ENSG00000166796.12	protein_coding	LDHC
ENSG00000166797.11	protein_coding	CIAO2A
ENSG00000166800.11	protein_coding	LDHAL6A
ENSG00000166801.17	protein_coding	FAM111A
ENSG00000166803.14	protein_coding	PCLAF
ENSG00000166813.17	protein_coding	KIF7
ENSG00000166816.15	protein_coding	LDHD
ENSG00000166819.12	protein_coding	PLIN1
ENSG00000166821.9	protein_coding	PEX11A
ENSG00000166822.13	protein_coding	TMEM170A
ENSG00000166823.6	protein_coding	MESP1
ENSG00000166825.15	protein_coding	ANPEP
ENSG00000166828.3	protein_coding	SCNN1G
ENSG00000166831.9	protein_coding	RBPMS2
ENSG00000166833.23	protein_coding	NAV2
ENSG00000166839.18	protein_coding	ANKDD1A
ENSG00000166840.14	protein_coding	GLYATL1
ENSG00000166845.15	protein_coding	C18orf54
ENSG00000166847.10	protein_coding	DCTN5
ENSG00000166848.7	protein_coding	TERF2IP
ENSG00000166851.15	protein_coding	PLK1
ENSG00000166855.9	protein_coding	CLPX
ENSG00000166856.3	protein_coding	GPR182
ENSG00000166860.3	protein_coding	ZBTB39
ENSG00000166862.7	protein_coding	CACNG2
ENSG00000166863.13	protein_coding	TAC3
ENSG00000166866.13	protein_coding	MYO1A
ENSG00000166869.3	protein_coding	CHP2
ENSG00000166881.10	protein_coding	NEMP1
ENSG00000166884.3	protein_coding	OR4D6
ENSG00000166886.13	protein_coding	NAB2
ENSG00000166887.16	protein_coding	VPS39
ENSG00000166888.12	protein_coding	STAT6
ENSG00000166889.14	protein_coding	PATL1
ENSG00000166896.9	protein_coding	ATP23
ENSG00000166897.16	protein_coding	ELFN2
ENSG00000166900.17	protein_coding	STX3
ENSG00000166902.5	protein_coding	MRPL16
ENSG00000166908.18	protein_coding	PIP4K2C
ENSG00000166912.17	protein_coding	MTMR10
ENSG00000166913.13	protein_coding	YWHAB
ENSG00000166920.13	protein_coding	C15orf48
ENSG00000166922.9	protein_coding	SCG5
ENSG00000166923.12	protein_coding	GREM1
ENSG00000166924.9	protein_coding	NYAP1
ENSG00000166925.9	protein_coding	TSC22D4
ENSG00000166926.9	protein_coding	MS4A6E
ENSG00000166927.13	protein_coding	MS4A7
ENSG00000166928.11	protein_coding	MS4A14
ENSG00000166930.7	protein_coding	MS4A5
ENSG00000166938.13	protein_coding	DIS3L
ENSG00000166946.14	protein_coding	CCNDBP1
ENSG00000166947.15	protein_coding	EPB42
ENSG00000166948.10	protein_coding	TGM6
ENSG00000166949.17	protein_coding	SMAD3
ENSG00000166959.8	protein_coding	MS4A8
ENSG00000166960.17	protein_coding	CCDC178
ENSG00000166961.15	protein_coding	MS4A15
ENSG00000166963.13	protein_coding	MAP1A
ENSG00000166965.13	protein_coding	RCCD1
ENSG00000166971.17	protein_coding	AKTIP
ENSG00000166974.13	protein_coding	MAPRE2
ENSG00000166979.13	protein_coding	EVA1C
ENSG00000166986.15	protein_coding	MARS1
ENSG00000166987.15	protein_coding	MBD6
ENSG00000166997.8	protein_coding	CNPY4
ENSG00000167004.14	protein_coding	PDIA3
ENSG00000167005.14	protein_coding	NUDT21
ENSG00000167011.9	protein_coding	NAT16
ENSG00000167014.11	protein_coding	TERB2
ENSG00000167034.10	protein_coding	NKX3-1
ENSG00000167037.19	protein_coding	SGSM1
ENSG00000167065.14	protein_coding	DUSP18
ENSG00000167074.15	protein_coding	TEF
ENSG00000167077.13	protein_coding	MEI1
ENSG00000167080.9	protein_coding	B4GALNT2
ENSG00000167081.18	protein_coding	PBX3
ENSG00000167083.7	protein_coding	GNGT2
ENSG00000167085.14	protein_coding	PHB1
ENSG00000167088.11	protein_coding	SNRPD1
ENSG00000167094.16	protein_coding	TTC16
ENSG00000167098.12	protein_coding	SUN5
ENSG00000167100.15	protein_coding	SAMD14
ENSG00000167103.12	protein_coding	PIP5KL1
ENSG00000167104.11	protein_coding	BPIFB6
ENSG00000167105.8	protein_coding	TMEM92
ENSG00000167106.12	protein_coding	FAM102A
ENSG00000167107.13	protein_coding	ACSF2
ENSG00000167110.19	protein_coding	GOLGA2
ENSG00000167112.10	protein_coding	TRUB2
ENSG00000167113.11	protein_coding	COQ4
ENSG00000167114.13	protein_coding	SLC27A4
ENSG00000167117.10	protein_coding	ANKRD40CL
ENSG00000167118.11	protein_coding	URM1
ENSG00000167123.20	protein_coding	CERCAM
ENSG00000167130.18	protein_coding	DOLPP1
ENSG00000167131.17	protein_coding	CCDC103
ENSG00000167136.7	protein_coding	ENDOG
ENSG00000167139.9	protein_coding	TBC1D21
ENSG00000167157.11	protein_coding	PRRX2
ENSG00000167165.19	protein_coding	UGT1A6
ENSG00000167173.19	protein_coding	C15orf39
ENSG00000167178.17	protein_coding	ISLR2
ENSG00000167182.16	protein_coding	SP2
ENSG00000167183.3	protein_coding	PRR15L
ENSG00000167186.11	protein_coding	COQ7
ENSG00000167191.12	protein_coding	GPRC5B
ENSG00000167193.8	protein_coding	CRK
ENSG00000167194.8	protein_coding	C16orf92
ENSG00000167195.8	protein_coding	GOLGA6C
ENSG00000167196.14	protein_coding	FBXO22
ENSG00000167202.12	protein_coding	TBC1D2B
ENSG00000167207.15	protein_coding	NOD2
ENSG00000167208.16	protein_coding	SNX20
ENSG00000167210.17	protein_coding	LOXHD1
ENSG00000167216.19	protein_coding	KATNAL2
ENSG00000167220.12	protein_coding	HDHD2
ENSG00000167232.14	protein_coding	ZNF91
ENSG00000167244.22	protein_coding	IGF2
ENSG00000167257.11	protein_coding	RNF214
ENSG00000167258.15	protein_coding	CDK12
ENSG00000167261.14	protein_coding	DPEP2
ENSG00000167264.18	protein_coding	DUS2
ENSG00000167272.11	protein_coding	POP5
ENSG00000167280.17	protein_coding	ENGASE
ENSG00000167281.20	protein_coding	RBFOX3
ENSG00000167283.9	protein_coding	ATP5MG
ENSG00000167286.11	protein_coding	CD3D
ENSG00000167291.16	protein_coding	TBC1D16
ENSG00000167302.11	protein_coding	TEPSIN
ENSG00000167306.21	protein_coding	MYO5B
ENSG00000167311.14	protein_coding	ART5
ENSG00000167315.18	protein_coding	ACAA2
ENSG00000167323.13	protein_coding	STIM1
ENSG00000167325.15	protein_coding	RRM1
ENSG00000167332.9	protein_coding	OR51E2
ENSG00000167333.13	protein_coding	TRIM68
ENSG00000167346.9	protein_coding	MMP26
ENSG00000167355.8	protein_coding	OR51B5
ENSG00000167359.8	protein_coding	OR51I1
ENSG00000167360.6	protein_coding	OR51Q1
ENSG00000167363.14	protein_coding	FN3K
ENSG00000167371.21	protein_coding	PRRT2
ENSG00000167377.19	protein_coding	ZNF23
ENSG00000167378.10	protein_coding	IRGQ
ENSG00000167380.17	protein_coding	ZNF226
ENSG00000167384.11	protein_coding	ZNF180
ENSG00000167393.18	protein_coding	PPP2R3B
ENSG00000167393.18_PAR_Y	protein_coding	PPP2R3B
ENSG00000167394.13	protein_coding	ZNF668
ENSG00000167395.10	protein_coding	ZNF646
ENSG00000167397.15	protein_coding	VKORC1
ENSG00000167414.5	protein_coding	GNG8
ENSG00000167419.11	protein_coding	LPO
ENSG00000167434.10	protein_coding	CA4
ENSG00000167447.13	protein_coding	SMG8
ENSG00000167460.17	protein_coding	TPM4
ENSG00000167461.12	protein_coding	RAB8A
ENSG00000167468.20	protein_coding	GPX4
ENSG00000167470.14	protein_coding	MIDN
ENSG00000167476.10	protein_coding	JSRP1
ENSG00000167483.19	protein_coding	NIBAN3
ENSG00000167487.12	protein_coding	KLHL26
ENSG00000167491.18	protein_coding	GATAD2A
ENSG00000167508.12	protein_coding	MVD
ENSG00000167513.9	protein_coding	CDT1
ENSG00000167515.11	protein_coding	TRAPPC2L
ENSG00000167522.17	protein_coding	ANKRD11
ENSG00000167523.15	protein_coding	SPATA33
ENSG00000167524.17	protein_coding	RSKR
ENSG00000167525.15	protein_coding	PROCA1
ENSG00000167526.14	protein_coding	RPL13
ENSG00000167528.13	protein_coding	ZNF641
ENSG00000167531.6	protein_coding	LALBA
ENSG00000167535.8	protein_coding	CACNB3
ENSG00000167536.14	protein_coding	DHRS13
ENSG00000167543.16	protein_coding	TP53I13
ENSG00000167548.18	protein_coding	KMT2D
ENSG00000167549.19	protein_coding	CORO6
ENSG00000167550.11	protein_coding	RHEBL1
ENSG00000167552.15	protein_coding	TUBA1A
ENSG00000167553.17	protein_coding	TUBA1C
ENSG00000167554.15	protein_coding	ZNF610
ENSG00000167555.14	protein_coding	ZNF528
ENSG00000167562.14	protein_coding	ZNF701
ENSG00000167565.13	protein_coding	SERTAD3
ENSG00000167566.17	protein_coding	NCKAP5L
ENSG00000167578.18	protein_coding	RAB4B
ENSG00000167580.8	protein_coding	AQP2
ENSG00000167588.13	protein_coding	GPD1
ENSG00000167595.16	protein_coding	PROSER3
ENSG00000167600.14	protein_coding	CYP2S1
ENSG00000167601.12	protein_coding	AXL
ENSG00000167604.15	protein_coding	NFKBID
ENSG00000167608.12	protein_coding	TMC4
ENSG00000167612.13	protein_coding	ANKRD33
ENSG00000167613.16	protein_coding	LAIR1
ENSG00000167614.14	protein_coding	TTYH1
ENSG00000167615.17	protein_coding	LENG8
ENSG00000167617.3	protein_coding	CDC42EP5
ENSG00000167618.10	protein_coding	LAIR2
ENSG00000167619.13	protein_coding	TMEM145
ENSG00000167625.11	protein_coding	ZNF526
ENSG00000167632.18	protein_coding	TRAPPC9
ENSG00000167633.18	protein_coding	KIR3DL1
ENSG00000167634.12	protein_coding	NLRP7
ENSG00000167635.12	protein_coding	ZNF146
ENSG00000167637.18	protein_coding	ZNF283
ENSG00000167641.11	protein_coding	PPP1R14A
ENSG00000167642.13	protein_coding	SPINT2
ENSG00000167644.12	protein_coding	C19orf33
ENSG00000167645.17	protein_coding	YIF1B
ENSG00000167646.14	protein_coding	DNAAF3
ENSG00000167653.5	protein_coding	PSCA
ENSG00000167654.18	protein_coding	ATCAY
ENSG00000167656.5	protein_coding	LY6D
ENSG00000167657.14	protein_coding	DAPK3
ENSG00000167658.16	protein_coding	EEF2
ENSG00000167664.9	protein_coding	TMIGD2
ENSG00000167670.16	protein_coding	CHAF1A
ENSG00000167671.12	protein_coding	UBXN6
ENSG00000167674.15	protein_coding	HDGFL2
ENSG00000167676.5	protein_coding	PLIN4
ENSG00000167680.17	protein_coding	SEMA6B
ENSG00000167685.15	protein_coding	ZNF444
ENSG00000167693.17	protein_coding	NXN
ENSG00000167695.15	protein_coding	TLCD3A
ENSG00000167699.14	protein_coding	GLOD4
ENSG00000167700.9	protein_coding	MFSD3
ENSG00000167701.14	protein_coding	GPT
ENSG00000167702.13	protein_coding	KIFC2
ENSG00000167703.15	protein_coding	SLC43A2
ENSG00000167705.12	protein_coding	RILP
ENSG00000167711.14	protein_coding	SERPINF2
ENSG00000167716.19	protein_coding	WDR81
ENSG00000167720.13	protein_coding	SRR
ENSG00000167721.11	protein_coding	TSR1
ENSG00000167723.15	protein_coding	TRPV3
ENSG00000167733.14	protein_coding	HSD11B1L
ENSG00000167740.10	protein_coding	CYB5D2
ENSG00000167741.11	protein_coding	GGT6
ENSG00000167748.11	protein_coding	KLK1
ENSG00000167749.12	protein_coding	KLK4
ENSG00000167751.13	protein_coding	KLK2
ENSG00000167754.13	protein_coding	KLK5
ENSG00000167755.15	protein_coding	KLK6
ENSG00000167757.14	protein_coding	KLK11
ENSG00000167759.13	protein_coding	KLK13
ENSG00000167766.21	protein_coding	ZNF83
ENSG00000167767.14	protein_coding	KRT80
ENSG00000167768.4	protein_coding	KRT1
ENSG00000167769.5	protein_coding	ACER1
ENSG00000167770.13	protein_coding	OTUB1
ENSG00000167771.6	protein_coding	RCOR2
ENSG00000167772.12	protein_coding	ANGPTL4
ENSG00000167774.2	protein_coding	ENSG00000167774
ENSG00000167775.11	protein_coding	CD320
ENSG00000167778.9	protein_coding	SPRYD3
ENSG00000167779.9	protein_coding	IGFBP6
ENSG00000167780.12	protein_coding	SOAT2
ENSG00000167785.9	protein_coding	ZNF558
ENSG00000167791.14	protein_coding	CABP2
ENSG00000167792.13	protein_coding	NDUFV1
ENSG00000167797.8	protein_coding	CDK2AP2
ENSG00000167799.10	protein_coding	NUDT8
ENSG00000167800.10	protein_coding	TBX10
ENSG00000167807.15	protein_coding	ENSG00000167807
ENSG00000167815.12	protein_coding	PRDX2
ENSG00000167822.3	protein_coding	OR8J3
ENSG00000167825.3	protein_coding	OR5I1
ENSG00000167840.14	protein_coding	ZNF232
ENSG00000167842.16	protein_coding	MIS12
ENSG00000167850.4	protein_coding	CD300C
ENSG00000167851.15	protein_coding	CD300A
ENSG00000167858.13	protein_coding	TEKT1
ENSG00000167861.16	protein_coding	HID1
ENSG00000167862.10	protein_coding	MRPL58
ENSG00000167863.12	protein_coding	ATP5PD
ENSG00000167874.7	protein_coding	TMEM88
ENSG00000167880.8	protein_coding	EVPL
ENSG00000167881.15	protein_coding	SRP68
ENSG00000167889.13	protein_coding	MGAT5B
ENSG00000167895.16	protein_coding	TMC8
ENSG00000167900.12	protein_coding	TK1
ENSG00000167904.16	protein_coding	TMEM68
ENSG00000167910.4	protein_coding	CYP7A1
ENSG00000167914.12	protein_coding	GSDMA
ENSG00000167916.5	protein_coding	KRT24
ENSG00000167925.16	protein_coding	GHDC
ENSG00000167930.17	protein_coding	FAM234A
ENSG00000167941.3	protein_coding	SOST
ENSG00000167962.15	protein_coding	ZNF598
ENSG00000167964.13	protein_coding	RAB26
ENSG00000167965.18	protein_coding	MLST8
ENSG00000167967.16	protein_coding	E4F1
ENSG00000167968.13	protein_coding	DNASE1L2
ENSG00000167969.13	protein_coding	ECI1
ENSG00000167971.16	protein_coding	CASKIN1
ENSG00000167972.14	protein_coding	ABCA3
ENSG00000167977.9	protein_coding	KCTD5
ENSG00000167978.18	protein_coding	SRRM2
ENSG00000167981.7	protein_coding	ZNF597
ENSG00000167984.18	protein_coding	NLRC3
ENSG00000167985.7	protein_coding	SDHAF2
ENSG00000167986.15	protein_coding	DDB1
ENSG00000167987.11	protein_coding	VPS37C
ENSG00000167992.14	protein_coding	VWCE
ENSG00000167994.13	protein_coding	RAB3IL1
ENSG00000167995.17	protein_coding	BEST1
ENSG00000167996.16	protein_coding	FTH1
ENSG00000168000.16	protein_coding	BSCL2
ENSG00000168002.12	protein_coding	POLR2G
ENSG00000168003.19	protein_coding	SLC3A2
ENSG00000168004.10	protein_coding	PLAAT5
ENSG00000168005.9	protein_coding	SPINDOC
ENSG00000168010.11	protein_coding	ATG16L2
ENSG00000168014.18	protein_coding	C2CD3
ENSG00000168016.15	protein_coding	TRANK1
ENSG00000168026.19	protein_coding	TTC21A
ENSG00000168028.15	protein_coding	RPSA
ENSG00000168032.10	protein_coding	ENTPD3
ENSG00000168036.18	protein_coding	CTNNB1
ENSG00000168038.11	protein_coding	ULK4
ENSG00000168040.5	protein_coding	FADD
ENSG00000168056.18	protein_coding	LTBP3
ENSG00000168060.16	protein_coding	NAALADL1
ENSG00000168061.17	protein_coding	SAC3D1
ENSG00000168062.10	protein_coding	BATF2
ENSG00000168065.16	protein_coding	SLC22A11
ENSG00000168066.22	protein_coding	SF1
ENSG00000168067.12	protein_coding	MAP4K2
ENSG00000168070.12	protein_coding	MAJIN
ENSG00000168071.22	protein_coding	CCDC88B
ENSG00000168077.14	protein_coding	SCARA3
ENSG00000168078.10	protein_coding	PBK
ENSG00000168079.17	protein_coding	SCARA5
ENSG00000168081.9	protein_coding	PNOC
ENSG00000168090.10	protein_coding	COPS6
ENSG00000168092.14	protein_coding	PAFAH1B2
ENSG00000168096.15	protein_coding	ANKS3
ENSG00000168101.15	protein_coding	NUDT16L1
ENSG00000168116.14	protein_coding	KIAA1586
ENSG00000168118.12	protein_coding	RAB4A
ENSG00000168124.3	protein_coding	OR1F1
ENSG00000168131.4	protein_coding	OR2B2
ENSG00000168135.4	protein_coding	KCNJ4
ENSG00000168137.20	protein_coding	SETD5
ENSG00000168140.5	protein_coding	VASN
ENSG00000168143.9	protein_coding	FAM83B
ENSG00000168148.4	protein_coding	H3-4
ENSG00000168152.13	protein_coding	THAP9
ENSG00000168158.4	protein_coding	OR2C1
ENSG00000168159.15	protein_coding	RNF187
ENSG00000168172.9	protein_coding	HOOK3
ENSG00000168175.15	protein_coding	MAPK1IP1L
ENSG00000168209.6	protein_coding	DDIT4
ENSG00000168214.22	protein_coding	RBPJ
ENSG00000168216.13	protein_coding	LMBRD1
ENSG00000168228.16	protein_coding	ZCCHC4
ENSG00000168229.4	protein_coding	PTGDR
ENSG00000168234.13	protein_coding	TTC39C
ENSG00000168237.18	protein_coding	GLYCTK
ENSG00000168243.11	protein_coding	GNG4
ENSG00000168246.6	protein_coding	UBTD2
ENSG00000168255.20	protein_coding	POLR2J3
ENSG00000168256.18	protein_coding	NKIRAS2
ENSG00000168259.17	protein_coding	DNAJC7
ENSG00000168263.9	protein_coding	KCNV2
ENSG00000168264.11	protein_coding	IRF2BP2
ENSG00000168267.7	protein_coding	PTF1A
ENSG00000168268.11	protein_coding	NT5DC2
ENSG00000168269.10	protein_coding	FOXI1
ENSG00000168273.8	protein_coding	SMIM4
ENSG00000168275.16	protein_coding	COA6
ENSG00000168280.18	protein_coding	KIF5C
ENSG00000168282.6	protein_coding	MGAT2
ENSG00000168283.14	protein_coding	BMI1
ENSG00000168286.3	protein_coding	THAP11
ENSG00000168288.13	protein_coding	MMADHC
ENSG00000168291.13	protein_coding	PDHB
ENSG00000168297.16	protein_coding	PXK
ENSG00000168298.7	protein_coding	H1-4
ENSG00000168300.14	protein_coding	PCMTD1
ENSG00000168301.13	protein_coding	KCTD6
ENSG00000168303.9	protein_coding	MPLKIP
ENSG00000168306.13	protein_coding	ACOX2
ENSG00000168309.18	protein_coding	FAM107A
ENSG00000168310.12	protein_coding	IRF2
ENSG00000168314.19	protein_coding	MOBP
ENSG00000168329.14	protein_coding	CX3CR1
ENSG00000168333.14	protein_coding	PPDPFL
ENSG00000168334.9	protein_coding	XIRP1
ENSG00000168348.4	protein_coding	INSM2
ENSG00000168350.8	protein_coding	DEGS2
ENSG00000168356.13	protein_coding	SCN11A
ENSG00000168374.11	protein_coding	ARF4
ENSG00000168385.18	protein_coding	SEPTIN2
ENSG00000168386.19	protein_coding	FILIP1L
ENSG00000168389.18	protein_coding	MFSD2A
ENSG00000168393.13	protein_coding	DTYMK
ENSG00000168394.13	protein_coding	TAP1
ENSG00000168395.16	protein_coding	ING5
ENSG00000168397.17	protein_coding	ATG4B
ENSG00000168398.7	protein_coding	BDKRB2
ENSG00000168404.13	protein_coding	MLKL
ENSG00000168411.14	protein_coding	RFWD3
ENSG00000168412.7	protein_coding	MTNR1A
ENSG00000168418.8	protein_coding	KCNG4
ENSG00000168421.14	protein_coding	RHOH
ENSG00000168427.9	protein_coding	KLHL30
ENSG00000168434.13	protein_coding	COG7
ENSG00000168438.15	protein_coding	CDC40
ENSG00000168439.17	protein_coding	STIP1
ENSG00000168447.11	protein_coding	SCNN1B
ENSG00000168453.16	protein_coding	HR
ENSG00000168454.13	protein_coding	TXNDC2
ENSG00000168461.13	protein_coding	RAB31
ENSG00000168476.12	protein_coding	REEP4
ENSG00000168477.20	protein_coding	TNXB
ENSG00000168481.9	protein_coding	LGI3
ENSG00000168484.13	protein_coding	SFTPC
ENSG00000168487.20	protein_coding	BMP1
ENSG00000168488.19	protein_coding	ATXN2L
ENSG00000168490.14	protein_coding	PHYHIP
ENSG00000168491.10	protein_coding	CCDC110
ENSG00000168495.13	protein_coding	POLR3D
ENSG00000168496.4	protein_coding	FEN1
ENSG00000168497.5	protein_coding	CAVIN2
ENSG00000168502.18	protein_coding	MTCL1
ENSG00000168505.7	protein_coding	GBX2
ENSG00000168509.20	protein_coding	HJV
ENSG00000168515.3	protein_coding	SCGB1D1
ENSG00000168517.11	protein_coding	HEXIM2
ENSG00000168522.13	protein_coding	FNTA
ENSG00000168528.12	protein_coding	SERINC2
ENSG00000168530.16	protein_coding	MYL1
ENSG00000168538.16	protein_coding	TRAPPC11
ENSG00000168539.4	protein_coding	CHRM1
ENSG00000168542.16	protein_coding	COL3A1
ENSG00000168546.11	protein_coding	GFRA2
ENSG00000168556.7	protein_coding	ING2
ENSG00000168564.6	protein_coding	CDKN2AIP
ENSG00000168566.13	protein_coding	SNRNP48
ENSG00000168569.8	protein_coding	TMEM223
ENSG00000168575.10	protein_coding	SLC20A2
ENSG00000168582.5	protein_coding	CRYGA
ENSG00000168589.15	protein_coding	DYNLRB2
ENSG00000168591.16	protein_coding	TMUB2
ENSG00000168594.15	protein_coding	ADAM29
ENSG00000168610.16	protein_coding	STAT3
ENSG00000168612.5	protein_coding	ZSWIM1
ENSG00000168615.13	protein_coding	ADAM9
ENSG00000168619.16	protein_coding	ADAM18
ENSG00000168621.15	protein_coding	GDNF
ENSG00000168631.13	protein_coding	MUCL3
ENSG00000168634.5	protein_coding	WFDC13
ENSG00000168646.14	protein_coding	AXIN2
ENSG00000168653.11	protein_coding	NDUFS5
ENSG00000168658.19	protein_coding	VWA3B
ENSG00000168661.15	protein_coding	ZNF30
ENSG00000168671.10	protein_coding	UGT3A2
ENSG00000168672.4	protein_coding	LRATD2
ENSG00000168675.19	protein_coding	LDLRAD4
ENSG00000168676.11	protein_coding	KCTD19
ENSG00000168679.18	protein_coding	SLC16A4
ENSG00000168685.15	protein_coding	IL7R
ENSG00000168701.19	protein_coding	TMEM208
ENSG00000168702.18	protein_coding	LRP1B
ENSG00000168703.5	protein_coding	WFDC12
ENSG00000168710.18	protein_coding	AHCYL1
ENSG00000168724.18	protein_coding	DNAJC21
ENSG00000168734.14	protein_coding	PKIG
ENSG00000168743.13	protein_coding	NPNT
ENSG00000168748.14	protein_coding	CA7
ENSG00000168754.15	protein_coding	FAM178B
ENSG00000168757.13	protein_coding	TSPY2
ENSG00000168758.11	protein_coding	SEMA4C
ENSG00000168763.16	protein_coding	CNNM3
ENSG00000168765.19	protein_coding	GSTM4
ENSG00000168769.14	protein_coding	TET2
ENSG00000168772.12	protein_coding	CXXC4
ENSG00000168778.13	protein_coding	TCTN2
ENSG00000168779.21	protein_coding	SHOX2
ENSG00000168781.24	protein_coding	PPIP5K1
ENSG00000168785.8	protein_coding	TSPAN5
ENSG00000168792.5	protein_coding	ABHD15
ENSG00000168795.5	protein_coding	ZBTB5
ENSG00000168802.14	protein_coding	CHTF8
ENSG00000168803.16	protein_coding	ADAL
ENSG00000168806.8	protein_coding	LCMT2
ENSG00000168807.17	protein_coding	SNTB2
ENSG00000168811.8	protein_coding	IL12A
ENSG00000168813.17	protein_coding	ZNF507
ENSG00000168818.10	protein_coding	STX18
ENSG00000168824.15	protein_coding	NSG1
ENSG00000168826.16	protein_coding	ZBTB49
ENSG00000168827.15	protein_coding	GFM1
ENSG00000168828.6	protein_coding	OR13J1
ENSG00000168830.8	protein_coding	HTR1E
ENSG00000168843.14	protein_coding	FSTL5
ENSG00000168872.17	protein_coding	DDX19A
ENSG00000168874.13	protein_coding	ATOH8
ENSG00000168875.3	protein_coding	SOX14
ENSG00000168876.9	protein_coding	ANKRD49
ENSG00000168878.19	protein_coding	SFTPB
ENSG00000168883.20	protein_coding	USP39
ENSG00000168884.15	protein_coding	TNIP2
ENSG00000168887.11	protein_coding	C2orf68
ENSG00000168890.14	protein_coding	TMEM150A
ENSG00000168894.10	protein_coding	RNF181
ENSG00000168899.5	protein_coding	VAMP5
ENSG00000168903.9	protein_coding	BTNL3
ENSG00000168904.15	protein_coding	LRRC28
ENSG00000168906.13	protein_coding	MAT2A
ENSG00000168907.13	protein_coding	PLA2G4F
ENSG00000168913.7	protein_coding	ENHO
ENSG00000168916.16	protein_coding	ZNF608
ENSG00000168917.9	protein_coding	SLC35G2
ENSG00000168918.14	protein_coding	INPP5D
ENSG00000168924.15	protein_coding	LETM1
ENSG00000168925.12	protein_coding	CTRB1
ENSG00000168928.13	protein_coding	CTRB2
ENSG00000168930.13	protein_coding	TRIM49
ENSG00000168936.11	protein_coding	TMEM129
ENSG00000168938.6	protein_coding	PPIC
ENSG00000168939.13	protein_coding	SPRY3
ENSG00000168944.17	protein_coding	CEP120
ENSG00000168952.16	protein_coding	STXBP6
ENSG00000168955.4	protein_coding	TM4SF20
ENSG00000168958.21	protein_coding	MFF
ENSG00000168959.15	protein_coding	GRM5
ENSG00000168961.17	protein_coding	LGALS9
ENSG00000168970.22	protein_coding	JMJD7-PLA2G4B
ENSG00000168993.15	protein_coding	CPLX1
ENSG00000168994.14	protein_coding	PXDC1
ENSG00000168995.13	protein_coding	SIGLEC7
ENSG00000169006.7	protein_coding	NTSR2
ENSG00000169016.17	protein_coding	E2F6
ENSG00000169018.6	protein_coding	FEM1B
ENSG00000169019.11	protein_coding	COMMD8
ENSG00000169020.10	protein_coding	ATP5ME
ENSG00000169021.6	protein_coding	UQCRFS1
ENSG00000169026.13	protein_coding	SLC49A3
ENSG00000169031.21	protein_coding	COL4A3
ENSG00000169032.11	protein_coding	MAP2K1
ENSG00000169035.12	protein_coding	KLK7
ENSG00000169045.18	protein_coding	HNRNPH1
ENSG00000169047.6	protein_coding	IRS1
ENSG00000169057.25	protein_coding	MECP2
ENSG00000169059.13	protein_coding	VCX3A
ENSG00000169062.15	protein_coding	UPF3A
ENSG00000169064.13	protein_coding	ZBBX
ENSG00000169067.4	protein_coding	ACTBL2
ENSG00000169071.15	protein_coding	ROR2
ENSG00000169083.18	protein_coding	AR
ENSG00000169084.15	protein_coding	DHRSX
ENSG00000169084.15_PAR_Y	protein_coding	DHRSX
ENSG00000169085.14	protein_coding	VXN
ENSG00000169087.11	protein_coding	HSPBAP1
ENSG00000169093.16	protein_coding	ASMTL
ENSG00000169093.16_PAR_Y	protein_coding	ASMTL
ENSG00000169100.14	protein_coding	SLC25A6
ENSG00000169100.14_PAR_Y	protein_coding	SLC25A6
ENSG00000169105.8	protein_coding	CHST14
ENSG00000169116.11	protein_coding	PARM1
ENSG00000169118.18	protein_coding	CSNK1G1
ENSG00000169122.12	protein_coding	FAM110B
ENSG00000169126.16	protein_coding	ODAD2
ENSG00000169129.16	protein_coding	AFAP1L2
ENSG00000169131.13	protein_coding	ZNF354A
ENSG00000169136.13	protein_coding	ATF5
ENSG00000169139.12	protein_coding	UBE2V2
ENSG00000169154.7	protein_coding	GOT1L1
ENSG00000169155.10	protein_coding	ZBTB43
ENSG00000169169.15	protein_coding	CPT1C
ENSG00000169174.11	protein_coding	PCSK9
ENSG00000169180.12	protein_coding	XPO6
ENSG00000169181.13	protein_coding	GSG1L
ENSG00000169184.7	protein_coding	MN1
ENSG00000169188.5	protein_coding	APEX2
ENSG00000169189.17	protein_coding	NSMCE1
ENSG00000169193.12	protein_coding	CCDC126
ENSG00000169194.10	protein_coding	IL13
ENSG00000169203.18	protein_coding	NPIPB12
ENSG00000169208.3	protein_coding	OR10G3
ENSG00000169213.7	protein_coding	RAB3B
ENSG00000169214.5	protein_coding	OR6F1
ENSG00000169217.9	protein_coding	CD2BP2
ENSG00000169218.14	protein_coding	RSPO1
ENSG00000169220.18	protein_coding	RGS14
ENSG00000169221.14	protein_coding	TBC1D10B
ENSG00000169223.16	protein_coding	LMAN2
ENSG00000169224.13	protein_coding	GCSAML
ENSG00000169228.14	protein_coding	RAB24
ENSG00000169230.10	protein_coding	PRELID1
ENSG00000169231.13	protein_coding	THBS3
ENSG00000169239.13	protein_coding	CA5B
ENSG00000169241.19	protein_coding	SLC50A1
ENSG00000169242.12	protein_coding	EFNA1
ENSG00000169245.6	protein_coding	CXCL10
ENSG00000169246.17	protein_coding	NPIPB3
ENSG00000169247.14	protein_coding	SH3TC2
ENSG00000169248.13	protein_coding	CXCL11
ENSG00000169249.14	protein_coding	ZRSR2
ENSG00000169251.13	protein_coding	NMD3
ENSG00000169252.6	protein_coding	ADRB2
ENSG00000169255.15	protein_coding	B3GALNT1
ENSG00000169258.7	protein_coding	GPRIN1
ENSG00000169271.3	protein_coding	HSPB3
ENSG00000169282.18	protein_coding	KCNAB1
ENSG00000169288.18	protein_coding	MRPL1
ENSG00000169291.10	protein_coding	SHE
ENSG00000169297.8	protein_coding	NR0B1
ENSG00000169299.14	protein_coding	PGM2
ENSG00000169302.16	protein_coding	STK32A
ENSG00000169306.10	protein_coding	IL1RAPL1
ENSG00000169313.10	protein_coding	P2RY12
ENSG00000169314.15	protein_coding	C22orf15
ENSG00000169327.5	protein_coding	OR5AU1
ENSG00000169330.9	protein_coding	MINAR1
ENSG00000169340.10	protein_coding	PDILT
ENSG00000169344.16	protein_coding	UMOD
ENSG00000169347.17	protein_coding	GP2
ENSG00000169359.16	protein_coding	SLC33A1
ENSG00000169371.14	protein_coding	SNUPN
ENSG00000169372.13	protein_coding	CRADD
ENSG00000169375.17	protein_coding	SIN3A
ENSG00000169379.17	protein_coding	ARL13B
ENSG00000169385.3	protein_coding	RNASE2
ENSG00000169393.10	protein_coding	ELSPBP1
ENSG00000169397.4	protein_coding	RNASE3
ENSG00000169398.20	protein_coding	PTK2
ENSG00000169402.16	protein_coding	RSPH10B2
ENSG00000169403.12	protein_coding	PTAFR
ENSG00000169410.11	protein_coding	PTPN9
ENSG00000169413.3	protein_coding	RNASE6
ENSG00000169418.10	protein_coding	NPR1
ENSG00000169427.8	protein_coding	KCNK9
ENSG00000169429.12	protein_coding	CXCL8
ENSG00000169432.19	protein_coding	SCN9A
ENSG00000169435.14	protein_coding	RASSF6
ENSG00000169436.17	protein_coding	COL22A1
ENSG00000169439.12	protein_coding	SDC2
ENSG00000169442.9	protein_coding	CD52
ENSG00000169446.6	protein_coding	MMGT1
ENSG00000169469.9	protein_coding	SPRR1B
ENSG00000169474.5	protein_coding	SPRR1A
ENSG00000169484.4	protein_coding	OR4K14
ENSG00000169488.7	protein_coding	OR4K15
ENSG00000169490.17	protein_coding	TM2D2
ENSG00000169495.5	protein_coding	HTRA4
ENSG00000169499.15	protein_coding	PLEKHA2
ENSG00000169504.15	protein_coding	CLIC4
ENSG00000169507.10	protein_coding	SLC38A11
ENSG00000169508.7	protein_coding	GPR183
ENSG00000169509.6	protein_coding	CRCT1
ENSG00000169515.9	protein_coding	CCDC8
ENSG00000169519.21	protein_coding	METTL15
ENSG00000169548.3	protein_coding	ZNF280A
ENSG00000169550.14	protein_coding	MUC15
ENSG00000169551.13	protein_coding	CT55
ENSG00000169554.23	protein_coding	ZEB2
ENSG00000169562.13	protein_coding	GJB1
ENSG00000169564.7	protein_coding	PCBP1
ENSG00000169567.13	protein_coding	HINT1
ENSG00000169570.10	protein_coding	DTWD2
ENSG00000169575.5	protein_coding	VPREB1
ENSG00000169583.13	protein_coding	CLIC3
ENSG00000169592.15	protein_coding	INO80E
ENSG00000169594.14	protein_coding	BNC1
ENSG00000169598.17	protein_coding	DFFB
ENSG00000169599.13	protein_coding	NFU1
ENSG00000169604.21	protein_coding	ANTXR1
ENSG00000169605.7	protein_coding	GKN1
ENSG00000169607.13	protein_coding	CKAP2L
ENSG00000169609.14	protein_coding	C15orf40
ENSG00000169612.4	protein_coding	RAMAC
ENSG00000169618.7	protein_coding	PROKR1
ENSG00000169621.11	protein_coding	APLF
ENSG00000169627.9	protein_coding	BOLA2B
ENSG00000169629.12	protein_coding	RGPD8
ENSG00000169635.10	protein_coding	HIC2
ENSG00000169641.15	protein_coding	LUZP1
ENSG00000169660.17	protein_coding	HEXD
ENSG00000169676.6	protein_coding	DRD5
ENSG00000169679.15	protein_coding	BUB1
ENSG00000169682.18	protein_coding	SPNS1
ENSG00000169683.8	protein_coding	LRRC45
ENSG00000169684.13	protein_coding	CHRNA5
ENSG00000169688.11	protein_coding	MT1B
ENSG00000169689.15	protein_coding	CENPX
ENSG00000169692.13	protein_coding	AGPAT2
ENSG00000169696.16	protein_coding	ASPSCR1
ENSG00000169704.5	protein_coding	GP9
ENSG00000169710.9	protein_coding	FASN
ENSG00000169714.17	protein_coding	CNBP
ENSG00000169715.15	protein_coding	MT1E
ENSG00000169717.7	protein_coding	ACTRT2
ENSG00000169718.18	protein_coding	DUS1L
ENSG00000169727.14	protein_coding	GPS1
ENSG00000169733.12	protein_coding	RFNG
ENSG00000169738.8	protein_coding	DCXR
ENSG00000169740.14	protein_coding	ZNF32
ENSG00000169744.13	protein_coding	LDB2
ENSG00000169750.9	protein_coding	RAC3
ENSG00000169752.17	protein_coding	NRG4
ENSG00000169756.17	protein_coding	LIMS1
ENSG00000169758.13	protein_coding	TMEM266
ENSG00000169760.18	protein_coding	NLGN1
ENSG00000169762.17	protein_coding	TAPT1
ENSG00000169764.16	protein_coding	UGP2
ENSG00000169777.7	protein_coding	TAS2R1
ENSG00000169783.13	protein_coding	LINGO1
ENSG00000169789.10	protein_coding	PRY
ENSG00000169800.14	protein_coding	RBMY1F
ENSG00000169807.10	protein_coding	PRY2
ENSG00000169813.17	protein_coding	HNRNPF
ENSG00000169814.17	protein_coding	BTD
ENSG00000169826.8	protein_coding	CSGALNACT2
ENSG00000169836.5	protein_coding	TACR3
ENSG00000169840.5	protein_coding	GSX1
ENSG00000169851.16	protein_coding	PCDH7
ENSG00000169855.21	protein_coding	ROBO1
ENSG00000169856.9	protein_coding	ONECUT1
ENSG00000169857.9	protein_coding	AVEN
ENSG00000169860.7	protein_coding	P2RY1
ENSG00000169862.21	protein_coding	CTNND2
ENSG00000169871.13	protein_coding	TRIM56
ENSG00000169876.14	protein_coding	MUC17
ENSG00000169877.10	protein_coding	AHSP
ENSG00000169884.14	protein_coding	WNT10B
ENSG00000169885.10	protein_coding	CALML6
ENSG00000169891.18	protein_coding	REPS2
ENSG00000169894.18	protein_coding	MUC3A
ENSG00000169895.6	protein_coding	SYAP1
ENSG00000169896.18	protein_coding	ITGAM
ENSG00000169900.8	protein_coding	PYDC1
ENSG00000169902.15	protein_coding	TPST1
ENSG00000169903.7	protein_coding	TM4SF4
ENSG00000169905.13	protein_coding	TOR1AIP2
ENSG00000169906.5	protein_coding	S100G
ENSG00000169908.12	protein_coding	TM4SF1
ENSG00000169914.6	protein_coding	OTUD3
ENSG00000169918.10	protein_coding	OTUD7A
ENSG00000169919.17	protein_coding	GUSB
ENSG00000169925.17	protein_coding	BRD3
ENSG00000169926.11	protein_coding	KLF13
ENSG00000169933.17	protein_coding	FRMPD4
ENSG00000169946.14	protein_coding	ZFPM2
ENSG00000169951.10	protein_coding	ZNF764
ENSG00000169953.12	protein_coding	HSFY2
ENSG00000169955.8	protein_coding	ZNF747
ENSG00000169957.10	protein_coding	ZNF768
ENSG00000169962.5	protein_coding	TAS1R3
ENSG00000169964.8	protein_coding	TMEM42
ENSG00000169967.17	protein_coding	MAP3K2
ENSG00000169972.13	protein_coding	PUSL1
ENSG00000169976.7	protein_coding	SF3B5
ENSG00000169981.11	protein_coding	ZNF35
ENSG00000169989.3	protein_coding	TIGD4
ENSG00000169991.11	protein_coding	IFFO2
ENSG00000169992.10	protein_coding	NLGN2
ENSG00000169994.20	protein_coding	MYO7B
ENSG00000170004.19	protein_coding	CHD3
ENSG00000170006.13	protein_coding	TMEM154
ENSG00000170011.14	protein_coding	MYRIP
ENSG00000170017.12	protein_coding	ALCAM
ENSG00000170027.7	protein_coding	YWHAG
ENSG00000170035.16	protein_coding	UBE2E3
ENSG00000170037.14	protein_coding	CNTROB
ENSG00000170043.12	protein_coding	TRAPPC1
ENSG00000170044.9	protein_coding	ZPLD1
ENSG00000170049.10	protein_coding	KCNAB3
ENSG00000170054.16	protein_coding	SERPINA9
ENSG00000170074.20	protein_coding	FAM153A
ENSG00000170075.10	protein_coding	GPR37L1
ENSG00000170085.18	protein_coding	SIMC1
ENSG00000170088.14	protein_coding	TMEM192
ENSG00000170091.11	protein_coding	NSG2
ENSG00000170092.15	protein_coding	SPDYE5
ENSG00000170099.6	protein_coding	SERPINA6
ENSG00000170100.14	protein_coding	ZNF778
ENSG00000170113.16	protein_coding	NIPA1
ENSG00000170122.6	protein_coding	FOXD4
ENSG00000170128.5	protein_coding	GPR25
ENSG00000170142.12	protein_coding	UBE2E1
ENSG00000170144.22	protein_coding	HNRNPA3
ENSG00000170145.5	protein_coding	SIK2
ENSG00000170153.11	protein_coding	RNF150
ENSG00000170160.19	protein_coding	CCDC144A
ENSG00000170162.14	protein_coding	VGLL2
ENSG00000170166.6	protein_coding	HOXD4
ENSG00000170175.11	protein_coding	CHRNB1
ENSG00000170178.7	protein_coding	HOXD12
ENSG00000170180.22	protein_coding	GYPA
ENSG00000170185.11	protein_coding	USP38
ENSG00000170190.16	protein_coding	SLC16A5
ENSG00000170191.5	protein_coding	NANP
ENSG00000170209.5	protein_coding	ANKK1
ENSG00000170214.5	protein_coding	ADRA1B
ENSG00000170222.12	protein_coding	ADPRM
ENSG00000170231.16	protein_coding	FABP6
ENSG00000170234.13	protein_coding	PWWP2A
ENSG00000170236.16	protein_coding	USP50
ENSG00000170242.19	protein_coding	USP47
ENSG00000170248.15	protein_coding	PDCD6IP
ENSG00000170255.8	protein_coding	MRGPRX1
ENSG00000170260.9	protein_coding	ZNF212
ENSG00000170262.13	protein_coding	MRAP
ENSG00000170264.13	protein_coding	FAM161A
ENSG00000170265.12	protein_coding	ZNF282
ENSG00000170266.16	protein_coding	GLB1
ENSG00000170270.5	protein_coding	GON7
ENSG00000170271.11	protein_coding	FAXDC2
ENSG00000170275.15	protein_coding	CRTAP
ENSG00000170276.6	protein_coding	HSPB2
ENSG00000170279.3	protein_coding	C7orf33
ENSG00000170289.13	protein_coding	CNGB3
ENSG00000170290.4	protein_coding	SLN
ENSG00000170291.16	protein_coding	ELP5
ENSG00000170293.9	protein_coding	CMTM8
ENSG00000170296.10	protein_coding	GABARAP
ENSG00000170298.16	protein_coding	LGALS9B
ENSG00000170310.15	protein_coding	STX8
ENSG00000170312.17	protein_coding	CDK1
ENSG00000170315.14	protein_coding	UBB
ENSG00000170322.15	protein_coding	NFRKB
ENSG00000170323.9	protein_coding	FABP4
ENSG00000170324.21	protein_coding	FRMPD2
ENSG00000170325.16	protein_coding	PRDM10
ENSG00000170340.11	protein_coding	B3GNT2
ENSG00000170345.10	protein_coding	FOS
ENSG00000170348.9	protein_coding	TMED10
ENSG00000170364.13	protein_coding	SETMAR
ENSG00000170365.10	protein_coding	SMAD1
ENSG00000170367.5	protein_coding	CST5
ENSG00000170369.4	protein_coding	CST2
ENSG00000170370.12	protein_coding	EMX2
ENSG00000170373.9	protein_coding	CST1
ENSG00000170374.6	protein_coding	SP7
ENSG00000170379.21	protein_coding	TCAF2
ENSG00000170381.15	protein_coding	SEMA3E
ENSG00000170382.12	protein_coding	LRRN2
ENSG00000170385.10	protein_coding	SLC30A1
ENSG00000170390.16	protein_coding	DCLK2
ENSG00000170396.9	protein_coding	ZNF804A
ENSG00000170412.18	protein_coding	GPRC5C
ENSG00000170417.16	protein_coding	TMEM182
ENSG00000170419.11	protein_coding	VSTM2A
ENSG00000170421.13	protein_coding	KRT8
ENSG00000170423.13	protein_coding	KRT78
ENSG00000170425.4	protein_coding	ADORA2B
ENSG00000170426.2	protein_coding	SDR9C7
ENSG00000170430.10	protein_coding	MGMT
ENSG00000170439.8	protein_coding	METTL7B
ENSG00000170442.12	protein_coding	KRT86
ENSG00000170445.16	protein_coding	HARS1
ENSG00000170448.12	protein_coding	NFXL1
ENSG00000170454.6	protein_coding	KRT75
ENSG00000170456.16	protein_coding	DENND5B
ENSG00000170458.15	protein_coding	CD14
ENSG00000170464.10	protein_coding	DNAJC18
ENSG00000170465.10	protein_coding	KRT6C
ENSG00000170468.8	protein_coding	RIOX1
ENSG00000170469.11	protein_coding	SPATA24
ENSG00000170471.15	protein_coding	RALGAPB
ENSG00000170473.17	protein_coding	PYM1
ENSG00000170476.16	protein_coding	MZB1
ENSG00000170477.13	protein_coding	KRT4
ENSG00000170482.17	protein_coding	SLC23A1
ENSG00000170484.10	protein_coding	KRT74
ENSG00000170485.17	protein_coding	NPAS2
ENSG00000170486.11	protein_coding	KRT72
ENSG00000170498.10	protein_coding	KISS1
ENSG00000170500.13	protein_coding	LONRF2
ENSG00000170502.13	protein_coding	NUDT9
ENSG00000170509.12	protein_coding	HSD17B13
ENSG00000170515.14	protein_coding	PA2G4
ENSG00000170516.17	protein_coding	COX7B2
ENSG00000170522.10	protein_coding	ELOVL6
ENSG00000170523.3	protein_coding	KRT83
ENSG00000170525.21	protein_coding	PFKFB3
ENSG00000170537.13	protein_coding	TMC7
ENSG00000170540.15	protein_coding	ARL6IP1
ENSG00000170542.6	protein_coding	SERPINB9
ENSG00000170545.17	protein_coding	SMAGP
ENSG00000170549.4	protein_coding	IRX1
ENSG00000170558.10	protein_coding	CDH2
ENSG00000170561.13	protein_coding	IRX2
ENSG00000170571.12	protein_coding	EMB
ENSG00000170577.8	protein_coding	SIX2
ENSG00000170579.18	protein_coding	DLGAP1
ENSG00000170581.15	protein_coding	STAT2
ENSG00000170584.11	protein_coding	NUDCD2
ENSG00000170604.5	protein_coding	IRF2BP1
ENSG00000170605.7	protein_coding	OR9K2
ENSG00000170606.16	protein_coding	HSPA4
ENSG00000170608.3	protein_coding	FOXA3
ENSG00000170613.4	protein_coding	GARIN3
ENSG00000170615.15	protein_coding	SLC26A5
ENSG00000170619.10	protein_coding	COMMD5
ENSG00000170624.14	protein_coding	SGCD
ENSG00000170627.11	protein_coding	GTSF1
ENSG00000170631.15	protein_coding	ZNF16
ENSG00000170632.14	protein_coding	ARMC10
ENSG00000170633.17	protein_coding	RNF34
ENSG00000170634.13	protein_coding	ACYP2
ENSG00000170638.10	protein_coding	TRABD
ENSG00000170653.19	protein_coding	ATF7
ENSG00000170667.16	protein_coding	RASA4B
ENSG00000170677.6	protein_coding	SOCS6
ENSG00000170681.7	protein_coding	CAVIN4
ENSG00000170683.7	protein_coding	OR10A3
ENSG00000170684.10	protein_coding	ZNF296
ENSG00000170689.10	protein_coding	HOXB9
ENSG00000170703.16	protein_coding	TTLL6
ENSG00000170734.12	protein_coding	POLH
ENSG00000170743.17	protein_coding	SYT9
ENSG00000170745.12	protein_coding	KCNS3
ENSG00000170748.7	protein_coding	RBMXL2
ENSG00000170759.11	protein_coding	KIF5B
ENSG00000170775.3	protein_coding	GPR37
ENSG00000170776.22	protein_coding	AKAP13
ENSG00000170777.11	protein_coding	TPD52L3
ENSG00000170779.11	protein_coding	CDCA4
ENSG00000170782.3	protein_coding	OR10A4
ENSG00000170786.13	protein_coding	SDR16C5
ENSG00000170788.14	protein_coding	DYDC1
ENSG00000170790.6	protein_coding	OR10A2
ENSG00000170791.18	protein_coding	CHCHD7
ENSG00000170801.10	protein_coding	HTRA3
ENSG00000170802.17	protein_coding	FOXN2
ENSG00000170807.12	protein_coding	LMOD2
ENSG00000170819.5	protein_coding	BFSP2
ENSG00000170820.12	protein_coding	FSHR
ENSG00000170832.13	protein_coding	USP32
ENSG00000170835.17	protein_coding	CEL
ENSG00000170836.13	protein_coding	PPM1D
ENSG00000170837.3	protein_coding	GPR27
ENSG00000170846.17	protein_coding	ENSG00000170846
ENSG00000170848.16	protein_coding	PSG6
ENSG00000170852.12	protein_coding	KBTBD2
ENSG00000170854.18	protein_coding	RIOX2
ENSG00000170855.4	protein_coding	TRIAP1
ENSG00000170860.4	protein_coding	LSM3
ENSG00000170871.12	protein_coding	KIAA0232
ENSG00000170873.19	protein_coding	MTSS1
ENSG00000170876.8	protein_coding	TMEM43
ENSG00000170881.5	protein_coding	RNF139
ENSG00000170889.14	protein_coding	RPS9
ENSG00000170890.14	protein_coding	PLA2G1B
ENSG00000170891.11	protein_coding	CYTL1
ENSG00000170892.13	protein_coding	TSEN34
ENSG00000170893.4	protein_coding	TRH
ENSG00000170899.11	protein_coding	GSTA4
ENSG00000170903.12	protein_coding	MSANTD4
ENSG00000170906.16	protein_coding	NDUFA3
ENSG00000170909.14	protein_coding	OSCAR
ENSG00000170915.9	protein_coding	PAQR8
ENSG00000170917.14	protein_coding	NUDT6
ENSG00000170920.2	protein_coding	OR7G3
ENSG00000170921.16	protein_coding	TANC2
ENSG00000170923.4	protein_coding	OR7G2
ENSG00000170925.3	protein_coding	TEX13B
ENSG00000170927.15	protein_coding	PKHD1
ENSG00000170929.6	protein_coding	OR1M1
ENSG00000170935.8	protein_coding	NCBP2L
ENSG00000170946.15	protein_coding	DNAJC24
ENSG00000170948.4	protein_coding	MBD3L1
ENSG00000170949.18	protein_coding	ZNF160
ENSG00000170950.6	protein_coding	PGK2
ENSG00000170953.4	protein_coding	OR8B12
ENSG00000170954.12	protein_coding	ZNF415
ENSG00000170955.10	protein_coding	CAVIN3
ENSG00000170956.17	protein_coding	CEACAM3
ENSG00000170959.15	protein_coding	DCDC1
ENSG00000170961.7	protein_coding	HAS2
ENSG00000170962.13	protein_coding	PDGFD
ENSG00000170965.10	protein_coding	PLAC1
ENSG00000170967.5	protein_coding	DDI1
ENSG00000170989.10	protein_coding	S1PR1
ENSG00000171004.19	protein_coding	HS6ST2
ENSG00000171014.3	protein_coding	OR4D5
ENSG00000171016.13	protein_coding	PYGO1
ENSG00000171017.11	protein_coding	LRRC8E
ENSG00000171033.13	protein_coding	PKIA
ENSG00000171044.11	protein_coding	XKR6
ENSG00000171045.16	protein_coding	TSNARE1
ENSG00000171049.9	protein_coding	FPR2
ENSG00000171051.10	protein_coding	FPR1
ENSG00000171053.10	protein_coding	PATE1
ENSG00000171054.9	protein_coding	OR13H1
ENSG00000171055.15	protein_coding	FEZ2
ENSG00000171056.8	protein_coding	SOX7
ENSG00000171060.11	protein_coding	C8orf74
ENSG00000171067.11	protein_coding	C11orf24
ENSG00000171094.18	protein_coding	ALK
ENSG00000171097.14	protein_coding	KYAT1
ENSG00000171100.16	protein_coding	MTM1
ENSG00000171102.16	protein_coding	OBP2B
ENSG00000171103.11	protein_coding	TRMT61B
ENSG00000171105.14	protein_coding	INSR
ENSG00000171109.19	protein_coding	MFN1
ENSG00000171115.4	protein_coding	GIMAP8
ENSG00000171116.7	protein_coding	HSFX1
ENSG00000171119.3	protein_coding	NRTN
ENSG00000171121.17	protein_coding	KCNMB3
ENSG00000171124.14	protein_coding	FUT3
ENSG00000171126.8	protein_coding	KCNG3
ENSG00000171130.19	protein_coding	ATP6V0E2
ENSG00000171132.14	protein_coding	PRKCE
ENSG00000171133.4	protein_coding	OR2K2
ENSG00000171135.15	protein_coding	JAGN1
ENSG00000171136.7	protein_coding	RLN3
ENSG00000171148.14	protein_coding	TADA3
ENSG00000171150.9	protein_coding	SOCS5
ENSG00000171155.8	protein_coding	C1GALT1C1
ENSG00000171159.5	protein_coding	BBLN
ENSG00000171160.18	protein_coding	MORN4
ENSG00000171161.13	protein_coding	ZNF672
ENSG00000171163.16	protein_coding	ZNF692
ENSG00000171169.9	protein_coding	NAIF1
ENSG00000171174.15	protein_coding	RBKS
ENSG00000171180.3	protein_coding	OR2M4
ENSG00000171189.18	protein_coding	GRIK1
ENSG00000171195.11	protein_coding	MUC7
ENSG00000171199.11	protein_coding	OPRPN
ENSG00000171201.12	protein_coding	SMR3B
ENSG00000171202.7	protein_coding	TMEM126A
ENSG00000171204.13	protein_coding	TMEM126B
ENSG00000171206.15	protein_coding	TRIM8
ENSG00000171208.10	protein_coding	NETO2
ENSG00000171209.4	protein_coding	CSN3
ENSG00000171217.5	protein_coding	CLDN20
ENSG00000171219.9	protein_coding	CDC42BPG
ENSG00000171222.11	protein_coding	SCAND1
ENSG00000171223.6	protein_coding	JUNB
ENSG00000171224.9	protein_coding	FAM241B
ENSG00000171227.7	protein_coding	TMEM37
ENSG00000171234.14	protein_coding	UGT2B7
ENSG00000171236.10	protein_coding	LRG1
ENSG00000171241.9	protein_coding	SHCBP1
ENSG00000171243.8	protein_coding	SOSTDC1
ENSG00000171246.7	protein_coding	NPTX1
ENSG00000171262.11	protein_coding	FAM98B
ENSG00000171291.9	protein_coding	ZNF439
ENSG00000171295.13	protein_coding	ZNF440
ENSG00000171298.13	protein_coding	GAA
ENSG00000171302.17	protein_coding	CANT1
ENSG00000171303.8	protein_coding	KCNK3
ENSG00000171307.19	protein_coding	ZDHHC16
ENSG00000171310.11	protein_coding	CHST11
ENSG00000171311.13	protein_coding	EXOSC1
ENSG00000171314.9	protein_coding	PGAM1
ENSG00000171316.14	protein_coding	CHD7
ENSG00000171320.15	protein_coding	ESCO2
ENSG00000171345.13	protein_coding	KRT19
ENSG00000171346.16	protein_coding	KRT15
ENSG00000171357.6	protein_coding	LURAP1
ENSG00000171360.4	protein_coding	KRT38
ENSG00000171365.17	protein_coding	CLCN5
ENSG00000171368.12	protein_coding	TPPP
ENSG00000171385.11	protein_coding	KCND3
ENSG00000171388.12	protein_coding	APLN
ENSG00000171396.12	protein_coding	KRTAP4-4
ENSG00000171401.15	protein_coding	KRT13
ENSG00000171402.15	protein_coding	XAGE3
ENSG00000171403.10	protein_coding	KRT9
ENSG00000171405.13	protein_coding	XAGE5
ENSG00000171408.14	protein_coding	PDE7B
ENSG00000171421.13	protein_coding	MRPL36
ENSG00000171425.10	protein_coding	ZNF581
ENSG00000171428.15	protein_coding	NAT1
ENSG00000171431.4	protein_coding	KRT20
ENSG00000171433.12	protein_coding	GLOD5
ENSG00000171435.14	protein_coding	KSR2
ENSG00000171443.7	protein_coding	ZNF524
ENSG00000171444.19	protein_coding	MCC
ENSG00000171446.7	protein_coding	KRT27
ENSG00000171448.9	protein_coding	ZBTB26
ENSG00000171450.6	protein_coding	CDK5R2
ENSG00000171451.15	protein_coding	DSEL
ENSG00000171453.20	protein_coding	POLR1C
ENSG00000171456.21	protein_coding	ASXL1
ENSG00000171459.4	protein_coding	OR1L6
ENSG00000171462.15	protein_coding	DLK2
ENSG00000171466.10	protein_coding	ZNF562
ENSG00000171467.16	protein_coding	ZNF318
ENSG00000171469.11	protein_coding	ZNF561
ENSG00000171475.14	protein_coding	WIPF2
ENSG00000171476.22	protein_coding	HOPX
ENSG00000171478.8	protein_coding	SPACA5B
ENSG00000171481.5	protein_coding	OR1L3
ENSG00000171487.16	protein_coding	NLRP5
ENSG00000171488.15	protein_coding	LRRC8C
ENSG00000171489.11	protein_coding	SPACA5
ENSG00000171490.13	protein_coding	RSL1D1
ENSG00000171492.14	protein_coding	LRRC8D
ENSG00000171495.17	protein_coding	MROH2B
ENSG00000171496.5	protein_coding	OR1L8
ENSG00000171497.5	protein_coding	PPID
ENSG00000171501.10	protein_coding	OR1N2
ENSG00000171502.15	protein_coding	COL24A1
ENSG00000171503.13	protein_coding	ETFDH
ENSG00000171505.5	protein_coding	OR1N1
ENSG00000171509.16	protein_coding	RXFP1
ENSG00000171517.6	protein_coding	LPAR3
ENSG00000171522.6	protein_coding	PTGER4
ENSG00000171530.15	protein_coding	TBCA
ENSG00000171532.5	protein_coding	NEUROD2
ENSG00000171533.12	protein_coding	MAP6
ENSG00000171540.8	protein_coding	OTP
ENSG00000171551.12	protein_coding	ECEL1
ENSG00000171552.14	protein_coding	BCL2L1
ENSG00000171557.17	protein_coding	FGG
ENSG00000171560.18	protein_coding	FGA
ENSG00000171561.4	protein_coding	OR2AT4
ENSG00000171564.12	protein_coding	FGB
ENSG00000171566.12	protein_coding	PLRG1
ENSG00000171570.11	protein_coding	RAB4B-EGLN2
ENSG00000171574.19	protein_coding	ZNF584
ENSG00000171587.15	protein_coding	DSCAM
ENSG00000171595.14	protein_coding	DNAI2
ENSG00000171596.7	protein_coding	NMUR1
ENSG00000171603.18	protein_coding	CLSTN1
ENSG00000171604.12	protein_coding	CXXC5
ENSG00000171606.18	protein_coding	ZNF274
ENSG00000171608.18	protein_coding	PIK3CD
ENSG00000171611.10	protein_coding	PTCRA
ENSG00000171612.7	protein_coding	SLC25A33
ENSG00000171617.15	protein_coding	ENC1
ENSG00000171621.14	protein_coding	SPSB1
ENSG00000171631.16	protein_coding	P2RY6
ENSG00000171634.19	protein_coding	BPTF
ENSG00000171643.14	protein_coding	S100Z
ENSG00000171649.12	protein_coding	ZIK1
ENSG00000171657.6	protein_coding	GPR82
ENSG00000171659.16	protein_coding	GPR34
ENSG00000171680.23	protein_coding	PLEKHG5
ENSG00000171681.13	protein_coding	ATF7IP
ENSG00000171695.11	protein_coding	LKAAEAR1
ENSG00000171700.14	protein_coding	RGS19
ENSG00000171703.17	protein_coding	TCEA2
ENSG00000171711.3	protein_coding	DEFB4A
ENSG00000171714.13	protein_coding	ANO5
ENSG00000171720.10	protein_coding	HDAC3
ENSG00000171722.13	protein_coding	SPATA46
ENSG00000171723.16	protein_coding	GPHN
ENSG00000171724.3	protein_coding	VAT1L
ENSG00000171729.14	protein_coding	TMEM51
ENSG00000171735.20	protein_coding	CAMTA1
ENSG00000171747.9	protein_coding	LGALS4
ENSG00000171757.17	protein_coding	LRRC34
ENSG00000171759.10	protein_coding	PAH
ENSG00000171763.20	protein_coding	SPATA5L1
ENSG00000171766.17	protein_coding	GATM
ENSG00000171772.17	protein_coding	SYCE1
ENSG00000171773.3	protein_coding	NXNL1
ENSG00000171777.16	protein_coding	RASGRP4
ENSG00000171786.6	protein_coding	NHLH1
ENSG00000171790.16	protein_coding	SLFNL1
ENSG00000171791.14	protein_coding	BCL2
ENSG00000171792.11	protein_coding	RHNO1
ENSG00000171793.17	protein_coding	CTPS1
ENSG00000171794.4	protein_coding	UTF1
ENSG00000171798.19	protein_coding	KNDC1
ENSG00000171804.11	protein_coding	WDR87
ENSG00000171806.12	protein_coding	METTL18
ENSG00000171811.14	protein_coding	CFAP46
ENSG00000171812.13	protein_coding	COL8A2
ENSG00000171813.14	protein_coding	PWWP2B
ENSG00000171815.6	protein_coding	PCDHB1
ENSG00000171817.17	protein_coding	ZNF540
ENSG00000171819.5	protein_coding	ANGPTL7
ENSG00000171823.7	protein_coding	FBXL14
ENSG00000171824.14	protein_coding	EXOSC10
ENSG00000171827.11	protein_coding	ZNF570
ENSG00000171840.13	protein_coding	NINJ2
ENSG00000171843.17	protein_coding	MLLT3
ENSG00000171847.11	protein_coding	FAM90A1
ENSG00000171848.16	protein_coding	RRM2
ENSG00000171853.16	protein_coding	TRAPPC12
ENSG00000171855.7	protein_coding	IFNB1
ENSG00000171858.18	protein_coding	RPS21
ENSG00000171860.5	protein_coding	C3AR1
ENSG00000171861.11	protein_coding	MRM3
ENSG00000171862.14	protein_coding	PTEN
ENSG00000171863.15	protein_coding	RPS7
ENSG00000171864.5	protein_coding	PRND
ENSG00000171865.10	protein_coding	RNASEH1
ENSG00000171867.18	protein_coding	PRNP
ENSG00000171872.5	protein_coding	KLF17
ENSG00000171873.8	protein_coding	ADRA1D
ENSG00000171877.21	protein_coding	FRMD5
ENSG00000171885.18	protein_coding	AQP4
ENSG00000171903.17	protein_coding	CYP4F11
ENSG00000171914.17	protein_coding	TLN2
ENSG00000171916.17	protein_coding	LGALS9C
ENSG00000171928.14	protein_coding	TVP23B
ENSG00000171931.13	protein_coding	FBXW10
ENSG00000171936.3	protein_coding	OR10H3
ENSG00000171940.14	protein_coding	ZNF217
ENSG00000171942.5	protein_coding	OR10H2
ENSG00000171943.12	protein_coding	SRGAP2C
ENSG00000171944.2	protein_coding	OR52A5
ENSG00000171951.5	protein_coding	SCG2
ENSG00000171953.16	protein_coding	ATPAF2
ENSG00000171954.13	protein_coding	CYP4F22
ENSG00000171956.7	protein_coding	FOXB1
ENSG00000171960.12	protein_coding	PPIH
ENSG00000171962.18	protein_coding	DRC3
ENSG00000171970.14	protein_coding	ZNF57
ENSG00000171984.15	protein_coding	SHLD1
ENSG00000171988.20	protein_coding	JMJD1C
ENSG00000171989.6	protein_coding	LDHAL6B
ENSG00000171992.13	protein_coding	SYNPO
ENSG00000172000.7	protein_coding	ZNF556
ENSG00000172005.11	protein_coding	MAL
ENSG00000172006.12	protein_coding	ZNF554
ENSG00000172007.7	protein_coding	RAB33B
ENSG00000172009.15	protein_coding	THOP1
ENSG00000172016.16	protein_coding	REG3A
ENSG00000172020.13	protein_coding	GAP43
ENSG00000172023.8	protein_coding	REG1B
ENSG00000172031.7	protein_coding	EPHX4
ENSG00000172037.14	protein_coding	LAMB2
ENSG00000172046.21	protein_coding	USP19
ENSG00000172053.18	protein_coding	QARS1
ENSG00000172057.10	protein_coding	ORMDL3
ENSG00000172058.16	protein_coding	SERF1A
ENSG00000172059.11	protein_coding	KLF11
ENSG00000172061.9	protein_coding	LRRC15
ENSG00000172062.17	protein_coding	SMN1
ENSG00000172071.15	protein_coding	EIF2AK3
ENSG00000172073.4	protein_coding	TEX37
ENSG00000172081.14	protein_coding	MOB3A
ENSG00000172086.9	protein_coding	KRCC1
ENSG00000172113.10	protein_coding	NME6
ENSG00000172115.9	protein_coding	CYCS
ENSG00000172116.23	protein_coding	CD8B
ENSG00000172123.13	protein_coding	SLFN12
ENSG00000172137.19	protein_coding	CALB2
ENSG00000172139.15	protein_coding	SLC9C1
ENSG00000172146.4	protein_coding	OR1A1
ENSG00000172150.4	protein_coding	OR1A2
ENSG00000172154.11	protein_coding	OR8I2
ENSG00000172155.10	protein_coding	LCE1D
ENSG00000172156.4	protein_coding	CCL11
ENSG00000172159.16	protein_coding	FRMD3
ENSG00000172164.15	protein_coding	SNTB1
ENSG00000172167.8	protein_coding	MTBP
ENSG00000172171.11	protein_coding	TEFM
ENSG00000172172.8	protein_coding	MRPL13
ENSG00000172175.16	protein_coding	MALT1
ENSG00000172179.13	protein_coding	PRL
ENSG00000172183.16	protein_coding	ISG20
ENSG00000172188.6	protein_coding	OR4C11
ENSG00000172197.11	protein_coding	MBOAT1
ENSG00000172199.1	protein_coding	OR8U1
ENSG00000172201.12	protein_coding	ID4
ENSG00000172208.7	protein_coding	OR4X2
ENSG00000172209.6	protein_coding	GPR22
ENSG00000172215.6	protein_coding	CXCR6
ENSG00000172216.6	protein_coding	CEBPB
ENSG00000172232.10	protein_coding	AZU1
ENSG00000172236.18	protein_coding	TPSAB1
ENSG00000172238.6	protein_coding	ATOH1
ENSG00000172239.14	protein_coding	PAIP1
ENSG00000172243.18	protein_coding	CLEC7A
ENSG00000172244.9	protein_coding	C5orf34
ENSG00000172247.4	protein_coding	C1QTNF4
ENSG00000172260.15	protein_coding	NEGR1
ENSG00000172262.12	protein_coding	ZNF131
ENSG00000172264.19	protein_coding	MACROD2
ENSG00000172269.20	protein_coding	DPAGT1
ENSG00000172270.22	protein_coding	BSG
ENSG00000172273.13	protein_coding	HINFP
ENSG00000172288.8	protein_coding	CDY1
ENSG00000172289.3	protein_coding	OR10V1
ENSG00000172292.15	protein_coding	CERS6
ENSG00000172296.13	protein_coding	SPTLC3
ENSG00000172301.11	protein_coding	COPRS
ENSG00000172315.6	protein_coding	TP53RK
ENSG00000172318.6	protein_coding	B3GALT1
ENSG00000172320.4	protein_coding	OR5A1
ENSG00000172322.14	protein_coding	CLEC12A
ENSG00000172324.6	protein_coding	OR5A2
ENSG00000172331.12	protein_coding	BPGM
ENSG00000172336.5	protein_coding	POP7
ENSG00000172339.10	protein_coding	ALG14
ENSG00000172340.15	protein_coding	SUCLG2
ENSG00000172345.14	protein_coding	STARD5
ENSG00000172346.15	protein_coding	CSDC2
ENSG00000172348.16	protein_coding	RCAN2
ENSG00000172349.19	protein_coding	IL16
ENSG00000172350.10	protein_coding	ABCG4
ENSG00000172352.5	protein_coding	CDY1B
ENSG00000172354.10	protein_coding	GNB2
ENSG00000172361.6	protein_coding	CFAP53
ENSG00000172362.4	protein_coding	OR5B12
ENSG00000172365.4	protein_coding	OR5B2
ENSG00000172366.20	protein_coding	MCRIP2
ENSG00000172367.16	protein_coding	PDZD3
ENSG00000172375.14	protein_coding	C2CD2L
ENSG00000172377.3	protein_coding	OR9I1
ENSG00000172379.22	protein_coding	ARNT2
ENSG00000172380.6	protein_coding	GNG12
ENSG00000172382.10	protein_coding	PRSS27
ENSG00000172399.6	protein_coding	MYOZ2
ENSG00000172403.11	protein_coding	SYNPO2
ENSG00000172404.5	protein_coding	DNAJB7
ENSG00000172409.7	protein_coding	CLP1
ENSG00000172410.5	protein_coding	INSL5
ENSG00000172421.10	protein_coding	EFCAB3
ENSG00000172425.12	protein_coding	TTC36
ENSG00000172426.16	protein_coding	RSPH9
ENSG00000172428.11	protein_coding	COPS9
ENSG00000172432.19	protein_coding	GTPBP2
ENSG00000172456.18	protein_coding	FGGY
ENSG00000172457.7	protein_coding	OR9G4
ENSG00000172458.5	protein_coding	IL17D
ENSG00000172459.5	protein_coding	OR5AR1
ENSG00000172461.11	protein_coding	FUT9
ENSG00000172464.4	protein_coding	OR5AP2
ENSG00000172465.14	protein_coding	TCEAL1
ENSG00000172466.16	protein_coding	ZNF24
ENSG00000172468.14	protein_coding	HSFY1
ENSG00000172469.17	protein_coding	MANEA
ENSG00000172476.4	protein_coding	RAB40A
ENSG00000172478.18	protein_coding	MAB21L4
ENSG00000172482.5	protein_coding	AGXT
ENSG00000172487.4	protein_coding	OR8J1
ENSG00000172489.7	protein_coding	OR5T3
ENSG00000172493.23	protein_coding	AFF1
ENSG00000172497.9	protein_coding	ACOT12
ENSG00000172500.13	protein_coding	FIBP
ENSG00000172508.11	protein_coding	CARNS1
ENSG00000172519.10	protein_coding	OR10H5
ENSG00000172530.22	protein_coding	BANP
ENSG00000172531.16	protein_coding	PPP1CA
ENSG00000172534.14	protein_coding	HCFC1
ENSG00000172538.7	protein_coding	FAM170B
ENSG00000172543.9	protein_coding	CTSW
ENSG00000172548.15	protein_coding	NIPAL4
ENSG00000172551.12	protein_coding	MUCL1
ENSG00000172554.12	protein_coding	SNTG2
ENSG00000172568.5	protein_coding	FNDC9
ENSG00000172572.7	protein_coding	PDE3A
ENSG00000172575.14	protein_coding	RASGRP1
ENSG00000172578.12	protein_coding	KLHL6
ENSG00000172586.8	protein_coding	CHCHD1
ENSG00000172590.18	protein_coding	MRPL52
ENSG00000172594.13	protein_coding	SMPDL3A
ENSG00000172602.11	protein_coding	RND1
ENSG00000172613.8	protein_coding	RAD9A
ENSG00000172638.13	protein_coding	EFEMP2
ENSG00000172640.4	protein_coding	OR10AD1
ENSG00000172650.15	protein_coding	AGAP5
ENSG00000172661.20	protein_coding	WASHC2C
ENSG00000172663.9	protein_coding	TMEM134
ENSG00000172667.11	protein_coding	ZMAT3
ENSG00000172671.20	protein_coding	ZFAND4
ENSG00000172673.12	protein_coding	THEMIS
ENSG00000172680.1	protein_coding	MOS
ENSG00000172687.14	protein_coding	ZNF738
ENSG00000172689.2	protein_coding	MS4A10
ENSG00000172716.17	protein_coding	SLFN11
ENSG00000172717.17	protein_coding	GARIN2
ENSG00000172724.12	protein_coding	CCL19
ENSG00000172725.14	protein_coding	CORO1B
ENSG00000172728.16	protein_coding	FUT10
ENSG00000172731.15	protein_coding	LRRC20
ENSG00000172732.12	protein_coding	MUS81
ENSG00000172733.12	protein_coding	PURG
ENSG00000172738.13	protein_coding	TMEM217
ENSG00000172742.6	protein_coding	OR4D9
ENSG00000172748.14	protein_coding	ZNF596
ENSG00000172752.16	protein_coding	COL6A5
ENSG00000172757.13	protein_coding	CFL1
ENSG00000172765.19	protein_coding	TMCC1
ENSG00000172766.19	protein_coding	NAA16
ENSG00000172769.4	protein_coding	OR5B3
ENSG00000172771.12	protein_coding	EFCAB12
ENSG00000172772.3	protein_coding	OR10W1
ENSG00000172775.17	protein_coding	PSME3IP1
ENSG00000172780.17	protein_coding	RAB43
ENSG00000172782.13	protein_coding	FADS6
ENSG00000172785.19	protein_coding	ZNG1A
ENSG00000172789.4	protein_coding	HOXC5
ENSG00000172794.20	protein_coding	RAB37
ENSG00000172795.17	protein_coding	DCP2
ENSG00000172803.18	protein_coding	SNX32
ENSG00000172809.13	protein_coding	RPL38
ENSG00000172817.4	protein_coding	CYP7B1
ENSG00000172818.10	protein_coding	OVOL1
ENSG00000172819.17	protein_coding	RARG
ENSG00000172824.17	protein_coding	CES4A
ENSG00000172828.13	protein_coding	CES3
ENSG00000172830.13	protein_coding	SSH3
ENSG00000172831.14	protein_coding	CES2
ENSG00000172840.7	protein_coding	PDP2
ENSG00000172845.18	protein_coding	SP3
ENSG00000172867.4	protein_coding	KRT2
ENSG00000172869.15	protein_coding	DMXL1
ENSG00000172878.14	protein_coding	METAP1D
ENSG00000172888.12	protein_coding	ZNF621
ENSG00000172889.16	protein_coding	EGFL7
ENSG00000172890.13	protein_coding	NADSYN1
ENSG00000172893.18	protein_coding	DHCR7
ENSG00000172901.21	protein_coding	LVRN
ENSG00000172915.20	protein_coding	NBEA
ENSG00000172922.11	protein_coding	RNASEH2C
ENSG00000172927.9	protein_coding	MYEOV
ENSG00000172932.16	protein_coding	ANKRD13D
ENSG00000172935.9	protein_coding	MRGPRF
ENSG00000172936.17	protein_coding	MYD88
ENSG00000172938.3	protein_coding	MRGPRD
ENSG00000172939.9	protein_coding	OXSR1
ENSG00000172940.13	protein_coding	SLC22A13
ENSG00000172943.21	protein_coding	PHF8
ENSG00000172954.14	protein_coding	LCLAT1
ENSG00000172955.17	protein_coding	ADH6
ENSG00000172967.8	protein_coding	XKR3
ENSG00000172969.8	protein_coding	FRG2C
ENSG00000172977.13	protein_coding	KAT5
ENSG00000172985.11	protein_coding	SH3RF3
ENSG00000172986.13	protein_coding	GXYLT2
ENSG00000172987.13	protein_coding	HPSE2
ENSG00000172992.13	protein_coding	DCAKD
ENSG00000172995.17	protein_coding	ARPP21
ENSG00000173011.12	protein_coding	TADA2B
ENSG00000173013.6	protein_coding	CCDC96
ENSG00000173020.11	protein_coding	GRK2
ENSG00000173039.20	protein_coding	RELA
ENSG00000173040.13	protein_coding	EVC2
ENSG00000173041.12	protein_coding	ZNF680
ENSG00000173064.14	protein_coding	HECTD4
ENSG00000173065.14	protein_coding	FAM222B
ENSG00000173068.19	protein_coding	BNC2
ENSG00000173080.6	protein_coding	RXFP4
ENSG00000173083.16	protein_coding	HPSE
ENSG00000173085.15	protein_coding	COQ2
ENSG00000173093.13	protein_coding	CCDC63
ENSG00000173110.8	protein_coding	HSPA6
ENSG00000173113.7	protein_coding	TRMT112
ENSG00000173114.13	protein_coding	LRRN3
ENSG00000173120.15	protein_coding	KDM2A
ENSG00000173124.15	protein_coding	ACSM6
ENSG00000173137.12	protein_coding	ADCK5
ENSG00000173141.5	protein_coding	MRPL57
ENSG00000173145.11	protein_coding	NOC3L
ENSG00000173153.17	protein_coding	ESRRA
ENSG00000173156.7	protein_coding	RHOD
ENSG00000173157.18	protein_coding	ADAMTS20
ENSG00000173163.11	protein_coding	COMMD1
ENSG00000173166.18	protein_coding	RAPH1
ENSG00000173171.15	protein_coding	MTX1
ENSG00000173175.16	protein_coding	ADCY5
ENSG00000173193.15	protein_coding	PARP14
ENSG00000173198.6	protein_coding	CYSLTR1
ENSG00000173200.13	protein_coding	PARP15
ENSG00000173207.13	protein_coding	CKS1B
ENSG00000173208.4	protein_coding	ABCD2
ENSG00000173210.20	protein_coding	ABLIM3
ENSG00000173212.5	protein_coding	MAB21L3
ENSG00000173213.11	protein_coding	TUBB8B
ENSG00000173214.7	protein_coding	MFSD4B
ENSG00000173218.15	protein_coding	VANGL1
ENSG00000173221.14	protein_coding	GLRX
ENSG00000173226.17	protein_coding	IQCB1
ENSG00000173227.14	protein_coding	SYT12
ENSG00000173230.17	protein_coding	GOLGB1
ENSG00000173237.5	protein_coding	C11orf86
ENSG00000173239.14	protein_coding	LIPM
ENSG00000173250.3	protein_coding	GPR151
ENSG00000173253.16	protein_coding	DMRT2
ENSG00000173258.13	protein_coding	ZNF483
ENSG00000173261.9	protein_coding	PLAC8L1
ENSG00000173262.12	protein_coding	SLC2A14
ENSG00000173264.15	protein_coding	GPR137
ENSG00000173267.14	protein_coding	SNCG
ENSG00000173269.14	protein_coding	MMRN2
ENSG00000173272.16	protein_coding	MZT2A
ENSG00000173273.16	protein_coding	TNKS
ENSG00000173275.13	protein_coding	ZNF449
ENSG00000173276.14	protein_coding	ZBTB21
ENSG00000173281.5	protein_coding	PPP1R3B
ENSG00000173285.5	protein_coding	OR10K1
ENSG00000173302.5	protein_coding	GPR148
ENSG00000173320.12	protein_coding	STOX2
ENSG00000173327.8	protein_coding	MAP3K11
ENSG00000173334.4	protein_coding	TRIB1
ENSG00000173335.5	protein_coding	CST9
ENSG00000173338.13	protein_coding	KCNK7
ENSG00000173349.6	protein_coding	SFT2D3
ENSG00000173366.11	protein_coding	ENSG00000173366
ENSG00000173369.18	protein_coding	C1QB
ENSG00000173372.18	protein_coding	C1QA
ENSG00000173376.14	protein_coding	NDNF
ENSG00000173389.16	protein_coding	IQCF1
ENSG00000173391.9	protein_coding	OLR1
ENSG00000173401.10	protein_coding	GLIPR1L1
ENSG00000173402.13	protein_coding	DAG1
ENSG00000173404.5	protein_coding	INSM1
ENSG00000173406.16	protein_coding	DAB1
ENSG00000173409.14	protein_coding	ARV1
ENSG00000173418.12	protein_coding	NAA20
ENSG00000173421.17	protein_coding	IHO1
ENSG00000173431.2	protein_coding	RNASE8
ENSG00000173432.13	protein_coding	SAA1
ENSG00000173436.15	protein_coding	MICOS10
ENSG00000173442.13	protein_coding	EHBP1L1
ENSG00000173451.7	protein_coding	THAP2
ENSG00000173452.15	protein_coding	TMEM196
ENSG00000173456.5	protein_coding	RNF26
ENSG00000173457.11	protein_coding	PPP1R14B
ENSG00000173464.16	protein_coding	RNASE11
ENSG00000173465.8	protein_coding	ZNRD2
ENSG00000173467.9	protein_coding	AGR3
ENSG00000173473.11	protein_coding	SMARCC1
ENSG00000173480.11	protein_coding	ZNF417
ENSG00000173482.17	protein_coding	PTPRM
ENSG00000173486.14	protein_coding	FKBP2
ENSG00000173511.10	protein_coding	VEGFB
ENSG00000173517.11	protein_coding	PEAK1
ENSG00000173530.6	protein_coding	TNFRSF10D
ENSG00000173531.16	protein_coding	MST1
ENSG00000173535.15	protein_coding	TNFRSF10C
ENSG00000173540.14	protein_coding	GMPPB
ENSG00000173542.9	protein_coding	MOB1B
ENSG00000173545.5	protein_coding	ZNF622
ENSG00000173546.7	protein_coding	CSPG4
ENSG00000173548.9	protein_coding	SNX33
ENSG00000173557.15	protein_coding	FAM166C
ENSG00000173559.15	protein_coding	NABP1
ENSG00000173567.16	protein_coding	ADGRF3
ENSG00000173572.12	protein_coding	NLRP13
ENSG00000173575.24	protein_coding	CHD2
ENSG00000173578.9	protein_coding	XCR1
ENSG00000173581.8	protein_coding	CCDC106
ENSG00000173585.18	protein_coding	CCR9
ENSG00000173588.16	protein_coding	CEP83
ENSG00000173597.9	protein_coding	SULT1B1
ENSG00000173598.14	protein_coding	NUDT4
ENSG00000173599.15	protein_coding	PC
ENSG00000173610.13	protein_coding	UGT2A1
ENSG00000173611.18	protein_coding	SCAI
ENSG00000173612.10	protein_coding	GPRC6A
ENSG00000173614.14	protein_coding	NMNAT1
ENSG00000173621.9	protein_coding	LRFN4
ENSG00000173626.10	protein_coding	TRAPPC3L
ENSG00000173627.8	protein_coding	APOBEC4
ENSG00000173638.19	protein_coding	SLC19A1
ENSG00000173641.18	protein_coding	HSPB7
ENSG00000173653.8	protein_coding	RCE1
ENSG00000173660.12	protein_coding	UQCRH
ENSG00000173662.21	protein_coding	TAS1R1
ENSG00000173673.9	protein_coding	HES3
ENSG00000173674.11	protein_coding	EIF1AX
ENSG00000173678.15	protein_coding	SPDYE2B
ENSG00000173679.2	protein_coding	OR1L1
ENSG00000173681.17	protein_coding	BCLAF3
ENSG00000173692.14	protein_coding	PSMD1
ENSG00000173698.18	protein_coding	ADGRG2
ENSG00000173699.17	protein_coding	SPATA3
ENSG00000173702.7	protein_coding	MUC13
ENSG00000173705.9	protein_coding	SUSD5
ENSG00000173706.15	protein_coding	HEG1
ENSG00000173714.8	protein_coding	WFIKKN2
ENSG00000173715.18	protein_coding	C11orf80
ENSG00000173726.11	protein_coding	TOMM20
ENSG00000173728.11	protein_coding	C1orf100
ENSG00000173744.18	protein_coding	AGFG1
ENSG00000173757.11	protein_coding	STAT5B
ENSG00000173762.8	protein_coding	CD7
ENSG00000173769.4	protein_coding	TOPAZ1
ENSG00000173786.17	protein_coding	CNP
ENSG00000173801.17	protein_coding	JUP
ENSG00000173805.16	protein_coding	HAP1
ENSG00000173809.18	protein_coding	TDRD12
ENSG00000173812.11	protein_coding	EIF1
ENSG00000173818.17	protein_coding	ENDOV
ENSG00000173821.20	protein_coding	RNF213
ENSG00000173825.7	protein_coding	TIGD3
ENSG00000173826.15	protein_coding	KCNH6
ENSG00000173838.12	protein_coding	MARCHF10
ENSG00000173846.13	protein_coding	PLK3
ENSG00000173848.19	protein_coding	NET1
ENSG00000173852.16	protein_coding	DPY19L1
ENSG00000173867.10	protein_coding	ENSG00000173867
ENSG00000173868.12	protein_coding	PHOSPHO1
ENSG00000173875.14	protein_coding	ZNF791
ENSG00000173889.16	protein_coding	PHC3
ENSG00000173890.17	protein_coding	GPR160
ENSG00000173894.11	protein_coding	CBX2
ENSG00000173898.15	protein_coding	SPTBN2
ENSG00000173905.9	protein_coding	GOLIM4
ENSG00000173908.9	protein_coding	KRT28
ENSG00000173914.12	protein_coding	RBM4B
ENSG00000173915.16	protein_coding	ATP5MK
ENSG00000173917.11	protein_coding	HOXB2
ENSG00000173918.15	protein_coding	C1QTNF1
ENSG00000173926.6	protein_coding	MARCHF3
ENSG00000173928.4	protein_coding	SWSAP1
ENSG00000173930.9	protein_coding	SLCO4C1
ENSG00000173933.21	protein_coding	RBM4
ENSG00000173947.14	protein_coding	PIFO
ENSG00000173950.16	protein_coding	XXYLT1
ENSG00000173960.14	protein_coding	UBXN2A
ENSG00000173976.16	protein_coding	RAX2
ENSG00000173988.14	protein_coding	LRRC63
ENSG00000173991.6	protein_coding	TCAP
ENSG00000173992.9	protein_coding	CCS
ENSG00000174004.6	protein_coding	NRROS
ENSG00000174007.9	protein_coding	CEP19
ENSG00000174010.10	protein_coding	KLHL15
ENSG00000174013.8	protein_coding	FBXO45
ENSG00000174015.10	protein_coding	CBY2
ENSG00000174016.11	protein_coding	TENT5D
ENSG00000174021.12	protein_coding	GNG5
ENSG00000174032.17	protein_coding	SLC25A30
ENSG00000174038.13	protein_coding	C9orf131
ENSG00000174059.17	protein_coding	CD34
ENSG00000174080.12	protein_coding	CTSF
ENSG00000174099.12	protein_coding	MSRB3
ENSG00000174106.3	protein_coding	LEMD3
ENSG00000174109.5	protein_coding	C16orf91
ENSG00000174123.11	protein_coding	TLR10
ENSG00000174125.8	protein_coding	TLR1
ENSG00000174130.13	protein_coding	TLR6
ENSG00000174132.9	protein_coding	FAM174A
ENSG00000174136.13	protein_coding	RGMB
ENSG00000174137.14	protein_coding	FAM53A
ENSG00000174145.8	protein_coding	NWD2
ENSG00000174151.15	protein_coding	CYB561D1
ENSG00000174156.15	protein_coding	GSTA3
ENSG00000174165.8	protein_coding	ZDHHC24
ENSG00000174173.7	protein_coding	TRMT10C
ENSG00000174175.17	protein_coding	SELP
ENSG00000174177.13	protein_coding	CTU2
ENSG00000174197.19	protein_coding	MGA
ENSG00000174206.13	protein_coding	KICS2
ENSG00000174225.15	protein_coding	ARL13A
ENSG00000174226.9	protein_coding	SNX31
ENSG00000174227.16	protein_coding	PIGG
ENSG00000174231.18	protein_coding	PRPF8
ENSG00000174233.12	protein_coding	ADCY6
ENSG00000174236.4	protein_coding	REP15
ENSG00000174238.16	protein_coding	PITPNA
ENSG00000174243.11	protein_coding	DDX23
ENSG00000174255.8	protein_coding	ZNF80
ENSG00000174276.7	protein_coding	ZNHIT2
ENSG00000174279.5	protein_coding	EVX2
ENSG00000174282.12	protein_coding	ZBTB4
ENSG00000174292.13	protein_coding	TNK1
ENSG00000174306.22	protein_coding	ZHX3
ENSG00000174307.7	protein_coding	PHLDA3
ENSG00000174326.15	protein_coding	SLC16A11
ENSG00000174327.7	protein_coding	SLC16A13
ENSG00000174332.6	protein_coding	GLIS1
ENSG00000174339.3	protein_coding	OR2Y1
ENSG00000174343.6	protein_coding	CHRNA9
ENSG00000174348.14	protein_coding	PODN
ENSG00000174358.16	protein_coding	SLC6A19
ENSG00000174371.17	protein_coding	EXO1
ENSG00000174373.17	protein_coding	RALGAPA1
ENSG00000174405.15	protein_coding	LIG4
ENSG00000174417.3	protein_coding	TRHR
ENSG00000174428.19	protein_coding	GTF2IRD2B
ENSG00000174429.4	protein_coding	ABRA
ENSG00000174437.18	protein_coding	ATP2A2
ENSG00000174442.12	protein_coding	ZWILCH
ENSG00000174444.15	protein_coding	RPL4
ENSG00000174446.13	protein_coding	SNAPC5
ENSG00000174448.9	protein_coding	STARD6
ENSG00000174450.13	protein_coding	GOLGA6L2
ENSG00000174453.10	protein_coding	VWC2L
ENSG00000174456.16	protein_coding	C12orf76
ENSG00000174460.4	protein_coding	ZCCHC12
ENSG00000174469.23	protein_coding	CNTNAP2
ENSG00000174473.16	protein_coding	GALNTL6
ENSG00000174482.11	protein_coding	LINGO2
ENSG00000174483.20	protein_coding	BBS1
ENSG00000174485.16	protein_coding	DENND4A
ENSG00000174498.14	protein_coding	IGDCC3
ENSG00000174500.13	protein_coding	GCSAM
ENSG00000174501.15	protein_coding	ANKRD36C
ENSG00000174502.19	protein_coding	SLC26A9
ENSG00000174514.13	protein_coding	MFSD4A
ENSG00000174516.15	protein_coding	PELI3
ENSG00000174521.8	protein_coding	TTC9B
ENSG00000174527.11	protein_coding	MYO1H
ENSG00000174529.7	protein_coding	TMEM81
ENSG00000174547.13	protein_coding	MRPL11
ENSG00000174562.14	protein_coding	KLK15
ENSG00000174564.13	protein_coding	IL20RB
ENSG00000174567.8	protein_coding	GOLT1A
ENSG00000174574.16	protein_coding	AKIRIN1
ENSG00000174576.10	protein_coding	NPAS4
ENSG00000174579.5	protein_coding	MSL2
ENSG00000174586.11	protein_coding	ZNF497
ENSG00000174599.5	protein_coding	TRAM1L1
ENSG00000174600.14	protein_coding	CMKLR1
ENSG00000174606.14	protein_coding	ANGEL2
ENSG00000174607.11	protein_coding	UGT8
ENSG00000174611.12	protein_coding	KY
ENSG00000174628.17	protein_coding	IQCK
ENSG00000174640.15	protein_coding	SLCO2A1
ENSG00000174652.20	protein_coding	ZNF266
ENSG00000174667.4	protein_coding	OR7D4
ENSG00000174669.12	protein_coding	SLC29A2
ENSG00000174672.16	protein_coding	BRSK2
ENSG00000174684.7	protein_coding	B4GAT1
ENSG00000174695.10	protein_coding	TMEM167A
ENSG00000174697.5	protein_coding	LEP
ENSG00000174705.13	protein_coding	SH3PXD2B
ENSG00000174718.12	protein_coding	RESF1
ENSG00000174720.18	protein_coding	LARP7
ENSG00000174721.10	protein_coding	FGFBP3
ENSG00000174738.13	protein_coding	NR1D2
ENSG00000174740.8	protein_coding	PABPC5
ENSG00000174744.14	protein_coding	BRMS1
ENSG00000174748.22	protein_coding	RPL15
ENSG00000174749.6	protein_coding	FAM241A
ENSG00000174775.18	protein_coding	HRAS
ENSG00000174776.12	protein_coding	WDR49
ENSG00000174780.17	protein_coding	SRP72
ENSG00000174788.10	protein_coding	PCP2
ENSG00000174791.11	protein_coding	RIN1
ENSG00000174792.11	protein_coding	ODAPH
ENSG00000174796.12	protein_coding	THAP6
ENSG00000174799.12	protein_coding	CEP135
ENSG00000174804.4	protein_coding	FZD4
ENSG00000174807.4	protein_coding	CD248
ENSG00000174808.12	protein_coding	BTC
ENSG00000174827.14	protein_coding	PDZK1
ENSG00000174837.15	protein_coding	ADGRE1
ENSG00000174839.13	protein_coding	DENND6A
ENSG00000174840.9	protein_coding	PDE12
ENSG00000174842.17	protein_coding	GLMN
ENSG00000174844.15	protein_coding	DNAH12
ENSG00000174851.16	protein_coding	YIF1A
ENSG00000174871.11	protein_coding	CNIH2
ENSG00000174876.17	protein_coding	AMY1B
ENSG00000174885.13	protein_coding	NLRP6
ENSG00000174886.14	protein_coding	NDUFA11
ENSG00000174891.14	protein_coding	RSRC1
ENSG00000174898.16	protein_coding	CATSPERD
ENSG00000174903.16	protein_coding	RAB1B
ENSG00000174914.3	protein_coding	OR9G1
ENSG00000174915.12	protein_coding	PTDSS2
ENSG00000174917.9	protein_coding	MICOS13
ENSG00000174928.16	protein_coding	C3orf33
ENSG00000174937.5	protein_coding	OR5M3
ENSG00000174938.15	protein_coding	SEZ6L2
ENSG00000174939.11	protein_coding	ASPHD1
ENSG00000174943.11	protein_coding	KCTD13
ENSG00000174944.9	protein_coding	P2RY14
ENSG00000174945.14	protein_coding	AMZ1
ENSG00000174946.7	protein_coding	GPR171
ENSG00000174948.6	protein_coding	GPR149
ENSG00000174950.11	protein_coding	CD164L2
ENSG00000174951.12	protein_coding	FUT1
ENSG00000174953.14	protein_coding	DHX36
ENSG00000174957.1	protein_coding	OR5J2
ENSG00000174963.18	protein_coding	ZIC4
ENSG00000174970.5	protein_coding	OR10AG1
ENSG00000174982.4	protein_coding	OR4S2
ENSG00000174989.13	protein_coding	FBXW8
ENSG00000174990.8	protein_coding	CA5A
ENSG00000174992.8	protein_coding	ZG16
ENSG00000174996.12	protein_coding	KLC2
ENSG00000175003.15	protein_coding	SLC22A1
ENSG00000175018.13	protein_coding	TEX36
ENSG00000175029.17	protein_coding	CTBP2
ENSG00000175040.6	protein_coding	CHST2
ENSG00000175048.17	protein_coding	ZDHHC14
ENSG00000175054.16	protein_coding	ATR
ENSG00000175063.17	protein_coding	UBE2C
ENSG00000175065.12	protein_coding	DSG4
ENSG00000175066.16	protein_coding	GK5
ENSG00000175073.8	protein_coding	VCPIP1
ENSG00000175077.6	protein_coding	RTP1
ENSG00000175084.13	protein_coding	DES
ENSG00000175087.10	protein_coding	PDIK1L
ENSG00000175093.5	protein_coding	SPSB4
ENSG00000175097.9	protein_coding	RAG2
ENSG00000175104.15	protein_coding	TRAF6
ENSG00000175105.8	protein_coding	ZNF654
ENSG00000175106.17	protein_coding	TVP23C
ENSG00000175110.14	protein_coding	MRPS22
ENSG00000175115.13	protein_coding	PACS1
ENSG00000175121.12	protein_coding	WFDC5
ENSG00000175130.7	protein_coding	MARCKSL1
ENSG00000175137.11	protein_coding	SH3BP5L
ENSG00000175143.5	protein_coding	OR2T1
ENSG00000175155.11	protein_coding	YPEL2
ENSG00000175161.14	protein_coding	CADM2
ENSG00000175164.16	protein_coding	ABO
ENSG00000175166.17	protein_coding	PSMD2
ENSG00000175175.6	protein_coding	PPM1E
ENSG00000175182.15	protein_coding	FAM131A
ENSG00000175183.10	protein_coding	CSRP2
ENSG00000175189.4	protein_coding	INHBC
ENSG00000175193.14	protein_coding	PARL
ENSG00000175197.13	protein_coding	DDIT3
ENSG00000175198.17	protein_coding	PCCA
ENSG00000175202.6	protein_coding	HIGD2B
ENSG00000175203.17	protein_coding	DCTN2
ENSG00000175206.11	protein_coding	NPPA
ENSG00000175213.3	protein_coding	ZNF408
ENSG00000175215.11	protein_coding	CTDSP2
ENSG00000175216.15	protein_coding	CKAP5
ENSG00000175220.12	protein_coding	ARHGAP1
ENSG00000175221.16	protein_coding	MED16
ENSG00000175224.17	protein_coding	ATG13
ENSG00000175229.7	protein_coding	GAL3ST3
ENSG00000175262.15	protein_coding	C1orf127
ENSG00000175264.8	protein_coding	CHST1
ENSG00000175265.19	protein_coding	GOLGA8A
ENSG00000175267.15	protein_coding	VWA3A
ENSG00000175274.19	protein_coding	TP53I11
ENSG00000175279.22	protein_coding	CENPS
ENSG00000175283.8	protein_coding	DOLK
ENSG00000175287.19	protein_coding	PHYHD1
ENSG00000175294.6	protein_coding	CATSPER1
ENSG00000175305.18	protein_coding	CCNE2
ENSG00000175309.15	protein_coding	PHYKPL
ENSG00000175311.7	protein_coding	ANKS4B
ENSG00000175315.3	protein_coding	CST6
ENSG00000175318.12	protein_coding	GRAMD2A
ENSG00000175322.12	protein_coding	ZNF519
ENSG00000175324.10	protein_coding	LSM1
ENSG00000175325.2	protein_coding	PROP1
ENSG00000175329.13	protein_coding	ISX
ENSG00000175334.8	protein_coding	BANF1
ENSG00000175336.10	protein_coding	APOF
ENSG00000175344.19	protein_coding	CHRNA7
ENSG00000175348.11	protein_coding	TMEM9B
ENSG00000175352.12	protein_coding	NRIP3
ENSG00000175354.20	protein_coding	PTPN2
ENSG00000175356.14	protein_coding	SCUBE2
ENSG00000175376.9	protein_coding	EIF1AD
ENSG00000175387.16	protein_coding	SMAD2
ENSG00000175390.15	protein_coding	EIF3F
ENSG00000175395.16	protein_coding	ZNF25
ENSG00000175398.3	protein_coding	OR10P1
ENSG00000175414.7	protein_coding	ARL10
ENSG00000175416.16	protein_coding	CLTB
ENSG00000175426.11	protein_coding	PCSK1
ENSG00000175445.17	protein_coding	LPL
ENSG00000175449.15	protein_coding	RFESD
ENSG00000175455.16	protein_coding	CCDC14
ENSG00000175463.12	protein_coding	TBC1D10C
ENSG00000175467.15	protein_coding	SART1
ENSG00000175470.20	protein_coding	PPP2R2D
ENSG00000175471.20	protein_coding	MCTP1
ENSG00000175482.9	protein_coding	POLD4
ENSG00000175485.3	protein_coding	OR52W1
ENSG00000175489.10	protein_coding	LRRC25
ENSG00000175497.17	protein_coding	DPP10
ENSG00000175505.11	protein_coding	CLCF1
ENSG00000175513.10	protein_coding	TSGA10IP
ENSG00000175514.2	protein_coding	GPR152
ENSG00000175518.8	protein_coding	UBQLNL
ENSG00000175520.9	protein_coding	UBQLN3
ENSG00000175535.6	protein_coding	PNLIP
ENSG00000175536.7	protein_coding	LIPT2
ENSG00000175538.11	protein_coding	KCNE3
ENSG00000175544.14	protein_coding	CABP4
ENSG00000175548.9	protein_coding	ALG10B
ENSG00000175550.8	protein_coding	DRAP1
ENSG00000175556.17	protein_coding	LONRF3
ENSG00000175564.13	protein_coding	UCP3
ENSG00000175567.11	protein_coding	UCP2
ENSG00000175573.7	protein_coding	C11orf68
ENSG00000175575.13	protein_coding	PAAF1
ENSG00000175581.14	protein_coding	MRPL48
ENSG00000175582.20	protein_coding	RAB6A
ENSG00000175591.12	protein_coding	P2RY2
ENSG00000175592.9	protein_coding	FOSL1
ENSG00000175595.16	protein_coding	ERCC4
ENSG00000175600.16	protein_coding	SUGCT
ENSG00000175602.4	protein_coding	CCDC85B
ENSG00000175606.11	protein_coding	TMEM70
ENSG00000175619.3	protein_coding	OR4B1
ENSG00000175634.15	protein_coding	RPS6KB2
ENSG00000175643.10	protein_coding	RMI2
ENSG00000175646.4	protein_coding	PRM1
ENSG00000175662.18	protein_coding	TOM1L2
ENSG00000175664.10	protein_coding	TEX26
ENSG00000175691.9	protein_coding	ZNF77
ENSG00000175697.11	protein_coding	GPR156
ENSG00000175699.15	protein_coding	CCDC197
ENSG00000175701.11	protein_coding	MTLN
ENSG00000175707.10	protein_coding	KDF1
ENSG00000175711.9	protein_coding	B3GNTL1
ENSG00000175718.10	protein_coding	RBMXL3
ENSG00000175727.14	protein_coding	MLXIP
ENSG00000175745.15	protein_coding	NR2F1
ENSG00000175756.14	protein_coding	AURKAIP1
ENSG00000175764.17	protein_coding	TTLL11
ENSG00000175766.13	protein_coding	EIF4E1B
ENSG00000175768.13	protein_coding	TOMM5
ENSG00000175782.11	protein_coding	SLC35E3
ENSG00000175785.13	protein_coding	PRIMA1
ENSG00000175787.17	protein_coding	ZNF169
ENSG00000175792.12	protein_coding	RUVBL1
ENSG00000175793.12	protein_coding	SFN
ENSG00000175806.15	protein_coding	MSRA
ENSG00000175809.6	protein_coding	CBLL2
ENSG00000175820.4	protein_coding	CCDC168
ENSG00000175826.12	protein_coding	CTDNEP1
ENSG00000175832.13	protein_coding	ETV4
ENSG00000175854.15	protein_coding	SWI5
ENSG00000175857.9	protein_coding	GAPT
ENSG00000175866.16	protein_coding	BAIAP2
ENSG00000175868.14	protein_coding	CALCB
ENSG00000175874.10	protein_coding	CREG2
ENSG00000175877.4	protein_coding	TMEM270
ENSG00000175879.9	protein_coding	HOXD8
ENSG00000175893.12	protein_coding	ZDHHC21
ENSG00000175894.18	protein_coding	TSPEAR
ENSG00000175895.5	protein_coding	PLEKHF2
ENSG00000175899.15	protein_coding	A2M
ENSG00000175906.5	protein_coding	ARL4D
ENSG00000175920.18	protein_coding	DOK7
ENSG00000175928.6	protein_coding	LRRN1
ENSG00000175931.13	protein_coding	UBE2O
ENSG00000175938.7	protein_coding	ORAI3
ENSG00000175946.9	protein_coding	KLHL38
ENSG00000175970.11	protein_coding	UNC119B
ENSG00000175984.15	protein_coding	DENND2C
ENSG00000175985.10	protein_coding	PLEKHD1
ENSG00000176009.4	protein_coding	ASCL3
ENSG00000176014.13	protein_coding	TUBB6
ENSG00000176018.13	protein_coding	LYSMD3
ENSG00000176020.9	protein_coding	AMIGO3
ENSG00000176022.7	protein_coding	B3GALT6
ENSG00000176024.18	protein_coding	ZNF613
ENSG00000176029.14	protein_coding	C11orf16
ENSG00000176040.14	protein_coding	TMPRSS7
ENSG00000176046.9	protein_coding	NUPR1
ENSG00000176049.16	protein_coding	JAKMIP2
ENSG00000176055.10	protein_coding	MBLAC2
ENSG00000176058.13	protein_coding	TPRN
ENSG00000176076.7	protein_coding	KCNE5
ENSG00000176083.18	protein_coding	ZNF683
ENSG00000176087.16	protein_coding	SLC35A4
ENSG00000176092.17	protein_coding	CRYBG2
ENSG00000176095.12	protein_coding	IP6K1
ENSG00000176101.12	protein_coding	SSNA1
ENSG00000176102.13	protein_coding	CSTF3
ENSG00000176105.14	protein_coding	YES1
ENSG00000176108.9	protein_coding	CHMP6
ENSG00000176125.7	protein_coding	UFSP1
ENSG00000176136.6	protein_coding	MC5R
ENSG00000176142.13	protein_coding	TMEM39A
ENSG00000176148.16	protein_coding	TCP11L1
ENSG00000176153.13	protein_coding	GPX2
ENSG00000176155.21	protein_coding	CCDC57
ENSG00000176160.11	protein_coding	HSF5
ENSG00000176165.13	protein_coding	FOXG1
ENSG00000176170.14	protein_coding	SPHK1
ENSG00000176171.12	protein_coding	BNIP3
ENSG00000176177.10	protein_coding	ENTHD1
ENSG00000176182.6	protein_coding	MYPOP
ENSG00000176194.18	protein_coding	CIDEA
ENSG00000176198.4	protein_coding	OR11H4
ENSG00000176200.1	protein_coding	OR4D11
ENSG00000176204.14	protein_coding	LRRTM4
ENSG00000176208.9	protein_coding	ATAD5
ENSG00000176209.12	protein_coding	SMIM19
ENSG00000176219.3	protein_coding	OR11H6
ENSG00000176222.9	protein_coding	ZNF404
ENSG00000176225.15	protein_coding	RTTN
ENSG00000176230.7	protein_coding	OR4K17
ENSG00000176231.2	protein_coding	OR10H4
ENSG00000176239.7	protein_coding	OR51B6
ENSG00000176244.7	protein_coding	ACBD7
ENSG00000176246.1	protein_coding	OR4L1
ENSG00000176248.9	protein_coding	ANAPC2
ENSG00000176253.4	protein_coding	OR4K13
ENSG00000176256.11	protein_coding	HMGB4
ENSG00000176261.16	protein_coding	ZBTB8OS
ENSG00000176269.4	protein_coding	OR4F21
ENSG00000176273.15	protein_coding	SLC35G1
ENSG00000176281.5	protein_coding	OR4K5
ENSG00000176290.8	protein_coding	OR4K3
ENSG00000176293.20	protein_coding	ZNF135
ENSG00000176294.6	protein_coding	OR4N2
ENSG00000176299.5	protein_coding	OR4M1
ENSG00000176302.13	protein_coding	FOXR1
ENSG00000176340.4	protein_coding	COX8A
ENSG00000176358.16	protein_coding	TAC4
ENSG00000176371.14	protein_coding	ZSCAN2
ENSG00000176381.6	protein_coding	PRR18
ENSG00000176383.9	protein_coding	B3GNT4
ENSG00000176386.9	protein_coding	CDC26
ENSG00000176387.7	protein_coding	HSD11B2
ENSG00000176390.12	protein_coding	CRLF3
ENSG00000176393.11	protein_coding	RNPEP
ENSG00000176396.11	protein_coding	EID2
ENSG00000176399.4	protein_coding	DMRTA1
ENSG00000176401.6	protein_coding	EID2B
ENSG00000176402.6	protein_coding	GJC3
ENSG00000176406.25	protein_coding	RIMS2
ENSG00000176407.18	protein_coding	KCMF1
ENSG00000176410.8	protein_coding	DNAJC30
ENSG00000176422.14	protein_coding	SPRYD4
ENSG00000176428.6	protein_coding	VPS37D
ENSG00000176435.7	protein_coding	CLEC14A
ENSG00000176438.13	protein_coding	SYNE3
ENSG00000176444.19	protein_coding	CLK2
ENSG00000176454.15	protein_coding	LPCAT4
ENSG00000176463.14	protein_coding	SLCO3A1
ENSG00000176472.11	protein_coding	ZNF575
ENSG00000176473.14	protein_coding	WDR25
ENSG00000176476.9	protein_coding	SGF29
ENSG00000176485.13	protein_coding	PLAAT3
ENSG00000176490.5	protein_coding	DIRAS1
ENSG00000176495.3	protein_coding	OR5AN1
ENSG00000176510.5	protein_coding	OR10AC1
ENSG00000176531.11	protein_coding	PHLDB3
ENSG00000176532.4	protein_coding	PRR15
ENSG00000176533.13	protein_coding	GNG7
ENSG00000176540.3	protein_coding	OR4C5
ENSG00000176542.10	protein_coding	USF3
ENSG00000176547.11	protein_coding	OR4C3
ENSG00000176555.1	protein_coding	OR4S1
ENSG00000176563.10	protein_coding	CNTD1
ENSG00000176566.5	protein_coding	DCAF4L2
ENSG00000176567.1	protein_coding	OR4X1
ENSG00000176571.13	protein_coding	CNBD1
ENSG00000176595.4	protein_coding	KBTBD11
ENSG00000176597.12	protein_coding	B3GNT5
ENSG00000176601.14	protein_coding	MAP3K19
ENSG00000176619.13	protein_coding	LMNB2
ENSG00000176623.12	protein_coding	RMDN1
ENSG00000176624.12	protein_coding	MEX3C
ENSG00000176635.18	protein_coding	HORMAD2
ENSG00000176641.11	protein_coding	RNF152
ENSG00000176658.17	protein_coding	MYO1D
ENSG00000176678.6	protein_coding	FOXL1
ENSG00000176679.9	protein_coding	TGIF2LY
ENSG00000176681.15	protein_coding	LRRC37A
ENSG00000176692.8	protein_coding	FOXC2
ENSG00000176695.8	protein_coding	OR4F17
ENSG00000176697.20	protein_coding	BDNF
ENSG00000176714.10	protein_coding	CCDC121
ENSG00000176715.17	protein_coding	ACSF3
ENSG00000176720.6	protein_coding	BOK
ENSG00000176723.10	protein_coding	ZNF843
ENSG00000176731.12	protein_coding	RBIS
ENSG00000176732.7	protein_coding	PFN4
ENSG00000176742.3	protein_coding	OR51V1
ENSG00000176746.6	protein_coding	MAGEB6
ENSG00000176749.9	protein_coding	CDK5R1
ENSG00000176769.9	protein_coding	TCERG1L
ENSG00000176771.18	protein_coding	NCKAP5
ENSG00000176774.6	protein_coding	MAGEB18
ENSG00000176782.3	protein_coding	DEFB104A
ENSG00000176783.15	protein_coding	RUFY1
ENSG00000176787.2	protein_coding	OR52E2
ENSG00000176788.9	protein_coding	BASP1
ENSG00000176797.4	protein_coding	DEFB103A
ENSG00000176798.3	protein_coding	OR51L1
ENSG00000176809.11	protein_coding	LRRC37A3
ENSG00000176834.14	protein_coding	VSIG10
ENSG00000176842.16	protein_coding	IRX5
ENSG00000176845.13	protein_coding	METRNL
ENSG00000176853.16	protein_coding	FAM91A1
ENSG00000176871.9	protein_coding	WSB2
ENSG00000176884.17	protein_coding	GRIN1
ENSG00000176887.7	protein_coding	SOX11
ENSG00000176890.16	protein_coding	TYMS
ENSG00000176893.6	protein_coding	OR51G2
ENSG00000176894.10	protein_coding	PXMP2
ENSG00000176895.9	protein_coding	OR51A7
ENSG00000176896.9	protein_coding	TCEANC
ENSG00000176900.2	protein_coding	OR51T1
ENSG00000176903.5	protein_coding	PNMA1
ENSG00000176907.5	protein_coding	TCIM
ENSG00000176909.12	protein_coding	MAMSTR
ENSG00000176915.15	protein_coding	ANKLE2
ENSG00000176919.13	protein_coding	C8G
ENSG00000176920.13	protein_coding	FUT2
ENSG00000176922.5	protein_coding	OR51S1
ENSG00000176925.8	protein_coding	OR51F2
ENSG00000176927.16	protein_coding	EFCAB5
ENSG00000176928.7	protein_coding	GCNT4
ENSG00000176945.18	protein_coding	MUC20
ENSG00000176946.13	protein_coding	THAP4
ENSG00000176953.13	protein_coding	NFATC2IP
ENSG00000176956.13	protein_coding	LY6H
ENSG00000176971.4	protein_coding	FIBIN
ENSG00000176973.8	protein_coding	FAM89B
ENSG00000176974.21	protein_coding	SHMT1
ENSG00000176978.15	protein_coding	DPP7
ENSG00000176979.14	protein_coding	TRIM60
ENSG00000176986.16	protein_coding	SEC24C
ENSG00000176988.9	protein_coding	FMR1NB
ENSG00000176994.11	protein_coding	SMCR8
ENSG00000177000.13	protein_coding	MTHFR
ENSG00000177023.2	protein_coding	DEFB104B
ENSG00000177025.3	protein_coding	C19orf18
ENSG00000177030.19	protein_coding	DEAF1
ENSG00000177034.17	protein_coding	MTX3
ENSG00000177042.16	protein_coding	TMEM80
ENSG00000177045.11	protein_coding	SIX5
ENSG00000177047.7	protein_coding	IFNW1
ENSG00000177051.6	protein_coding	FBXO46
ENSG00000177054.14	protein_coding	ZDHHC13
ENSG00000177058.12	protein_coding	SLC38A9
ENSG00000177076.6	protein_coding	ACER2
ENSG00000177082.13	protein_coding	WDR73
ENSG00000177084.19	protein_coding	POLE
ENSG00000177096.9	protein_coding	PHETA2
ENSG00000177098.9	protein_coding	SCN4B
ENSG00000177103.15	protein_coding	DSCAML1
ENSG00000177105.10	protein_coding	RHOG
ENSG00000177106.17	protein_coding	EPS8L2
ENSG00000177108.5	protein_coding	ZDHHC22
ENSG00000177119.17	protein_coding	ANO6
ENSG00000177125.6	protein_coding	ZBTB34
ENSG00000177138.17	protein_coding	FAM9B
ENSG00000177143.5	protein_coding	CETN1
ENSG00000177144.8	protein_coding	NUDT4B
ENSG00000177150.13	protein_coding	FAM210A
ENSG00000177151.5	protein_coding	OR2T35
ENSG00000177156.11	protein_coding	TALDO1
ENSG00000177169.10	protein_coding	ULK1
ENSG00000177174.1	protein_coding	OR14C36
ENSG00000177181.15	protein_coding	RIMKLA
ENSG00000177182.11	protein_coding	CLVS1
ENSG00000177186.3	protein_coding	OR2M7
ENSG00000177189.14	protein_coding	RPS6KA3
ENSG00000177191.3	protein_coding	B3GNT8
ENSG00000177192.14	protein_coding	PUS1
ENSG00000177200.18	protein_coding	CHD9
ENSG00000177201.3	protein_coding	OR2T12
ENSG00000177202.3	protein_coding	SPACA4
ENSG00000177212.4	protein_coding	OR2T33
ENSG00000177225.17	protein_coding	GATD1
ENSG00000177238.14	protein_coding	TRIM72
ENSG00000177239.16	protein_coding	MAN1B1
ENSG00000177243.3	protein_coding	DEFB103B
ENSG00000177257.3	protein_coding	DEFB4B
ENSG00000177272.10	protein_coding	KCNA3
ENSG00000177275.4	protein_coding	OR2AJ1
ENSG00000177283.8	protein_coding	FZD8
ENSG00000177291.4	protein_coding	GJD4
ENSG00000177294.7	protein_coding	FBXO39
ENSG00000177300.7	protein_coding	CLDN22
ENSG00000177301.16	protein_coding	KCNA2
ENSG00000177302.15	protein_coding	TOP3A
ENSG00000177303.10	protein_coding	CASKIN2
ENSG00000177311.12	protein_coding	ZBTB38
ENSG00000177324.14	protein_coding	BEND2
ENSG00000177352.10	protein_coding	CCDC71
ENSG00000177354.12	protein_coding	C10orf71
ENSG00000177363.5	protein_coding	LRRN4CL
ENSG00000177370.5	protein_coding	TIMM22
ENSG00000177374.13	protein_coding	HIC1
ENSG00000177380.14	protein_coding	PPFIA3
ENSG00000177383.5	protein_coding	MAGEF1
ENSG00000177398.19	protein_coding	UMODL1
ENSG00000177409.12	protein_coding	SAMD9L
ENSG00000177414.14	protein_coding	UBE2U
ENSG00000177425.11	protein_coding	PAWR
ENSG00000177426.22	protein_coding	TGIF1
ENSG00000177427.13	protein_coding	MIEF2
ENSG00000177432.8	protein_coding	NAP1L5
ENSG00000177453.7	protein_coding	NIM1K
ENSG00000177455.15	protein_coding	CD19
ENSG00000177459.11	protein_coding	ERICH5
ENSG00000177462.9	protein_coding	OR2T8
ENSG00000177463.16	protein_coding	NR2C2
ENSG00000177464.5	protein_coding	GPR4
ENSG00000177465.5	protein_coding	ACOT4
ENSG00000177468.7	protein_coding	OLIG3
ENSG00000177469.13	protein_coding	CAVIN1
ENSG00000177476.3	protein_coding	OR2G3
ENSG00000177479.20	protein_coding	ARIH2
ENSG00000177483.12	protein_coding	RBM44
ENSG00000177485.7	protein_coding	ZBTB33
ENSG00000177489.1	protein_coding	OR2G2
ENSG00000177494.6	protein_coding	ZBED2
ENSG00000177504.10	protein_coding	VCX2
ENSG00000177508.12	protein_coding	IRX3
ENSG00000177511.6	protein_coding	ST8SIA3
ENSG00000177519.4	protein_coding	RPRM
ENSG00000177535.10	protein_coding	OR2B11
ENSG00000177542.11	protein_coding	SLC25A22
ENSG00000177548.13	protein_coding	RABEP2
ENSG00000177551.5	protein_coding	NHLH2
ENSG00000177556.12	protein_coding	ATOX1
ENSG00000177558.4	protein_coding	FAM187B
ENSG00000177565.19	protein_coding	TBL1XR1
ENSG00000177570.15	protein_coding	SAMD12
ENSG00000177575.13	protein_coding	CD163
ENSG00000177576.12	protein_coding	C18orf32
ENSG00000177595.19	protein_coding	PIDD1
ENSG00000177599.13	protein_coding	ZNF491
ENSG00000177600.9	protein_coding	RPLP2
ENSG00000177602.5	protein_coding	HASPIN
ENSG00000177606.8	protein_coding	JUN
ENSG00000177613.9	protein_coding	CSTF2T
ENSG00000177614.11	protein_coding	PGBD5
ENSG00000177627.11	protein_coding	C12orf54
ENSG00000177628.16	protein_coding	GBA1
ENSG00000177646.20	protein_coding	ACAD9
ENSG00000177663.15	protein_coding	IL17RA
ENSG00000177666.17	protein_coding	PNPLA2
ENSG00000177669.4	protein_coding	MBOAT4
ENSG00000177673.4	protein_coding	TEX44
ENSG00000177674.16	protein_coding	AGTRAP
ENSG00000177675.9	protein_coding	CD163L1
ENSG00000177679.16	protein_coding	SRRM3
ENSG00000177683.14	protein_coding	THAP5
ENSG00000177684.4	protein_coding	DEFB114
ENSG00000177685.17	protein_coding	CRACR2B
ENSG00000177688.7	protein_coding	SUMO4
ENSG00000177689.10	protein_coding	MAGEB10
ENSG00000177692.12	protein_coding	DNAJC28
ENSG00000177693.5	protein_coding	OR4F4
ENSG00000177694.16	protein_coding	NAALADL2
ENSG00000177697.19	protein_coding	CD151
ENSG00000177700.6	protein_coding	POLR2L
ENSG00000177706.9	protein_coding	FAM20C
ENSG00000177707.11	protein_coding	NECTIN3
ENSG00000177710.6	protein_coding	SLC35G5
ENSG00000177721.5	protein_coding	ANXA2R
ENSG00000177728.17	protein_coding	TMEM94
ENSG00000177731.16	protein_coding	FLII
ENSG00000177732.9	protein_coding	SOX12
ENSG00000177733.7	protein_coding	HNRNPA0
ENSG00000177752.15	protein_coding	YIPF7
ENSG00000177791.12	protein_coding	MYOZ1
ENSG00000177807.10	protein_coding	KCNJ10
ENSG00000177830.18	protein_coding	CHID1
ENSG00000177839.7	protein_coding	PCDHB9
ENSG00000177842.12	protein_coding	ZNF620
ENSG00000177853.15	protein_coding	ZNF518A
ENSG00000177854.8	protein_coding	TMEM187
ENSG00000177868.12	protein_coding	SVBP
ENSG00000177873.14	protein_coding	ZNF619
ENSG00000177875.5	protein_coding	CCDC184
ENSG00000177879.17	protein_coding	AP3S1
ENSG00000177885.15	protein_coding	GRB2
ENSG00000177888.8	protein_coding	ZBTB41
ENSG00000177889.10	protein_coding	UBE2N
ENSG00000177910.9	protein_coding	SPATA31C2
ENSG00000177917.12	protein_coding	ARL6IP6
ENSG00000177932.7	protein_coding	ZNF354C
ENSG00000177938.5	protein_coding	CAPZA3
ENSG00000177943.14	protein_coding	MAMDC4
ENSG00000177947.15	protein_coding	ODF3
ENSG00000177951.18	protein_coding	BET1L
ENSG00000177954.14	protein_coding	RPS27
ENSG00000177963.15	protein_coding	RIC8A
ENSG00000177971.9	protein_coding	IMP3
ENSG00000177981.11	protein_coding	ASB8
ENSG00000177984.7	protein_coding	LCN15
ENSG00000177989.14	protein_coding	ODF3B
ENSG00000177990.12	protein_coding	DPY19L2
ENSG00000177992.10	protein_coding	SPATA31E1
ENSG00000177994.16	protein_coding	C2orf73
ENSG00000178015.5	protein_coding	GPR150
ENSG00000178021.11	protein_coding	TSPYL6
ENSG00000178026.13	protein_coding	LRRC75B
ENSG00000178028.14	protein_coding	DMAP1
ENSG00000178031.18	protein_coding	ADAMTSL1
ENSG00000178033.6	protein_coding	CALHM5
ENSG00000178035.13	protein_coding	IMPDH2
ENSG00000178038.17	protein_coding	ALS2CL
ENSG00000178053.21	protein_coding	MLF1
ENSG00000178057.15	protein_coding	NDUFAF3
ENSG00000178074.6	protein_coding	C2orf69
ENSG00000178075.20	protein_coding	GRAMD1C
ENSG00000178078.12	protein_coding	STAP2
ENSG00000178084.2	protein_coding	HTR3C
ENSG00000178093.14	protein_coding	TSSK6
ENSG00000178096.9	protein_coding	BOLA1
ENSG00000178104.22	protein_coding	PDE4DIP
ENSG00000178105.12	protein_coding	DDX10
ENSG00000178115.12	protein_coding	GOLGA8Q
ENSG00000178125.15	protein_coding	PPP1R42
ENSG00000178127.13	protein_coding	NDUFV2
ENSG00000178149.17	protein_coding	DALRD3
ENSG00000178150.10	protein_coding	ZNF114
ENSG00000178163.8	protein_coding	ZNF518B
ENSG00000178171.12	protein_coding	AMER3
ENSG00000178172.7	protein_coding	SPINK6
ENSG00000178175.12	protein_coding	ZNF366
ENSG00000178177.17	protein_coding	LCORL
ENSG00000178184.16	protein_coding	PARD6G
ENSG00000178187.8	protein_coding	ZNF454
ENSG00000178188.16	protein_coding	SH2B1
ENSG00000178199.14	protein_coding	ZC3H12D
ENSG00000178201.5	protein_coding	VN1R1
ENSG00000178202.14	protein_coding	POGLUT3
ENSG00000178209.17	protein_coding	PLEC
ENSG00000178217.15	protein_coding	SH2D4B
ENSG00000178222.14	protein_coding	RNF212
ENSG00000178226.11	protein_coding	PRSS36
ENSG00000178229.8	protein_coding	ZNF543
ENSG00000178233.18	protein_coding	TMEM151B
ENSG00000178234.13	protein_coding	GALNT11
ENSG00000178235.8	protein_coding	SLITRK1
ENSG00000178252.19	protein_coding	WDR6
ENSG00000178257.4	protein_coding	PRM3
ENSG00000178279.4	protein_coding	TNP2
ENSG00000178287.18	protein_coding	SPAG11A
ENSG00000178295.15	protein_coding	GEN1
ENSG00000178297.15	protein_coding	TMPRSS9
ENSG00000178301.4	protein_coding	AQP11
ENSG00000178307.10	protein_coding	TMEM11
ENSG00000178338.11	protein_coding	ZNF354B
ENSG00000178342.5	protein_coding	KCNG2
ENSG00000178343.5	protein_coding	SHISA3
ENSG00000178358.5	protein_coding	OR2D3
ENSG00000178363.5	protein_coding	CALML3
ENSG00000178372.8	protein_coding	CALML5
ENSG00000178381.12	protein_coding	ZFAND2A
ENSG00000178385.15	protein_coding	PLEKHM3
ENSG00000178386.13	protein_coding	ZNF223
ENSG00000178394.5	protein_coding	HTR1A
ENSG00000178395.7	protein_coding	CCDC185
ENSG00000178397.13	protein_coding	FAM220A
ENSG00000178401.16	protein_coding	DNAJC22
ENSG00000178403.4	protein_coding	NEUROG2
ENSG00000178404.11	protein_coding	CEP295NL
ENSG00000178409.14	protein_coding	BEND3
ENSG00000178425.14	protein_coding	NT5DC1
ENSG00000178440.9	protein_coding	TIMM23B-AGAP6
ENSG00000178445.10	protein_coding	GLDC
ENSG00000178449.9	protein_coding	COX14
ENSG00000178460.18	protein_coding	MCMDC2
ENSG00000178462.12	protein_coding	TUBAL3
ENSG00000178467.18	protein_coding	P4HTM
ENSG00000178473.7	protein_coding	UCN3
ENSG00000178498.16	protein_coding	DTX3
ENSG00000178502.6	protein_coding	KLHL11
ENSG00000178522.15	protein_coding	AMBN
ENSG00000178531.6	protein_coding	CTXN1
ENSG00000178537.10	protein_coding	SLC25A20
ENSG00000178538.10	protein_coding	CA8
ENSG00000178562.18	protein_coding	CD28
ENSG00000178567.8	protein_coding	EPM2AIP1
ENSG00000178568.15	protein_coding	ERBB4
ENSG00000178573.7	protein_coding	MAF
ENSG00000178585.15	protein_coding	CTNNBIP1
ENSG00000178586.7	protein_coding	OR6B3
ENSG00000178591.7	protein_coding	DEFB125
ENSG00000178597.7	protein_coding	PSAPL1
ENSG00000178602.8	protein_coding	OTOS
ENSG00000178605.14	protein_coding	GTPBP6
ENSG00000178605.14_PAR_Y	protein_coding	GTPBP6
ENSG00000178607.17	protein_coding	ERN1
ENSG00000178623.13	protein_coding	GPR35
ENSG00000178645.13	protein_coding	C10orf53
ENSG00000178662.16	protein_coding	CSRNP3
ENSG00000178665.16	protein_coding	ZNF713
ENSG00000178685.14	protein_coding	PARP10
ENSG00000178690.4	protein_coding	DYNAP
ENSG00000178691.11	protein_coding	SUZ12
ENSG00000178694.10	protein_coding	NSUN3
ENSG00000178695.6	protein_coding	KCTD12
ENSG00000178700.9	protein_coding	DHFR2
ENSG00000178718.7	protein_coding	RPP25
ENSG00000178719.17	protein_coding	GRINA
ENSG00000178726.7	protein_coding	THBD
ENSG00000178732.6	protein_coding	GP5
ENSG00000178741.12	protein_coding	COX5A
ENSG00000178750.3	protein_coding	STX19
ENSG00000178752.16	protein_coding	ERFE
ENSG00000178761.15	protein_coding	FAM219B
ENSG00000178764.8	protein_coding	ZHX2
ENSG00000178772.7	protein_coding	CPN2
ENSG00000178773.15	protein_coding	CPNE7
ENSG00000178776.5	protein_coding	C5orf46
ENSG00000178789.9	protein_coding	CD300LB
ENSG00000178795.10	protein_coding	GDPD4
ENSG00000178796.13	protein_coding	RIIAD1
ENSG00000178802.18	protein_coding	MPI
ENSG00000178804.8	protein_coding	H1-8
ENSG00000178809.12	protein_coding	TRIM73
ENSG00000178814.17	protein_coding	OPLAH
ENSG00000178821.13	protein_coding	TMEM52
ENSG00000178826.11	protein_coding	TMEM139
ENSG00000178828.7	protein_coding	RNF186
ENSG00000178852.16	protein_coding	EFCAB13
ENSG00000178860.9	protein_coding	MSC
ENSG00000178878.13	protein_coding	APOLD1
ENSG00000178882.15	protein_coding	RFLNA
ENSG00000178896.9	protein_coding	EXOSC4
ENSG00000178904.19	protein_coding	DPY19L3
ENSG00000178913.9	protein_coding	TAF7
ENSG00000178917.17	protein_coding	ZNF852
ENSG00000178919.9	protein_coding	FOXE1
ENSG00000178921.14	protein_coding	PFAS
ENSG00000178922.18	protein_coding	HYI
ENSG00000178927.19	protein_coding	CYBC1
ENSG00000178928.9	protein_coding	TPRX1
ENSG00000178934.5	protein_coding	LGALS7B
ENSG00000178935.5	protein_coding	ZNF552
ENSG00000178947.9	protein_coding	SMIM10L2A
ENSG00000178950.18	protein_coding	GAK
ENSG00000178951.9	protein_coding	ZBTB7A
ENSG00000178952.11	protein_coding	TUFM
ENSG00000178965.14	protein_coding	ERICH3
ENSG00000178966.17	protein_coding	RMI1
ENSG00000178971.17	protein_coding	CTC1
ENSG00000178974.11	protein_coding	FBXO34
ENSG00000178980.16	protein_coding	SELENOW
ENSG00000178982.10	protein_coding	EIF3K
ENSG00000178988.11	protein_coding	MRFAP1L1
ENSG00000178996.14	protein_coding	SNX18
ENSG00000178997.12	protein_coding	EXD1
ENSG00000178999.13	protein_coding	AURKB
ENSG00000179002.6	protein_coding	TAS1R2
ENSG00000179008.9	protein_coding	C14orf39
ENSG00000179010.16	protein_coding	MRFAP1
ENSG00000179021.10	protein_coding	C3orf38
ENSG00000179023.9	protein_coding	KLHDC7A
ENSG00000179029.15	protein_coding	TMEM107
ENSG00000179041.4	protein_coding	RRS1
ENSG00000179044.16	protein_coding	EXOC3L1
ENSG00000179046.9	protein_coding	TRIML2
ENSG00000179051.14	protein_coding	RCC2
ENSG00000179055.8	protein_coding	OR13D1
ENSG00000179057.14	protein_coding	IGSF22
ENSG00000179058.8	protein_coding	C9orf50
ENSG00000179059.10	protein_coding	ZFP42
ENSG00000179071.5	protein_coding	CCDC89
ENSG00000179083.7	protein_coding	FAM133A
ENSG00000179085.8	protein_coding	DPM3
ENSG00000179088.16	protein_coding	C12orf42
ENSG00000179091.5	protein_coding	CYC1
ENSG00000179094.16	protein_coding	PER1
ENSG00000179097.7	protein_coding	HTR1F
ENSG00000179104.9	protein_coding	TMTC2
ENSG00000179111.9	protein_coding	HES7
ENSG00000179115.11	protein_coding	FARSA
ENSG00000179119.15	protein_coding	SPTY2D1
ENSG00000179133.15	protein_coding	C10orf67
ENSG00000179134.16	protein_coding	SAMD4B
ENSG00000179142.2	protein_coding	CYP11B2
ENSG00000179144.5	protein_coding	GIMAP7
ENSG00000179148.10	protein_coding	ALOXE3
ENSG00000179151.13	protein_coding	EDC3
ENSG00000179152.20	protein_coding	TCAIM
ENSG00000179163.12	protein_coding	FUCA1
ENSG00000179165.12	protein_coding	PXT1
ENSG00000179168.15	protein_coding	GGN
ENSG00000179172.10	protein_coding	HNRNPCL1
ENSG00000179178.11	protein_coding	TMEM125
ENSG00000179195.16	protein_coding	ZNF664
ENSG00000179213.14	protein_coding	SIGLECL1
ENSG00000179218.15	protein_coding	CALR
ENSG00000179222.18	protein_coding	MAGED1
ENSG00000179240.13	protein_coding	GVQW3
ENSG00000179241.13	protein_coding	LDLRAD3
ENSG00000179242.16	protein_coding	CDH4
ENSG00000179256.2	protein_coding	SMCO3
ENSG00000179262.10	protein_coding	RAD23A
ENSG00000179270.7	protein_coding	PCARE
ENSG00000179271.3	protein_coding	GADD45GIP1
ENSG00000179284.6	protein_coding	DAND5
ENSG00000179292.5	protein_coding	TMEM151A
ENSG00000179295.19	protein_coding	PTPN11
ENSG00000179299.17	protein_coding	NSUN7
ENSG00000179300.4	protein_coding	RTL3
ENSG00000179304.18	protein_coding	FAM156B
ENSG00000179314.16	protein_coding	WSCD1
ENSG00000179331.3	protein_coding	RAB39A
ENSG00000179335.20	protein_coding	CLK3
ENSG00000179344.17	protein_coding	HLA-DQB1
ENSG00000179348.13	protein_coding	GATA2
ENSG00000179361.18	protein_coding	ARID3B
ENSG00000179363.7	protein_coding	TMEM31
ENSG00000179364.15	protein_coding	PACS2
ENSG00000179387.10	protein_coding	ELMOD2
ENSG00000179388.9	protein_coding	EGR3
ENSG00000179397.18	protein_coding	CATSPERE
ENSG00000179399.15	protein_coding	GPC5
ENSG00000179403.12	protein_coding	VWA1
ENSG00000179407.4	protein_coding	DNAJB8
ENSG00000179409.11	protein_coding	GEMIN4
ENSG00000179412.11	protein_coding	HNRNPCL4
ENSG00000179431.7	protein_coding	FJX1
ENSG00000179454.14	protein_coding	KLHL28
ENSG00000179455.10	protein_coding	MKRN3
ENSG00000179456.12	protein_coding	ZBTB18
ENSG00000179468.6	protein_coding	OR9A2
ENSG00000179476.8	protein_coding	C14orf28
ENSG00000179477.11	protein_coding	ALOX12B
ENSG00000179520.11	protein_coding	SLC17A8
ENSG00000179526.17	protein_coding	SHARPIN
ENSG00000179528.16	protein_coding	LBX2
ENSG00000179532.13	protein_coding	DNHD1
ENSG00000179542.16	protein_coding	SLITRK4
ENSG00000179546.5	protein_coding	HTR1D
ENSG00000179562.3	protein_coding	GCC1
ENSG00000179564.4	protein_coding	LSMEM2
ENSG00000179580.10	protein_coding	RNF151
ENSG00000179583.21	protein_coding	CIITA
ENSG00000179588.9	protein_coding	ZFPM1
ENSG00000179593.16	protein_coding	ALOX15B
ENSG00000179598.6	protein_coding	PLD6
ENSG00000179600.4	protein_coding	GPHB5
ENSG00000179603.19	protein_coding	GRM8
ENSG00000179604.10	protein_coding	CDC42EP4
ENSG00000179615.3	protein_coding	OR2AP1
ENSG00000179626.4	protein_coding	OR6C4
ENSG00000179627.10	protein_coding	ZBTB42
ENSG00000179630.11	protein_coding	LACC1
ENSG00000179632.10	protein_coding	MAF1
ENSG00000179636.15	protein_coding	TPPP2
ENSG00000179639.11	protein_coding	FCER1A
ENSG00000179673.5	protein_coding	RPRML
ENSG00000179674.4	protein_coding	ARL14
ENSG00000179695.3	protein_coding	OR6C2
ENSG00000179698.14	protein_coding	WDR97
ENSG00000179709.8	protein_coding	NLRP8
ENSG00000179715.13	protein_coding	PCED1B
ENSG00000179750.16	protein_coding	APOBEC3B
ENSG00000179751.7	protein_coding	SYCN
ENSG00000179761.12	protein_coding	PIPOX
ENSG00000179772.8	protein_coding	FOXS1
ENSG00000179774.9	protein_coding	ATOH7
ENSG00000179776.19	protein_coding	CDH5
ENSG00000179796.13	protein_coding	LRRC3B
ENSG00000179813.7	protein_coding	FAM216B
ENSG00000179817.5	protein_coding	MRGPRX4
ENSG00000179820.16	protein_coding	MYADM
ENSG00000179826.8	protein_coding	MRGPRX3
ENSG00000179832.18	protein_coding	MROH1
ENSG00000179833.4	protein_coding	SERTAD2
ENSG00000179841.8	protein_coding	AKAP5
ENSG00000179846.11	protein_coding	NKPD1
ENSG00000179855.9	protein_coding	GIPC3
ENSG00000179859.10	protein_coding	RNF227
ENSG00000179862.7	protein_coding	CITED4
ENSG00000179869.15	protein_coding	ABCA13
ENSG00000179873.14	protein_coding	NLRP11
ENSG00000179886.6	protein_coding	TIGD5
ENSG00000179889.20	protein_coding	PDXDC1
ENSG00000179902.13	protein_coding	CFAP276
ENSG00000179909.16	protein_coding	ZNF154
ENSG00000179912.21	protein_coding	R3HDM2
ENSG00000179913.11	protein_coding	B3GNT3
ENSG00000179914.5	protein_coding	ITLN1
ENSG00000179915.25	protein_coding	NRXN1
ENSG00000179918.19	protein_coding	SEPHS2
ENSG00000179919.3	protein_coding	OR10A7
ENSG00000179921.15	protein_coding	GPBAR1
ENSG00000179922.6	protein_coding	ZNF784
ENSG00000179930.6	protein_coding	ZNF648
ENSG00000179933.6	protein_coding	C14orf119
ENSG00000179934.7	protein_coding	CCR8
ENSG00000179938.13	protein_coding	GOLGA8J
ENSG00000179941.9	protein_coding	BBS10
ENSG00000179943.8	protein_coding	FIZ1
ENSG00000179950.15	protein_coding	PUF60
ENSG00000179954.16	protein_coding	SSC5D
ENSG00000179958.10	protein_coding	DCTPP1
ENSG00000179965.12	protein_coding	ZNF771
ENSG00000179981.11	protein_coding	TSHZ1
ENSG00000179988.15	protein_coding	PSTK
ENSG00000180008.9	protein_coding	SOCS4
ENSG00000180011.7	protein_coding	PTGR3
ENSG00000180016.2	protein_coding	OR1E1
ENSG00000180035.13	protein_coding	ZNF48
ENSG00000180042.5	protein_coding	OR1R1P
ENSG00000180043.11	protein_coding	GARIN5B
ENSG00000180044.6	protein_coding	C3orf80
ENSG00000180053.8	protein_coding	NKX2-6
ENSG00000180061.10	protein_coding	TMEM150B
ENSG00000180071.21	protein_coding	ANKRD18A
ENSG00000180083.11	protein_coding	WFDC11
ENSG00000180089.6	protein_coding	TMEM86B
ENSG00000180090.5	protein_coding	OR3A1
ENSG00000180096.13	protein_coding	SEPTIN1
ENSG00000180098.9	protein_coding	TRNAU1AP
ENSG00000180104.16	protein_coding	EXOC3
ENSG00000180113.16	protein_coding	TDRD6
ENSG00000180116.15	protein_coding	C12orf40
ENSG00000180138.7	protein_coding	CSNK1A1L
ENSG00000180155.20	protein_coding	LYNX1
ENSG00000180176.15	protein_coding	TH
ENSG00000180182.11	protein_coding	MED14
ENSG00000180185.13	protein_coding	FAHD1
ENSG00000180190.13	protein_coding	TDRP
ENSG00000180198.17	protein_coding	RCC1
ENSG00000180205.4	protein_coding	WFDC9
ENSG00000180209.12	protein_coding	MYL11
ENSG00000180210.15	protein_coding	F2
ENSG00000180219.2	protein_coding	GARIN6
ENSG00000180228.14	protein_coding	PRKRA
ENSG00000180233.11	protein_coding	ZNRF2
ENSG00000180245.7	protein_coding	RRH
ENSG00000180251.5	protein_coding	SLC9A4
ENSG00000180257.14	protein_coding	ZNF816
ENSG00000180263.14	protein_coding	FGD6
ENSG00000180264.12	protein_coding	ADGRD2
ENSG00000180269.8	protein_coding	GPR139
ENSG00000180287.17	protein_coding	PLD5
ENSG00000180304.14	protein_coding	OAZ2
ENSG00000180305.5	protein_coding	WFDC10A
ENSG00000180316.13	protein_coding	PNPLA1
ENSG00000180318.4	protein_coding	ALX1
ENSG00000180329.14	protein_coding	CCDC43
ENSG00000180332.7	protein_coding	KCTD4
ENSG00000180336.18	protein_coding	MEIOC
ENSG00000180340.7	protein_coding	FZD2
ENSG00000180346.5	protein_coding	TIGD2
ENSG00000180347.15	protein_coding	ITPRID1
ENSG00000180353.11	protein_coding	HCLS1
ENSG00000180354.16	protein_coding	MTURN
ENSG00000180357.10	protein_coding	ZNF609
ENSG00000180370.10	protein_coding	PAK2
ENSG00000180376.17	protein_coding	CCDC66
ENSG00000180383.4	protein_coding	DEFB124
ENSG00000180386.8	protein_coding	KRTAP9-7
ENSG00000180398.13	protein_coding	MCFD2
ENSG00000180423.4	protein_coding	HARBI1
ENSG00000180424.7	protein_coding	DEFB123
ENSG00000180425.11	protein_coding	C11orf71
ENSG00000180432.6	protein_coding	CYP8B1
ENSG00000180433.6	protein_coding	OR6K6
ENSG00000180440.4	protein_coding	SERTM1
ENSG00000180447.7	protein_coding	GAS1
ENSG00000180448.11	protein_coding	ARHGAP45
ENSG00000180475.4	protein_coding	OR10Q1
ENSG00000180479.14	protein_coding	ZNF571
ENSG00000180481.11	protein_coding	GLIPR1L2
ENSG00000180483.7	protein_coding	DEFB119
ENSG00000180488.16	protein_coding	MIGA1
ENSG00000180509.13	protein_coding	KCNE1
ENSG00000180530.11	protein_coding	NRIP1
ENSG00000180532.12	protein_coding	ZSCAN4
ENSG00000180535.4	protein_coding	BHLHA15
ENSG00000180537.13	protein_coding	RNF182
ENSG00000180543.5	protein_coding	TSPYL5
ENSG00000180549.8	protein_coding	FUT7
ENSG00000180573.10	protein_coding	H2AC6
ENSG00000180574.4	protein_coding	EIF2S3B
ENSG00000180592.17	protein_coding	SKIDA1
ENSG00000180596.8	protein_coding	H2BC4
ENSG00000180611.7	protein_coding	MB21D2
ENSG00000180613.11	protein_coding	GSX2
ENSG00000180616.9	protein_coding	SSTR2
ENSG00000180626.10	protein_coding	ZNF594
ENSG00000180628.15	protein_coding	PCGF5
ENSG00000180638.19	protein_coding	SLC47A2
ENSG00000180644.8	protein_coding	PRF1
ENSG00000180658.4	protein_coding	OR2A4
ENSG00000180660.9	protein_coding	MAB21L1
ENSG00000180667.11	protein_coding	YOD1
ENSG00000180694.14	protein_coding	TMEM64
ENSG00000180697.9	protein_coding	C3orf22
ENSG00000180708.6	protein_coding	OR10K2
ENSG00000180720.8	protein_coding	CHRM4
ENSG00000180730.5	protein_coding	SHISA2
ENSG00000180739.15	protein_coding	S1PR5
ENSG00000180745.5	protein_coding	CLRN3
ENSG00000180758.12	protein_coding	GPR157
ENSG00000180767.11	protein_coding	CHST13
ENSG00000180772.8	protein_coding	AGTR2
ENSG00000180773.15	protein_coding	SLC36A4
ENSG00000180776.17	protein_coding	ZDHHC20
ENSG00000180777.15	protein_coding	ANKRD30B
ENSG00000180785.10	protein_coding	OR51E1
ENSG00000180787.6	protein_coding	ZFP3
ENSG00000180801.14	protein_coding	ARSJ
ENSG00000180806.5	protein_coding	HOXC9
ENSG00000180815.15	protein_coding	MAP3K15
ENSG00000180817.12	protein_coding	PPA1
ENSG00000180818.5	protein_coding	HOXC10
ENSG00000180822.12	protein_coding	PSMG4
ENSG00000180828.3	protein_coding	BHLHE22
ENSG00000180834.8	protein_coding	MAP6D1
ENSG00000180855.16	protein_coding	ZNF443
ENSG00000180871.8	protein_coding	CXCR2
ENSG00000180872.7	protein_coding	DEFB112
ENSG00000180875.5	protein_coding	GREM2
ENSG00000180878.3	protein_coding	C11orf42
ENSG00000180879.14	protein_coding	SSR4
ENSG00000180881.21	protein_coding	CAPS2
ENSG00000180884.10	protein_coding	ZNF792
ENSG00000180891.13	protein_coding	CUEDC1
ENSG00000180900.20	protein_coding	SCRIB
ENSG00000180901.11	protein_coding	KCTD2
ENSG00000180902.18	protein_coding	D2HGDH
ENSG00000180914.11	protein_coding	OXTR
ENSG00000180917.18	protein_coding	CMTR2
ENSG00000180919.3	protein_coding	OR56B4
ENSG00000180921.7	protein_coding	FAM83H
ENSG00000180929.6	protein_coding	GPR62
ENSG00000180934.7	protein_coding	OR56A1
ENSG00000180938.6	protein_coding	ZNF572
ENSG00000180957.19	protein_coding	PITPNB
ENSG00000180964.17	protein_coding	TCEAL8
ENSG00000180974.5	protein_coding	OR52E4
ENSG00000180979.10	protein_coding	LRRC57
ENSG00000180988.3	protein_coding	OR52N2
ENSG00000180992.7	protein_coding	MRPL14
ENSG00000180998.12	protein_coding	GPR137C
ENSG00000180999.11	protein_coding	C1orf105
ENSG00000181001.3	protein_coding	OR52N1
ENSG00000181004.10	protein_coding	BBS12
ENSG00000181007.9	protein_coding	ZFP82
ENSG00000181009.5	protein_coding	OR52N5
ENSG00000181016.9	protein_coding	LSMEM1
ENSG00000181017.7	protein_coding	OR56B2P
ENSG00000181019.13	protein_coding	NQO1
ENSG00000181023.8	protein_coding	OR56B1
ENSG00000181026.15	protein_coding	AEN
ENSG00000181027.11	protein_coding	FKRP
ENSG00000181029.9	protein_coding	TRAPPC5
ENSG00000181031.16	protein_coding	RPH3AL
ENSG00000181035.14	protein_coding	SLC25A42
ENSG00000181036.14	protein_coding	FCRL6
ENSG00000181038.14	protein_coding	METTL23
ENSG00000181045.15	protein_coding	SLC26A11
ENSG00000181061.14	protein_coding	HIGD1A
ENSG00000181072.12	protein_coding	CHRM2
ENSG00000181074.5	protein_coding	OR52N4
ENSG00000181085.15	protein_coding	MAPK15
ENSG00000181090.21	protein_coding	EHMT1
ENSG00000181092.10	protein_coding	ADIPOQ
ENSG00000181104.7	protein_coding	F2R
ENSG00000181109.3	protein_coding	OR52P1
ENSG00000181135.16	protein_coding	ZNF707
ENSG00000181143.15	protein_coding	MUC16
ENSG00000181163.14	protein_coding	NPM1
ENSG00000181191.12	protein_coding	PJA1
ENSG00000181192.12	protein_coding	DHTKD1
ENSG00000181195.11	protein_coding	PENK
ENSG00000181214.8	protein_coding	OR8G2P
ENSG00000181215.16	protein_coding	C4orf50
ENSG00000181218.6	protein_coding	H2AC25
ENSG00000181220.18	protein_coding	ZNF746
ENSG00000181222.19	protein_coding	POLR2A
ENSG00000181234.10	protein_coding	TMEM132C
ENSG00000181240.14	protein_coding	SLC25A41
ENSG00000181264.9	protein_coding	TLCD5
ENSG00000181273.3	protein_coding	OR5AK2
ENSG00000181274.7	protein_coding	FRAT2
ENSG00000181282.5	protein_coding	OR5AK3P
ENSG00000181284.3	protein_coding	TMEM102
ENSG00000181291.8	protein_coding	TMEM132E
ENSG00000181315.11	protein_coding	ZNF322
ENSG00000181322.15	protein_coding	NME9
ENSG00000181323.8	protein_coding	SPEM1
ENSG00000181333.12	protein_coding	HEPHL1
ENSG00000181350.12	protein_coding	LRRC75A
ENSG00000181371.5	protein_coding	OR5M8
ENSG00000181374.8	protein_coding	CCL13
ENSG00000181378.14	protein_coding	CFAP65
ENSG00000181381.15	protein_coding	DDX60L
ENSG00000181392.17	protein_coding	SYNE4
ENSG00000181396.13	protein_coding	OGFOD3
ENSG00000181404.18	protein_coding	WASHC1
ENSG00000181408.5	protein_coding	UTS2R
ENSG00000181409.14	protein_coding	AATK
ENSG00000181418.8	protein_coding	DDN
ENSG00000181433.11	protein_coding	SAGE1
ENSG00000181444.13	protein_coding	ZNF467
ENSG00000181449.4	protein_coding	SOX2
ENSG00000181450.18	protein_coding	ZNF678
ENSG00000181458.10	protein_coding	TMEM45A
ENSG00000181467.5	protein_coding	RAP2B
ENSG00000181472.5	protein_coding	ZBTB2
ENSG00000181481.14	protein_coding	RNF135
ENSG00000181499.3	protein_coding	OR6T1
ENSG00000181513.15	protein_coding	ACBD4
ENSG00000181518.4	protein_coding	OR8D4
ENSG00000181523.13	protein_coding	SGSH
ENSG00000181541.6	protein_coding	MAB21L2
ENSG00000181544.16	protein_coding	FANCB
ENSG00000181552.4	protein_coding	EDDM3B
ENSG00000181555.22	protein_coding	SETD2
ENSG00000181562.5	protein_coding	EDDM3A
ENSG00000181585.7	protein_coding	TMIE
ENSG00000181588.17	protein_coding	MEX3D
ENSG00000181609.5	protein_coding	OR52D1
ENSG00000181610.13	protein_coding	MRPS23
ENSG00000181616.10	protein_coding	OR52H1
ENSG00000181617.6	protein_coding	FDCSP
ENSG00000181619.12	protein_coding	GPR135
ENSG00000181625.18	protein_coding	SLX1B
ENSG00000181626.12	protein_coding	ANKRD62
ENSG00000181631.7	protein_coding	P2RY13
ENSG00000181634.8	protein_coding	TNFSF15
ENSG00000181638.20	protein_coding	ZFP41
ENSG00000181649.8	protein_coding	PHLDA2
ENSG00000181652.20	protein_coding	ATG9B
ENSG00000181656.7	protein_coding	GPR88
ENSG00000181666.19	protein_coding	ZNF875
ENSG00000181690.8	protein_coding	PLAG1
ENSG00000181693.9	protein_coding	OR8H1
ENSG00000181698.5	protein_coding	OR5T1
ENSG00000181704.12	protein_coding	YIPF6
ENSG00000181718.7	protein_coding	OR5T2
ENSG00000181722.18	protein_coding	ZBTB20
ENSG00000181733.4	protein_coding	OR2Z1
ENSG00000181744.9	protein_coding	DIPK2A
ENSG00000181751.10	protein_coding	MACIR
ENSG00000181752.3	protein_coding	OR8K5
ENSG00000181754.7	protein_coding	AMIGO1
ENSG00000181761.5	protein_coding	OR8H3
ENSG00000181767.3	protein_coding	OR8H2
ENSG00000181773.7	protein_coding	GPR3
ENSG00000181778.5	protein_coding	TMEM252
ENSG00000181781.10	protein_coding	ODF3L2
ENSG00000181785.3	protein_coding	OR5AS1
ENSG00000181786.5	protein_coding	ACTL9
ENSG00000181788.4	protein_coding	SIAH2
ENSG00000181789.14	protein_coding	COPG1
ENSG00000181790.12	protein_coding	ADGRB1
ENSG00000181803.3	protein_coding	OR6S1
ENSG00000181804.15	protein_coding	SLC9A9
ENSG00000181817.6	protein_coding	LSM10
ENSG00000181826.10	protein_coding	RELL1
ENSG00000181827.16	protein_coding	RFX7
ENSG00000181830.9	protein_coding	SLC35C1
ENSG00000181847.12	protein_coding	TIGIT
ENSG00000181852.18	protein_coding	RNF41
ENSG00000181856.15	protein_coding	SLC2A4
ENSG00000181867.3	protein_coding	FTMT
ENSG00000181873.13	protein_coding	IBA57
ENSG00000181885.18	protein_coding	CLDN7
ENSG00000181894.15	protein_coding	ZNF329
ENSG00000181896.12	protein_coding	ZNF101
ENSG00000181903.7	protein_coding	OR4C6
ENSG00000181904.9	protein_coding	C5orf24
ENSG00000181915.5	protein_coding	ADO
ENSG00000181924.7	protein_coding	COA4
ENSG00000181927.4	protein_coding	OR4P4
ENSG00000181929.13	protein_coding	PRKAG1
ENSG00000181938.14	protein_coding	GINS3
ENSG00000181939.3	protein_coding	OR4C15
ENSG00000181958.5	protein_coding	OR4A15
ENSG00000181961.5	protein_coding	OR4A16
ENSG00000181963.5	protein_coding	OR52K2
ENSG00000181965.6	protein_coding	NEUROG1
ENSG00000181982.20	protein_coding	CCDC149
ENSG00000181991.16	protein_coding	MRPS11
ENSG00000182004.13	protein_coding	SNRPE
ENSG00000182010.11	protein_coding	RTKN2
ENSG00000182013.18	protein_coding	PNMA8A
ENSG00000182022.18	protein_coding	CHST15
ENSG00000182035.13	protein_coding	ADIG
ENSG00000182040.9	protein_coding	USH1G
ENSG00000182050.14	protein_coding	MGAT4C
ENSG00000182053.13	protein_coding	TRIM49B
ENSG00000182054.10	protein_coding	IDH2
ENSG00000182070.7	protein_coding	OR52A1
ENSG00000182077.12	protein_coding	PTCHD3
ENSG00000182083.8	protein_coding	OR6B2
ENSG00000182087.14	protein_coding	TMEM259
ENSG00000182093.16	protein_coding	GET1
ENSG00000182095.15	protein_coding	TNRC18
ENSG00000182103.5	protein_coding	FAM181B
ENSG00000182107.7	protein_coding	TMEM30B
ENSG00000182108.11	protein_coding	DEXI
ENSG00000182111.9	protein_coding	ZNF716
ENSG00000182117.7	protein_coding	NOP10
ENSG00000182118.8	protein_coding	FAM89A
ENSG00000182132.14	protein_coding	KCNIP1
ENSG00000182134.17	protein_coding	TDRKH
ENSG00000182141.10	protein_coding	ZNF708
ENSG00000182149.21	protein_coding	IST1
ENSG00000182150.19	protein_coding	ERCC6L2
ENSG00000182154.8	protein_coding	MRPL41
ENSG00000182156.10	protein_coding	ENPP7
ENSG00000182158.16	protein_coding	CREB3L2
ENSG00000182162.11	protein_coding	P2RY8
ENSG00000182162.11_PAR_Y	protein_coding	P2RY8
ENSG00000182168.15	protein_coding	UNC5C
ENSG00000182170.3	protein_coding	MRGPRG
ENSG00000182173.14	protein_coding	TSEN54
ENSG00000182175.15	protein_coding	RGMA
ENSG00000182177.15	protein_coding	ASB18
ENSG00000182179.13	protein_coding	UBA7
ENSG00000182180.14	protein_coding	MRPS16
ENSG00000182183.15	protein_coding	SHISAL2A
ENSG00000182185.19	protein_coding	RAD51B
ENSG00000182187.4	protein_coding	CRYGB
ENSG00000182195.9	protein_coding	LDOC1
ENSG00000182196.14	protein_coding	ARL6IP4
ENSG00000182197.13	protein_coding	EXT1
ENSG00000182199.11	protein_coding	SHMT2
ENSG00000182208.15	protein_coding	MOB2
ENSG00000182218.10	protein_coding	HHIPL1
ENSG00000182220.15	protein_coding	ATP6AP2
ENSG00000182223.7	protein_coding	ZAR1
ENSG00000182224.12	protein_coding	CYB5D1
ENSG00000182240.16	protein_coding	BACE2
ENSG00000182247.10	protein_coding	UBE2E2
ENSG00000182253.15	protein_coding	SYNM
ENSG00000182255.7	protein_coding	KCNA4
ENSG00000182256.13	protein_coding	GABRG3
ENSG00000182261.5	protein_coding	NLRP10
ENSG00000182263.14	protein_coding	FIGN
ENSG00000182264.9	protein_coding	IZUMO1
ENSG00000182271.13	protein_coding	TMIGD1
ENSG00000182272.12	protein_coding	B4GALNT4
ENSG00000182287.15	protein_coding	AP1S2
ENSG00000182307.14	protein_coding	C8orf33
ENSG00000182308.7	protein_coding	DCAF4L1
ENSG00000182310.15	protein_coding	SPACA6
ENSG00000182315.10	protein_coding	MBD3L3
ENSG00000182318.6	protein_coding	ZSCAN22
ENSG00000182324.7	protein_coding	KCNJ14
ENSG00000182325.11	protein_coding	FBXL6
ENSG00000182326.17	protein_coding	C1S
ENSG00000182327.8	protein_coding	GLTPD2
ENSG00000182329.14	protein_coding	KIAA2012
ENSG00000182330.11	protein_coding	PRAMEF8
ENSG00000182333.15	protein_coding	LIPF
ENSG00000182334.3	protein_coding	OR5P3
ENSG00000182346.22	protein_coding	DAOA
ENSG00000182348.7	protein_coding	ZNF804B
ENSG00000182359.15	protein_coding	KBTBD3
ENSG00000182362.14	protein_coding	YBEY
ENSG00000182372.10	protein_coding	CLN8
ENSG00000182378.15	protein_coding	PLCXD1
ENSG00000182378.15_PAR_Y	protein_coding	PLCXD1
ENSG00000182379.10	protein_coding	NXPH4
ENSG00000182389.20	protein_coding	CACNB4
ENSG00000182393.3	protein_coding	IFNL1
ENSG00000182400.15	protein_coding	TRAPPC6B
ENSG00000182405.6	protein_coding	PGBD4
ENSG00000182415.11	protein_coding	CDY2A
ENSG00000182446.15	protein_coding	NPLOC4
ENSG00000182447.4	protein_coding	OTOL1
ENSG00000182450.14	protein_coding	KCNK4
ENSG00000182459.5	protein_coding	TEX19
ENSG00000182463.16	protein_coding	TSHZ2
ENSG00000182472.9	protein_coding	CAPN12
ENSG00000182473.22	protein_coding	EXOC7
ENSG00000182477.5	protein_coding	OR2B8P
ENSG00000182481.10	protein_coding	KPNA2
ENSG00000182484.15	protein_coding	WASH6P
ENSG00000182484.15_PAR_Y	protein_coding	WASH6P
ENSG00000182489.9	protein_coding	XKRX
ENSG00000182492.16	protein_coding	BGN
ENSG00000182504.12	protein_coding	CEP97
ENSG00000182508.14	protein_coding	LHFPL1
ENSG00000182511.12	protein_coding	FES
ENSG00000182512.5	protein_coding	GLRX5
ENSG00000182518.14	protein_coding	FAM104B
ENSG00000182521.6	protein_coding	TBPL2
ENSG00000182533.7	protein_coding	CAV3
ENSG00000182534.14	protein_coding	MXRA7
ENSG00000182541.18	protein_coding	LIMK2
ENSG00000182544.9	protein_coding	MFSD5
ENSG00000182545.7	protein_coding	RNASE10
ENSG00000182551.14	protein_coding	ADI1
ENSG00000182552.15	protein_coding	RWDD4
ENSG00000182557.8	protein_coding	SPNS3
ENSG00000182566.15	protein_coding	CLEC4G
ENSG00000182568.18	protein_coding	SATB1
ENSG00000182575.8	protein_coding	NXPH3
ENSG00000182578.14	protein_coding	CSF1R
ENSG00000182580.3	protein_coding	EPHB3
ENSG00000182583.13	protein_coding	VCX
ENSG00000182585.10	protein_coding	EPGN
ENSG00000182591.6	protein_coding	KRTAP11-1
ENSG00000182600.10	protein_coding	SNORC
ENSG00000182601.7	protein_coding	HS3ST4
ENSG00000182606.17	protein_coding	TRAK1
ENSG00000182612.11	protein_coding	TSPAN10
ENSG00000182613.3	protein_coding	OR2V2
ENSG00000182621.18	protein_coding	PLCB1
ENSG00000182628.13	protein_coding	SKA2
ENSG00000182631.7	protein_coding	RXFP3
ENSG00000182634.9	protein_coding	OR10G7
ENSG00000182636.8	protein_coding	NDN
ENSG00000182645.6	protein_coding	CCDC172
ENSG00000182652.4	protein_coding	OR4Q3
ENSG00000182667.15	protein_coding	NTM
ENSG00000182670.14	protein_coding	TTC3
ENSG00000182674.6	protein_coding	KCNB2
ENSG00000182676.5	protein_coding	PPP1R27
ENSG00000182685.8	protein_coding	BRICD5
ENSG00000182687.4	protein_coding	GALR2
ENSG00000182698.12	protein_coding	RESP18
ENSG00000182700.5	protein_coding	IGIP
ENSG00000182704.8	protein_coding	TSKU
ENSG00000182712.16	protein_coding	CMC4
ENSG00000182718.18	protein_coding	ANXA2
ENSG00000182732.18	protein_coding	RGS6
ENSG00000182742.6	protein_coding	HOXB4
ENSG00000182747.5	protein_coding	SLC35D3
ENSG00000182749.6	protein_coding	PAQR7
ENSG00000182752.10	protein_coding	PAPPA
ENSG00000182759.4	protein_coding	MAFA
ENSG00000182768.9	protein_coding	NGRN
ENSG00000182771.19	protein_coding	GRID1
ENSG00000182774.13	protein_coding	RPS17
ENSG00000182782.8	protein_coding	HCAR2
ENSG00000182783.6	protein_coding	OR2T29
ENSG00000182791.5	protein_coding	CCDC87
ENSG00000182793.12	protein_coding	GSTA5
ENSG00000182795.13	protein_coding	C1orf116
ENSG00000182798.10	protein_coding	MAGEB17
ENSG00000182809.11	protein_coding	CRIP2
ENSG00000182810.7	protein_coding	DDX28
ENSG00000182816.9	protein_coding	KRTAP13-2
ENSG00000182827.9	protein_coding	ACBD3
ENSG00000182831.12	protein_coding	HAPSTR1
ENSG00000182836.10	protein_coding	PLCXD3
ENSG00000182853.12	protein_coding	VMO1
ENSG00000182854.8	protein_coding	OR4F15
ENSG00000182858.14	protein_coding	ALG12
ENSG00000182866.18	protein_coding	LCK
ENSG00000182870.13	protein_coding	GALNT9
ENSG00000182871.16	protein_coding	COL18A1
ENSG00000182872.16	protein_coding	RBM10
ENSG00000182885.17	protein_coding	ADGRG3
ENSG00000182890.5	protein_coding	GLUD2
ENSG00000182896.13	protein_coding	TMEM95
ENSG00000182898.4	protein_coding	TCHHL1
ENSG00000182899.17	protein_coding	RPL35A
ENSG00000182901.18	protein_coding	RGS7
ENSG00000182902.14	protein_coding	SLC25A18
ENSG00000182903.16	protein_coding	ZNF721
ENSG00000182916.8	protein_coding	TCEAL7
ENSG00000182919.15	protein_coding	C11orf54
ENSG00000182923.20	protein_coding	CEP63
ENSG00000182931.10	protein_coding	WFDC10B
ENSG00000182934.12	protein_coding	SRPRA
ENSG00000182938.7	protein_coding	OTOP3
ENSG00000182944.18	protein_coding	EWSR1
ENSG00000182950.3	protein_coding	ODF3L1
ENSG00000182952.5	protein_coding	HMGN4
ENSG00000182957.16	protein_coding	SPATA13
ENSG00000182963.11	protein_coding	GJC1
ENSG00000182968.5	protein_coding	SOX1
ENSG00000182973.20	protein_coding	CNOT10
ENSG00000182974.3	protein_coding	OR4M2B
ENSG00000182979.18	protein_coding	MTA1
ENSG00000182983.15	protein_coding	ZNF662
ENSG00000182985.18	protein_coding	CADM1
ENSG00000182986.15	protein_coding	ZNF320
ENSG00000182993.5	protein_coding	C12orf60
ENSG00000183010.17	protein_coding	PYCR1
ENSG00000183011.14	protein_coding	NAA38
ENSG00000183018.9	protein_coding	SPNS2
ENSG00000183019.8	protein_coding	MCEMP1
ENSG00000183020.15	protein_coding	AP2A2
ENSG00000183023.19	protein_coding	SLC8A1
ENSG00000183024.4	protein_coding	OR1G1
ENSG00000183032.12	protein_coding	SLC25A21
ENSG00000183034.13	protein_coding	OTOP2
ENSG00000183035.13	protein_coding	CYLC1
ENSG00000183036.11	protein_coding	PCP4
ENSG00000183044.12	protein_coding	ABAT
ENSG00000183048.12	protein_coding	SLC25A10
ENSG00000183049.14	protein_coding	CAMK1D
ENSG00000183054.13	protein_coding	RGPD6
ENSG00000183060.16	protein_coding	LYSMD4
ENSG00000183066.14	protein_coding	WBP2NL
ENSG00000183067.6	protein_coding	IGSF5
ENSG00000183072.10	protein_coding	NKX2-5
ENSG00000183077.16	protein_coding	AFMID
ENSG00000183087.15	protein_coding	GAS6
ENSG00000183090.5	protein_coding	FREM3
ENSG00000183091.21	protein_coding	NEB
ENSG00000183092.18	protein_coding	BEGAIN
ENSG00000183098.11	protein_coding	GPC6
ENSG00000183111.12	protein_coding	ARHGEF37
ENSG00000183114.8	protein_coding	FAM43B
ENSG00000183117.20	protein_coding	CSMD1
ENSG00000183128.7	protein_coding	CALHM3
ENSG00000183134.5	protein_coding	PTGDR2
ENSG00000183137.15	protein_coding	CEP57L1
ENSG00000183145.9	protein_coding	RIPPLY3
ENSG00000183150.8	protein_coding	GPR19
ENSG00000183153.7	protein_coding	GJD3
ENSG00000183155.5	protein_coding	RABIF
ENSG00000183160.9	protein_coding	TMEM119
ENSG00000183161.6	protein_coding	FANCF
ENSG00000183166.11	protein_coding	CALN1
ENSG00000183172.9	protein_coding	SMDT1
ENSG00000183185.10	protein_coding	GABRR3
ENSG00000183186.8	protein_coding	C2CD4C
ENSG00000183196.10	protein_coding	CHST6
ENSG00000183206.18	protein_coding	POTEC
ENSG00000183207.14	protein_coding	RUVBL2
ENSG00000183208.13	protein_coding	GDPGP1
ENSG00000183230.18	protein_coding	CTNNA3
ENSG00000183246.8	protein_coding	RIMBP3C
ENSG00000183248.12	protein_coding	PRR36
ENSG00000183251.4	protein_coding	OR51B4
ENSG00000183255.12	protein_coding	PTTG1IP
ENSG00000183258.12	protein_coding	DDX41
ENSG00000183260.7	protein_coding	ABHD16B
ENSG00000183269.6	protein_coding	OR52E8
ENSG00000183273.7	protein_coding	CCDC60
ENSG00000183281.15	protein_coding	PLGLB1
ENSG00000183283.16	protein_coding	DAZAP2
ENSG00000183287.15	protein_coding	CCBE1
ENSG00000183291.18	protein_coding	SELENOF
ENSG00000183303.3	protein_coding	OR5P2
ENSG00000183304.10	protein_coding	FAM9A
ENSG00000183305.14	protein_coding	MAGEA2B
ENSG00000183307.4	protein_coding	TMEM121B
ENSG00000183309.12	protein_coding	ZNF623
ENSG00000183310.3	protein_coding	OR2T34
ENSG00000183313.4	protein_coding	OR52L1
ENSG00000183317.17	protein_coding	EPHA10
ENSG00000183318.12	protein_coding	SPDYE4
ENSG00000183323.13	protein_coding	CCDC125
ENSG00000183324.11	protein_coding	REC114
ENSG00000183336.9	protein_coding	BOLA2
ENSG00000183337.18	protein_coding	BCOR
ENSG00000183340.7	protein_coding	JRKL
ENSG00000183346.9	protein_coding	CABCOCO1
ENSG00000183347.15	protein_coding	GBP6
ENSG00000183354.12	protein_coding	KIAA2026
ENSG00000183378.13	protein_coding	OVCH2
ENSG00000183379.9	protein_coding	SYNDIG1L
ENSG00000183386.10	protein_coding	FHL3
ENSG00000183389.5	protein_coding	OR56A4
ENSG00000183395.5	protein_coding	PMCH
ENSG00000183396.4	protein_coding	TMEM89
ENSG00000183397.6	protein_coding	TEKTIP1
ENSG00000183401.12	protein_coding	CCDC159
ENSG00000183421.12	protein_coding	RIPK4
ENSG00000183423.12	protein_coding	LRIT3
ENSG00000183426.17	protein_coding	NPIPA1
ENSG00000183431.12	protein_coding	SF3A3
ENSG00000183434.10	protein_coding	TFDP3
ENSG00000183439.9	protein_coding	TRIM61
ENSG00000183454.18	protein_coding	GRIN2A
ENSG00000183463.6	protein_coding	URAD
ENSG00000183474.16	protein_coding	GTF2H2C
ENSG00000183475.13	protein_coding	ASB7
ENSG00000183476.13	protein_coding	SH2D7
ENSG00000183479.13	protein_coding	TREX2
ENSG00000183484.12	protein_coding	GPR132
ENSG00000183486.14	protein_coding	MX2
ENSG00000183495.15	protein_coding	EP400
ENSG00000183496.6	protein_coding	MEX3B
ENSG00000183508.5	protein_coding	TENT5C
ENSG00000183513.9	protein_coding	COA5
ENSG00000183520.12	protein_coding	UTP11
ENSG00000183527.12	protein_coding	PSMG1
ENSG00000183530.14	protein_coding	PRR14L
ENSG00000183542.6	protein_coding	KLRC4
ENSG00000183549.10	protein_coding	ACSM5
ENSG00000183559.12	protein_coding	C10orf120
ENSG00000183560.10	protein_coding	IZUMO1R
ENSG00000183569.18	protein_coding	SERHL2
ENSG00000183570.17	protein_coding	PCBP3
ENSG00000183571.11	protein_coding	PGPEP1L
ENSG00000183576.13	protein_coding	SETD3
ENSG00000183578.8	protein_coding	TNFAIP8L3
ENSG00000183579.16	protein_coding	ZNRF3
ENSG00000183580.10	protein_coding	FBXL7
ENSG00000183597.16	protein_coding	TANGO2
ENSG00000183598.4	protein_coding	H3C13
ENSG00000183605.17	protein_coding	SFXN4
ENSG00000183607.10	protein_coding	GKN2
ENSG00000183615.6	protein_coding	FAM167B
ENSG00000183617.5	protein_coding	MRPL54
ENSG00000183621.15	protein_coding	ZNF438
ENSG00000183624.14	protein_coding	HMCES
ENSG00000183625.16	protein_coding	CCR3
ENSG00000183628.14	protein_coding	DGCR6
ENSG00000183629.14	protein_coding	GOLGA8G
ENSG00000183631.5	protein_coding	PRR32
ENSG00000183632.15	protein_coding	TP53TG3
ENSG00000183638.6	protein_coding	RP1L1
ENSG00000183640.6	protein_coding	KRTAP8-1
ENSG00000183644.14	protein_coding	HOATZ
ENSG00000183647.11	protein_coding	ZNF530
ENSG00000183648.11	protein_coding	NDUFB1
ENSG00000183654.9	protein_coding	MARCHF11
ENSG00000183655.13	protein_coding	KLHL25
ENSG00000183662.12	protein_coding	TAFA1
ENSG00000183665.5	protein_coding	TRMT12
ENSG00000183668.18	protein_coding	PSG9
ENSG00000183671.13	protein_coding	CMKLR2
ENSG00000183682.8	protein_coding	BMP8A
ENSG00000183684.8	protein_coding	ALYREF
ENSG00000183688.4	protein_coding	RFLNB
ENSG00000183690.13	protein_coding	EFHC2
ENSG00000183691.6	protein_coding	NOG
ENSG00000183695.3	protein_coding	MRGPRX2
ENSG00000183696.14	protein_coding	UPP1
ENSG00000183706.6	protein_coding	OR4N4
ENSG00000183709.8	protein_coding	IFNL2
ENSG00000183715.15	protein_coding	OPCML
ENSG00000183718.6	protein_coding	TRIM52
ENSG00000183722.9	protein_coding	LHFPL6
ENSG00000183723.13	protein_coding	CMTM4
ENSG00000183726.11	protein_coding	TMEM50A
ENSG00000183733.6	protein_coding	FIGLA
ENSG00000183734.5	protein_coding	ASCL2
ENSG00000183735.11	protein_coding	TBK1
ENSG00000183741.12	protein_coding	CBX6
ENSG00000183742.13	protein_coding	MACC1
ENSG00000183747.12	protein_coding	ACSM2A
ENSG00000183751.16	protein_coding	TBL3
ENSG00000183753.10	protein_coding	BPY2
ENSG00000183760.11	protein_coding	ACP7
ENSG00000183762.13	protein_coding	KREMEN1
ENSG00000183763.9	protein_coding	TRAIP
ENSG00000183765.23	protein_coding	CHEK2
ENSG00000183770.7	protein_coding	FOXL2
ENSG00000183773.16	protein_coding	AIFM3
ENSG00000183775.11	protein_coding	KCTD16
ENSG00000183778.19	protein_coding	B3GALT5
ENSG00000183779.7	protein_coding	ZNF703
ENSG00000183780.13	protein_coding	SLC35F3
ENSG00000183783.7	protein_coding	KCTD8
ENSG00000183785.16	protein_coding	TUBA8
ENSG00000183793.14	protein_coding	NPIPA5
ENSG00000183795.8	protein_coding	BPY2B
ENSG00000183798.5	protein_coding	EMILIN3
ENSG00000183801.8	protein_coding	OLFML1
ENSG00000183807.8	protein_coding	FAM162B
ENSG00000183808.12	protein_coding	RBM12B
ENSG00000183813.7	protein_coding	CCR4
ENSG00000183814.16	protein_coding	LIN9
ENSG00000183826.18	protein_coding	BTBD9
ENSG00000183828.15	protein_coding	NUDT14
ENSG00000183831.7	protein_coding	ANKRD45
ENSG00000183833.16	protein_coding	CFAP91
ENSG00000183837.10	protein_coding	PNMA3
ENSG00000183840.7	protein_coding	GPR39
ENSG00000183844.17	protein_coding	FAM3B
ENSG00000183850.14	protein_coding	ZNF730
ENSG00000183853.18	protein_coding	KIRREL1
ENSG00000183856.11	protein_coding	IQGAP3
ENSG00000183862.6	protein_coding	CNGA2
ENSG00000183864.5	protein_coding	TOB2
ENSG00000183873.18	protein_coding	SCN5A
ENSG00000183876.9	protein_coding	ARSI
ENSG00000183878.16	protein_coding	UTY
ENSG00000183888.4	protein_coding	SRARP
ENSG00000183889.12	protein_coding	NPIPA9
ENSG00000183891.6	protein_coding	TTC32
ENSG00000183908.7	protein_coding	LRRC55
ENSG00000183914.15	protein_coding	DNAH2
ENSG00000183918.18	protein_coding	SH2D1A
ENSG00000183921.8	protein_coding	SDR42E2
ENSG00000183943.6	protein_coding	PRKX
ENSG00000183955.14	protein_coding	KMT5A
ENSG00000183960.9	protein_coding	KCNH8
ENSG00000183963.19	protein_coding	SMTN
ENSG00000183971.10	protein_coding	NPW
ENSG00000183977.14	protein_coding	PP2D1
ENSG00000183978.8	protein_coding	COA3
ENSG00000183979.8	protein_coding	NPB
ENSG00000184005.11	protein_coding	ST6GALNAC3
ENSG00000184007.22	protein_coding	PTP4A2
ENSG00000184009.13	protein_coding	ACTG1
ENSG00000184012.14	protein_coding	TMPRSS2
ENSG00000184014.9	protein_coding	DENND5A
ENSG00000184022.4	protein_coding	OR2T10
ENSG00000184032.3	protein_coding	KRTAP20-2
ENSG00000184033.14	protein_coding	CTAG1B
ENSG00000184047.20	protein_coding	DIABLO
ENSG00000184056.15	protein_coding	VPS33B
ENSG00000184058.16	protein_coding	TBX1
ENSG00000184060.11	protein_coding	ADAP2
ENSG00000184076.13	protein_coding	UQCR10
ENSG00000184083.12	protein_coding	FAM120C
ENSG00000184108.8	protein_coding	TRIML1
ENSG00000184110.15	protein_coding	EIF3C
ENSG00000184113.10	protein_coding	CLDN5
ENSG00000184117.12	protein_coding	NIPSNAP1
ENSG00000184140.6	protein_coding	OR4F6
ENSG00000184144.12	protein_coding	CNTN2
ENSG00000184148.4	protein_coding	SPRR4
ENSG00000184154.16	protein_coding	LRRC51
ENSG00000184155.8	protein_coding	OR10J5
ENSG00000184156.17	protein_coding	KCNQ3
ENSG00000184160.8	protein_coding	ADRA2C
ENSG00000184162.15	protein_coding	NR2C2AP
ENSG00000184163.3	protein_coding	C1QTNF12
ENSG00000184164.15	protein_coding	CRELD2
ENSG00000184166.3	protein_coding	OR1D2
ENSG00000184178.17	protein_coding	SCFD2
ENSG00000184182.19	protein_coding	UBE2F
ENSG00000184185.10	protein_coding	KCNJ12
ENSG00000184194.6	protein_coding	GPR173
ENSG00000184203.8	protein_coding	PPP1R2
ENSG00000184205.14	protein_coding	TSPYL2
ENSG00000184206.13	protein_coding	GOLGA6L4
ENSG00000184207.9	protein_coding	PGP
ENSG00000184209.15	protein_coding	SNRNP35
ENSG00000184210.6	protein_coding	DGAT2L6
ENSG00000184216.15	protein_coding	IRAK1
ENSG00000184220.12	protein_coding	CMSS1
ENSG00000184221.13	protein_coding	OLIG1
ENSG00000184226.15	protein_coding	PCDH9
ENSG00000184227.8	protein_coding	ACOT1
ENSG00000184232.9	protein_coding	OAF
ENSG00000184254.17	protein_coding	ALDH1A3
ENSG00000184260.6	protein_coding	H2AC20
ENSG00000184261.5	protein_coding	KCNK12
ENSG00000184270.6	protein_coding	H2AC21
ENSG00000184271.18	protein_coding	POU6F1
ENSG00000184276.3	protein_coding	DEFB108B
ENSG00000184277.13	protein_coding	TM2D3
ENSG00000184281.15	protein_coding	TSSC4
ENSG00000184292.7	protein_coding	TACSTD2
ENSG00000184302.7	protein_coding	SIX6
ENSG00000184304.17	protein_coding	PRKD1
ENSG00000184305.16	protein_coding	CCSER1
ENSG00000184307.17	protein_coding	ZDHHC23
ENSG00000184313.20	protein_coding	MROH7
ENSG00000184330.12	protein_coding	S100A7A
ENSG00000184343.11	protein_coding	SRPK3
ENSG00000184344.4	protein_coding	GDF3
ENSG00000184345.5	protein_coding	IQCF2
ENSG00000184347.15	protein_coding	SLIT3
ENSG00000184349.14	protein_coding	EFNA5
ENSG00000184350.11	protein_coding	MRGPRE
ENSG00000184351.8	protein_coding	KRTAP19-1
ENSG00000184357.5	protein_coding	H1-5
ENSG00000184361.13	protein_coding	SPATA32
ENSG00000184363.10	protein_coding	PKP3
ENSG00000184368.16	protein_coding	MAP7D2
ENSG00000184371.14	protein_coding	CSF1
ENSG00000184374.3	protein_coding	COLEC10
ENSG00000184378.3	protein_coding	ACTRT3
ENSG00000184381.20	protein_coding	PLA2G6
ENSG00000184384.14	protein_coding	MAML2
ENSG00000184388.6	protein_coding	PABPC1L2B
ENSG00000184389.9	protein_coding	A3GALT2
ENSG00000184394.3	protein_coding	OR4N5
ENSG00000184402.15	protein_coding	SS18L1
ENSG00000184408.10	protein_coding	KCND2
ENSG00000184428.13	protein_coding	TOP1MT
ENSG00000184432.11	protein_coding	COPB2
ENSG00000184434.8	protein_coding	LRRC19
ENSG00000184436.12	protein_coding	THAP7
ENSG00000184445.12	protein_coding	KNTC1
ENSG00000184451.5	protein_coding	CCR10
ENSG00000184454.7	protein_coding	NCMAP
ENSG00000184459.10	protein_coding	BPIFC
ENSG00000184465.16	protein_coding	WDR27
ENSG00000184470.21	protein_coding	TXNRD2
ENSG00000184471.9	protein_coding	C1QTNF8
ENSG00000184478.8	protein_coding	OR56A3
ENSG00000184481.17	protein_coding	FOXO4
ENSG00000184486.10	protein_coding	POU3F2
ENSG00000184489.13	protein_coding	PTP4A3
ENSG00000184492.7	protein_coding	FOXD4L1
ENSG00000184497.13	protein_coding	TMEM255B
ENSG00000184500.16	protein_coding	PROS1
ENSG00000184502.4	protein_coding	GAST
ENSG00000184507.16	protein_coding	NUTM1
ENSG00000184508.12	protein_coding	HDDC3
ENSG00000184515.11	protein_coding	BEX5
ENSG00000184517.12	protein_coding	ZFP1
ENSG00000184524.6	protein_coding	CEND1
ENSG00000184530.9	protein_coding	C6orf58
ENSG00000184544.12	protein_coding	DHRS7C
ENSG00000184545.11	protein_coding	DUSP8
ENSG00000184557.4	protein_coding	SOCS3
ENSG00000184560.8	protein_coding	SPEM2
ENSG00000184564.11	protein_coding	SLITRK6
ENSG00000184571.14	protein_coding	PIWIL3
ENSG00000184574.10	protein_coding	LPAR5
ENSG00000184575.12	protein_coding	XPOT
ENSG00000184584.14	protein_coding	STING1
ENSG00000184588.18	protein_coding	PDE4B
ENSG00000184599.14	protein_coding	TAFA3
ENSG00000184601.11	protein_coding	C14orf180
ENSG00000184602.6	protein_coding	SNN
ENSG00000184611.13	protein_coding	KCNH7
ENSG00000184613.11	protein_coding	NELL2
ENSG00000184616.12	protein_coding	SPDYE12
ENSG00000184619.8	protein_coding	KRBA2
ENSG00000184634.17	protein_coding	MED12
ENSG00000184635.16	protein_coding	ZNF93
ENSG00000184640.20	protein_coding	SEPTIN9
ENSG00000184647.11	protein_coding	PRSS55
ENSG00000184650.11	protein_coding	ODF4
ENSG00000184659.6	protein_coding	FOXD4L4
ENSG00000184661.14	protein_coding	CDCA2
ENSG00000184672.12	protein_coding	RALYL
ENSG00000184675.11	protein_coding	AMER1
ENSG00000184677.18	protein_coding	ZBTB40
ENSG00000184678.11	protein_coding	H2BC21
ENSG00000184697.7	protein_coding	CLDN6
ENSG00000184698.5	protein_coding	OR51M1
ENSG00000184702.20	protein_coding	SEPTIN5
ENSG00000184708.18	protein_coding	EIF4ENIF1
ENSG00000184709.7	protein_coding	LRRC26
ENSG00000184716.14	protein_coding	SERINC4
ENSG00000184719.12	protein_coding	RNLS
ENSG00000184724.5	protein_coding	KRTAP6-1
ENSG00000184730.12	protein_coding	APOBR
ENSG00000184731.6	protein_coding	FAM110C
ENSG00000184735.7	protein_coding	DDX53
ENSG00000184743.13	protein_coding	ATL3
ENSG00000184752.14	protein_coding	NDUFA12
ENSG00000184785.6	protein_coding	SMIM10
ENSG00000184786.6	protein_coding	DYNLT2
ENSG00000184787.19	protein_coding	UBE2G2
ENSG00000184788.14	protein_coding	SATL1
ENSG00000184792.16	protein_coding	OSBP2
ENSG00000184811.4	protein_coding	TRARG1
ENSG00000184814.5	protein_coding	PRR23B
ENSG00000184828.10	protein_coding	ZBTB7C
ENSG00000184831.14	protein_coding	APOO
ENSG00000184838.15	protein_coding	PRR16
ENSG00000184840.12	protein_coding	TMED9
ENSG00000184845.4	protein_coding	DRD1
ENSG00000184857.8	protein_coding	TMEM186
ENSG00000184860.10	protein_coding	SDR42E1
ENSG00000184863.11	protein_coding	RBM33
ENSG00000184867.14	protein_coding	ARMCX2
ENSG00000184887.14	protein_coding	BTBD6
ENSG00000184895.8	protein_coding	SRY
ENSG00000184897.7	protein_coding	H1-10
ENSG00000184898.7	protein_coding	RBM43
ENSG00000184900.16	protein_coding	SUMO3
ENSG00000184903.10	protein_coding	IMMP2L
ENSG00000184905.9	protein_coding	TCEAL2
ENSG00000184908.20	protein_coding	CLCNKB
ENSG00000184911.15	protein_coding	DMRTC1B
ENSG00000184916.9	protein_coding	JAG2
ENSG00000184922.15	protein_coding	FMNL1
ENSG00000184923.12	protein_coding	NUTM2A
ENSG00000184924.6	protein_coding	PTRHD1
ENSG00000184925.12	protein_coding	LCN12
ENSG00000184933.6	protein_coding	OR6A2
ENSG00000184937.16	protein_coding	WT1
ENSG00000184939.16	protein_coding	ZFP90
ENSG00000184945.15	protein_coding	AQP12A
ENSG00000184949.18	protein_coding	FAM227A
ENSG00000184954.4	protein_coding	OR6C70
ENSG00000184956.16	protein_coding	MUC6
ENSG00000184967.7	protein_coding	NOC4L
ENSG00000184979.11	protein_coding	USP18
ENSG00000184983.11	protein_coding	NDUFA6
ENSG00000184984.10	protein_coding	CHRM5
ENSG00000184985.16	protein_coding	SORCS2
ENSG00000184986.11	protein_coding	TMEM121
ENSG00000184988.8	protein_coding	TMEM106A
ENSG00000184990.13	protein_coding	SIVA1
ENSG00000184992.13	protein_coding	BRI3BP
ENSG00000184995.7	protein_coding	IFNE
ENSG00000184999.13	protein_coding	SLC22A10
ENSG00000185000.12	protein_coding	DGAT1
ENSG00000185002.10	protein_coding	RFX6
ENSG00000185008.19	protein_coding	ROBO2
ENSG00000185009.13	protein_coding	AP3M1
ENSG00000185010.15	protein_coding	F8
ENSG00000185013.17	protein_coding	NT5C1B
ENSG00000185015.8	protein_coding	CA13
ENSG00000185019.17	protein_coding	UBOX5
ENSG00000185022.12	protein_coding	MAFF
ENSG00000185024.18	protein_coding	BRF1
ENSG00000185028.4	protein_coding	LRRC14B
ENSG00000185033.15	protein_coding	SEMA4B
ENSG00000185038.15	protein_coding	MROH2A
ENSG00000185040.14	protein_coding	SPDYE16
ENSG00000185043.13	protein_coding	CIB1
ENSG00000185046.20	protein_coding	ANKS1B
ENSG00000185049.16	protein_coding	NELFA
ENSG00000185052.13	protein_coding	SLC24A3
ENSG00000185053.14	protein_coding	SGCZ
ENSG00000185055.11	protein_coding	EFCAB10
ENSG00000185056.10	protein_coding	C5orf47
ENSG00000185069.2	protein_coding	KRT76
ENSG00000185070.12	protein_coding	FLRT2
ENSG00000185085.2	protein_coding	INTS5
ENSG00000185088.14	protein_coding	RPS27L
ENSG00000185090.15	protein_coding	MANEAL
ENSG00000185100.11	protein_coding	ADSS1
ENSG00000185101.13	protein_coding	ANO9
ENSG00000185104.21	protein_coding	FAF1
ENSG00000185105.5	protein_coding	MYADML2
ENSG00000185112.6	protein_coding	FAM43A
ENSG00000185115.6	protein_coding	NSMCE3
ENSG00000185122.11	protein_coding	HSF1
ENSG00000185127.7	protein_coding	C6orf120
ENSG00000185129.8	protein_coding	PURA
ENSG00000185130.6	protein_coding	H2BC13
ENSG00000185133.14	protein_coding	INPP5J
ENSG00000185149.6	protein_coding	NPY2R
ENSG00000185155.12	protein_coding	MIXL1
ENSG00000185156.6	protein_coding	MFSD6L
ENSG00000185158.13	protein_coding	LRRC37B
ENSG00000185163.10	protein_coding	DDX51
ENSG00000185164.15	protein_coding	NOMO2
ENSG00000185176.13	protein_coding	AQP12B
ENSG00000185177.14	protein_coding	ZNF479
ENSG00000185187.13	protein_coding	SIGIRR
ENSG00000185189.18	protein_coding	NRBP2
ENSG00000185198.12	protein_coding	PRSS57
ENSG00000185201.18	protein_coding	IFITM2
ENSG00000185215.11	protein_coding	TNFAIP2
ENSG00000185219.18	protein_coding	ZNF445
ENSG00000185220.12	protein_coding	PGBD2
ENSG00000185222.10	protein_coding	TCEAL9
ENSG00000185231.5	protein_coding	MC2R
ENSG00000185236.12	protein_coding	RAB11B
ENSG00000185238.13	protein_coding	PRMT3
ENSG00000185245.9	protein_coding	GP1BA
ENSG00000185246.18	protein_coding	PRPF39
ENSG00000185247.15	protein_coding	MAGEA11
ENSG00000185250.16	protein_coding	PPIL6
ENSG00000185252.19	protein_coding	ZNF74
ENSG00000185261.16	protein_coding	KIAA0825
ENSG00000185262.9	protein_coding	UBALD2
ENSG00000185264.12	protein_coding	TEX33
ENSG00000185267.10	protein_coding	CDNF
ENSG00000185269.12	protein_coding	NOTUM
ENSG00000185271.9	protein_coding	KLHL33
ENSG00000185272.14	protein_coding	RBM11
ENSG00000185274.12	protein_coding	GALNT17
ENSG00000185278.16	protein_coding	ZBTB37
ENSG00000185290.4	protein_coding	NUPR2
ENSG00000185291.12	protein_coding	IL3RA
ENSG00000185291.12_PAR_Y	protein_coding	IL3RA
ENSG00000185294.7	protein_coding	SPPL2C
ENSG00000185298.13	protein_coding	CCDC137
ENSG00000185303.17	protein_coding	SFTPA2
ENSG00000185304.16	protein_coding	RGPD2
ENSG00000185305.12	protein_coding	ARL15
ENSG00000185306.13	protein_coding	C12orf56
ENSG00000185313.9	protein_coding	SCN10A
ENSG00000185324.22	protein_coding	CDK10
ENSG00000185338.7	protein_coding	SOCS1
ENSG00000185339.10	protein_coding	TCN2
ENSG00000185340.16	protein_coding	GAS2L1
ENSG00000185344.15	protein_coding	ATP6V0A2
ENSG00000185345.24	protein_coding	PRKN
ENSG00000185347.18	protein_coding	TEDC1
ENSG00000185352.9	protein_coding	HS6ST3
ENSG00000185359.14	protein_coding	HGS
ENSG00000185361.9	protein_coding	TNFAIP8L1
ENSG00000185372.4	protein_coding	OR2V1
ENSG00000185379.21	protein_coding	RAD51D
ENSG00000185385.5	protein_coding	OR7A17
ENSG00000185386.15	protein_coding	MAPK11
ENSG00000185404.17	protein_coding	SP140L
ENSG00000185414.20	protein_coding	MRPL30
ENSG00000185418.16	protein_coding	TARS3
ENSG00000185420.19	protein_coding	SMYD3
ENSG00000185432.12	protein_coding	METTL7A
ENSG00000185436.12	protein_coding	IFNLR1
ENSG00000185437.16	protein_coding	SH3BGR
ENSG00000185442.13	protein_coding	FAM174B
ENSG00000185448.12	protein_coding	FAM47A
ENSG00000185453.13	protein_coding	ZSWIM9
ENSG00000185467.8	protein_coding	KPNA7
ENSG00000185475.11	protein_coding	TMEM179B
ENSG00000185477.5	protein_coding	GPRIN3
ENSG00000185479.6	protein_coding	KRT6B
ENSG00000185480.12	protein_coding	PARPBP
ENSG00000185482.8	protein_coding	STAC3
ENSG00000185483.13	protein_coding	ROR1
ENSG00000185499.17	protein_coding	MUC1
ENSG00000185504.17	protein_coding	FAAP100
ENSG00000185507.21	protein_coding	IRF7
ENSG00000185513.18	protein_coding	L3MBTL1
ENSG00000185515.16	protein_coding	BRCC3
ENSG00000185518.12	protein_coding	SV2B
ENSG00000185519.9	protein_coding	FAM131C
ENSG00000185522.9	protein_coding	LMNTD2
ENSG00000185523.6	protein_coding	SPATA45
ENSG00000185527.12	protein_coding	PDE6G
ENSG00000185532.20	protein_coding	PRKG1
ENSG00000185551.15	protein_coding	NR2F2
ENSG00000185559.16	protein_coding	DLK1
ENSG00000185561.10	protein_coding	TLCD2
ENSG00000185565.12	protein_coding	LSAMP
ENSG00000185567.7	protein_coding	AHNAK2
ENSG00000185585.20	protein_coding	OLFML2A
ENSG00000185591.10	protein_coding	SP1
ENSG00000185608.9	protein_coding	MRPL40
ENSG00000185610.6	protein_coding	DBX2
ENSG00000185614.7	protein_coding	INKA1
ENSG00000185615.16	protein_coding	PDIA2
ENSG00000185619.19	protein_coding	PCGF3
ENSG00000185621.11	protein_coding	LMLN
ENSG00000185624.16	protein_coding	P4HB
ENSG00000185627.19	protein_coding	PSMD13
ENSG00000185630.20	protein_coding	PBX1
ENSG00000185633.11	protein_coding	NDUFA4L2
ENSG00000185634.12	protein_coding	SHC4
ENSG00000185640.6	protein_coding	KRT79
ENSG00000185650.10	protein_coding	ZFP36L1
ENSG00000185651.16	protein_coding	UBE2L3
ENSG00000185652.12	protein_coding	NTF3
ENSG00000185658.14	protein_coding	BRWD1
ENSG00000185662.10	protein_coding	SMIM23
ENSG00000185664.15	protein_coding	PMEL
ENSG00000185666.15	protein_coding	SYN3
ENSG00000185668.8	protein_coding	POU3F1
ENSG00000185669.6	protein_coding	SNAI3
ENSG00000185670.9	protein_coding	ZBTB3
ENSG00000185674.10	protein_coding	LYG2
ENSG00000185681.13	protein_coding	MORN5
ENSG00000185686.18	protein_coding	PRAME
ENSG00000185697.17	protein_coding	MYBL1
ENSG00000185716.12	protein_coding	MOSMO
ENSG00000185721.13	protein_coding	DRG1
ENSG00000185722.18	protein_coding	ANKFY1
ENSG00000185728.17	protein_coding	YTHDF3
ENSG00000185730.8	protein_coding	ZNF696
ENSG00000185736.16	protein_coding	ADARB2
ENSG00000185737.13	protein_coding	NRG3
ENSG00000185739.13	protein_coding	SRL
ENSG00000185742.7	protein_coding	C11orf87
ENSG00000185745.10	protein_coding	IFIT1
ENSG00000185753.13	protein_coding	CXorf38
ENSG00000185758.9	protein_coding	CLDN24
ENSG00000185760.18	protein_coding	KCNQ5
ENSG00000185761.11	protein_coding	ADAMTSL5
ENSG00000185774.16	protein_coding	KCNIP4
ENSG00000185775.10	protein_coding	SPATA31A6
ENSG00000185787.15	protein_coding	MORF4L1
ENSG00000185792.10	protein_coding	NLRP9
ENSG00000185798.8	protein_coding	WDR53
ENSG00000185800.12	protein_coding	DMWD
ENSG00000185803.12	protein_coding	SLC52A2
ENSG00000185808.14	protein_coding	PIGP
ENSG00000185811.21	protein_coding	IKZF1
ENSG00000185813.11	protein_coding	PCYT2
ENSG00000185818.8	protein_coding	NAT8L
ENSG00000185821.3	protein_coding	OR6C76
ENSG00000185823.5	protein_coding	NPAP1
ENSG00000185825.17	protein_coding	BCAP31
ENSG00000185829.19	protein_coding	ARL17A
ENSG00000185838.14	protein_coding	GNB1L
ENSG00000185842.16	protein_coding	DNAH14
ENSG00000185860.14	protein_coding	CCDC190
ENSG00000185862.7	protein_coding	EVI2B
ENSG00000185863.8	protein_coding	TMEM210
ENSG00000185864.18	protein_coding	NPIPB4
ENSG00000185869.15	protein_coding	ZNF829
ENSG00000185873.8	protein_coding	TMPRSS11B
ENSG00000185875.13	protein_coding	THNSL1
ENSG00000185880.13	protein_coding	TRIM69
ENSG00000185883.12	protein_coding	ATP6V0C
ENSG00000185885.17	protein_coding	IFITM1
ENSG00000185888.6	protein_coding	PRSS38
ENSG00000185894.8	protein_coding	BPY2C
ENSG00000185896.11	protein_coding	LAMP1
ENSG00000185897.7	protein_coding	FFAR3
ENSG00000185899.1	protein_coding	TAS2R60
ENSG00000185900.11	protein_coding	POMK
ENSG00000185905.4	protein_coding	C16orf54
ENSG00000185909.15	protein_coding	KLHDC8B
ENSG00000185915.5	protein_coding	KLHL34
ENSG00000185917.14	protein_coding	SETD4
ENSG00000185920.18	protein_coding	PTCH1
ENSG00000185924.7	protein_coding	RTN4RL1
ENSG00000185926.1	protein_coding	OR4C46
ENSG00000185933.7	protein_coding	CALHM1
ENSG00000185940.11	protein_coding	KRTAP5-5
ENSG00000185942.13	protein_coding	NKAIN3
ENSG00000185946.16	protein_coding	RNPC3
ENSG00000185947.15	protein_coding	ZNF267
ENSG00000185950.9	protein_coding	IRS2
ENSG00000185955.5	protein_coding	SPACDR
ENSG00000185958.10	protein_coding	FAM186A
ENSG00000185960.15	protein_coding	SHOX
ENSG00000185960.15_PAR_Y	protein_coding	SHOX
ENSG00000185962.1	protein_coding	LCE3A
ENSG00000185963.14	protein_coding	BICD2
ENSG00000185966.4	protein_coding	LCE3E
ENSG00000185972.6	protein_coding	CCIN
ENSG00000185973.12	protein_coding	TMLHE
ENSG00000185974.7	protein_coding	GRK1
ENSG00000185982.7	protein_coding	DEFB128
ENSG00000185985.11	protein_coding	SLITRK2
ENSG00000185988.15	protein_coding	PLK5
ENSG00000185989.11	protein_coding	RASA3
ENSG00000186001.14	protein_coding	LRCH3
ENSG00000186007.10	protein_coding	LEMD1
ENSG00000186009.5	protein_coding	ATP4B
ENSG00000186010.19	protein_coding	NDUFA13
ENSG00000186017.16	protein_coding	ZNF566
ENSG00000186020.13	protein_coding	ZNF529
ENSG00000186026.7	protein_coding	ZNF284
ENSG00000186038.9	protein_coding	HTR3E
ENSG00000186047.11	protein_coding	DLEU7
ENSG00000186049.8	protein_coding	KRT73
ENSG00000186051.7	protein_coding	TAL2
ENSG00000186063.13	protein_coding	AIDA
ENSG00000186073.14	protein_coding	CDIN1
ENSG00000186074.19	protein_coding	CD300LF
ENSG00000186075.13	protein_coding	ZPBP2
ENSG00000186081.12	protein_coding	KRT5
ENSG00000186086.19	protein_coding	NBPF6
ENSG00000186088.16	protein_coding	GSAP
ENSG00000186090.11	protein_coding	HTR3D
ENSG00000186092.7	protein_coding	OR4F5
ENSG00000186094.18	protein_coding	AGBL4
ENSG00000186103.5	protein_coding	ARGFX
ENSG00000186104.11	protein_coding	CYP2R1
ENSG00000186105.8	protein_coding	LRRC70
ENSG00000186106.11	protein_coding	ANKRD46
ENSG00000186111.11	protein_coding	PIP5K1C
ENSG00000186113.1	protein_coding	OR5D14
ENSG00000186115.13	protein_coding	CYP4F2
ENSG00000186118.9	protein_coding	TEX38
ENSG00000186119.9	protein_coding	OR5D18
ENSG00000186130.5	protein_coding	ZBTB6
ENSG00000186132.15	protein_coding	C2orf76
ENSG00000186136.1	protein_coding	TAS2R42
ENSG00000186141.10	protein_coding	POLR3C
ENSG00000186143.11	protein_coding	PRR30
ENSG00000186146.2	protein_coding	DEFB131A
ENSG00000186150.5	protein_coding	UBL4B
ENSG00000186153.18	protein_coding	WWOX
ENSG00000186160.5	protein_coding	CYP4Z1
ENSG00000186166.9	protein_coding	CENATAC
ENSG00000186174.13	protein_coding	BCL9L
ENSG00000186184.20	protein_coding	POLR1D
ENSG00000186185.14	protein_coding	KIF18B
ENSG00000186187.12	protein_coding	ZNRF1
ENSG00000186188.11	protein_coding	FFAR4
ENSG00000186190.8	protein_coding	BPIFB3
ENSG00000186191.9	protein_coding	BPIFB4
ENSG00000186193.9	protein_coding	SAPCD2
ENSG00000186197.15	protein_coding	EDARADD
ENSG00000186198.4	protein_coding	SLC51B
ENSG00000186204.15	protein_coding	CYP4F12
ENSG00000186205.14	protein_coding	MTARC1
ENSG00000186207.5	protein_coding	LCE5A
ENSG00000186212.4	protein_coding	SOWAHB
ENSG00000186222.5	protein_coding	BLOC1S4
ENSG00000186226.9	protein_coding	LCE1E
ENSG00000186230.7	protein_coding	ZNF749
ENSG00000186231.17	protein_coding	KLHL32
ENSG00000186260.17	protein_coding	MRTFB
ENSG00000186265.10	protein_coding	BTLA
ENSG00000186272.13	protein_coding	ZNF17
ENSG00000186280.7	protein_coding	KDM4D
ENSG00000186281.13	protein_coding	GPAT2
ENSG00000186283.14	protein_coding	TOR3A
ENSG00000186288.5	protein_coding	PABPC1L2A
ENSG00000186297.12	protein_coding	GABRA5
ENSG00000186298.12	protein_coding	PPP1CC
ENSG00000186300.12	protein_coding	ZNF555
ENSG00000186306.1	protein_coding	OR10T2
ENSG00000186310.10	protein_coding	NAP1L3
ENSG00000186314.12	protein_coding	PRELID2
ENSG00000186318.18	protein_coding	BACE1
ENSG00000186326.4	protein_coding	RGS9BP
ENSG00000186329.9	protein_coding	TMEM212
ENSG00000186334.10	protein_coding	SLC36A3
ENSG00000186335.9	protein_coding	SLC36A2
ENSG00000186340.17	protein_coding	THBS2
ENSG00000186350.12	protein_coding	RXRA
ENSG00000186352.9	protein_coding	ANKRD37
ENSG00000186364.12	protein_coding	NUDT17
ENSG00000186367.7	protein_coding	MINAR2
ENSG00000186376.15	protein_coding	ZNF75D
ENSG00000186377.8	protein_coding	CYP4X1
ENSG00000186393.6	protein_coding	KRT26
ENSG00000186395.9	protein_coding	KRT10
ENSG00000186399.11	protein_coding	GOLGA8R
ENSG00000186407.7	protein_coding	CD300E
ENSG00000186409.19	protein_coding	CCDC30
ENSG00000186416.18	protein_coding	NKRF
ENSG00000186417.14	protein_coding	GLDN
ENSG00000186431.19	protein_coding	FCAR
ENSG00000186432.10	protein_coding	KPNA4
ENSG00000186439.14	protein_coding	TRDN
ENSG00000186440.3	protein_coding	OR6P1
ENSG00000186442.7	protein_coding	KRT3
ENSG00000186446.12	protein_coding	ZNF501
ENSG00000186448.15	protein_coding	ZNF197
ENSG00000186451.2	protein_coding	SPATA12
ENSG00000186452.11	protein_coding	TMPRSS12
ENSG00000186453.13	protein_coding	FAM228A
ENSG00000186458.5	protein_coding	DEFB132
ENSG00000186462.9	protein_coding	NAP1L2
ENSG00000186468.13	protein_coding	RPS23
ENSG00000186469.9	protein_coding	GNG2
ENSG00000186470.14	protein_coding	BTN3A2
ENSG00000186471.13	protein_coding	AKAP14
ENSG00000186472.20	protein_coding	PCLO
ENSG00000186474.16	protein_coding	KLK12
ENSG00000186479.5	protein_coding	RGS7BP
ENSG00000186480.13	protein_coding	INSIG1
ENSG00000186487.21	protein_coding	MYT1L
ENSG00000186496.12	protein_coding	ZNF396
ENSG00000186501.15	protein_coding	TMEM222
ENSG00000186509.4	protein_coding	OR9Q1
ENSG00000186510.12	protein_coding	CLCNKA
ENSG00000186513.4	protein_coding	OR9Q2
ENSG00000186517.14	protein_coding	ARHGAP30
ENSG00000186522.15	protein_coding	SEPTIN10
ENSG00000186523.15	protein_coding	FAM86B1
ENSG00000186526.13	protein_coding	CYP4F8
ENSG00000186529.16	protein_coding	CYP4F3
ENSG00000186532.12	protein_coding	SMYD4
ENSG00000186562.8	protein_coding	DEFB105A
ENSG00000186564.6	protein_coding	FOXD2
ENSG00000186566.13	protein_coding	GPATCH8
ENSG00000186567.14	protein_coding	CEACAM19
ENSG00000186572.2	protein_coding	DEFB107A
ENSG00000186575.19	protein_coding	NF2
ENSG00000186577.14	protein_coding	SMIM29
ENSG00000186579.3	protein_coding	DEFB106A
ENSG00000186583.12	protein_coding	SPATC1
ENSG00000186591.13	protein_coding	UBE2H
ENSG00000186599.8	protein_coding	DEFB105B
ENSG00000186603.7	protein_coding	HPDL
ENSG00000186625.14	protein_coding	KATNA1
ENSG00000186628.12	protein_coding	FSD2
ENSG00000186635.15	protein_coding	ARAP1
ENSG00000186638.17	protein_coding	KIF24
ENSG00000186642.16	protein_coding	PDE2A
ENSG00000186645.11	protein_coding	SPDYE17
ENSG00000186648.15	protein_coding	CARMIL3
ENSG00000186652.10	protein_coding	PRG2
ENSG00000186654.21	protein_coding	PRR5
ENSG00000186660.15	protein_coding	ZFP91
ENSG00000186665.10	protein_coding	C17orf58
ENSG00000186666.6	protein_coding	BCDIN3D
ENSG00000186675.7	protein_coding	MAGEE2
ENSG00000186684.14	protein_coding	CYP27C1
ENSG00000186687.16	protein_coding	LYRM7
ENSG00000186710.12	protein_coding	CFAP73
ENSG00000186714.13	protein_coding	CCDC73
ENSG00000186716.21	protein_coding	BCR
ENSG00000186723.4	protein_coding	OR10H1
ENSG00000186732.14	protein_coding	MPPED1
ENSG00000186765.12	protein_coding	FSCN2
ENSG00000186766.8	protein_coding	FOXI2
ENSG00000186767.7	protein_coding	SPIN4
ENSG00000186777.12	protein_coding	ZNF732
ENSG00000186787.10	protein_coding	SPIN2B
ENSG00000186788.14	protein_coding	SPATA31D3
ENSG00000186790.6	protein_coding	FOXE3
ENSG00000186792.17	protein_coding	HYAL3
ENSG00000186795.1	protein_coding	KCNK18
ENSG00000186803.3	protein_coding	IFNA10
ENSG00000186806.6	protein_coding	VSIG10L
ENSG00000186810.8	protein_coding	CXCR3
ENSG00000186812.13	protein_coding	ZNF397
ENSG00000186814.14	protein_coding	ZSCAN30
ENSG00000186815.13	protein_coding	TPCN1
ENSG00000186818.13	protein_coding	LILRB4
ENSG00000186827.12	protein_coding	TNFRSF4
ENSG00000186832.9	protein_coding	KRT16
ENSG00000186834.4	protein_coding	HEXIM1
ENSG00000186838.15	protein_coding	SELENOV
ENSG00000186844.6	protein_coding	LCE1A
ENSG00000186847.6	protein_coding	KRT14
ENSG00000186854.11	protein_coding	TRABD2A
ENSG00000186860.5	protein_coding	KRTAP17-1
ENSG00000186862.20	protein_coding	PDZD7
ENSG00000186866.17	protein_coding	POFUT2
ENSG00000186867.11	protein_coding	QRFPR
ENSG00000186868.18	protein_coding	MAPT
ENSG00000186871.7	protein_coding	ERCC6L
ENSG00000186881.3	protein_coding	OR13F1
ENSG00000186886.8	protein_coding	OR5D3P
ENSG00000186889.10	protein_coding	TMEM17
ENSG00000186891.14	protein_coding	TNFRSF18
ENSG00000186895.4	protein_coding	FGF3
ENSG00000186897.5	protein_coding	C1QL4
ENSG00000186907.8	protein_coding	RTN4RL2
ENSG00000186908.15	protein_coding	ZDHHC17
ENSG00000186910.4	protein_coding	SERPINA11
ENSG00000186912.7	protein_coding	P2RY4
ENSG00000186918.14	protein_coding	ZNF395
ENSG00000186919.13	protein_coding	ZACN
ENSG00000186924.3	protein_coding	KRTAP22-1
ENSG00000186925.6	protein_coding	KRTAP19-6
ENSG00000186930.4	protein_coding	KRTAP6-2
ENSG00000186943.1	protein_coding	OR13C8
ENSG00000186951.17	protein_coding	PPARA
ENSG00000186952.15	protein_coding	TMEM232
ENSG00000186965.5	protein_coding	KRTAP19-2
ENSG00000186967.7	protein_coding	KRTAP19-4
ENSG00000186970.5	protein_coding	KRTAP15-1
ENSG00000186971.4	protein_coding	KRTAP13-4
ENSG00000186973.11	protein_coding	FAM183A
ENSG00000186976.15	protein_coding	EFCAB6
ENSG00000186977.3	protein_coding	KRTAP19-5
ENSG00000186980.7	protein_coding	KRTAP23-1
ENSG00000186994.12	protein_coding	KANK3
ENSG00000186998.16	protein_coding	EMID1
ENSG00000187003.7	protein_coding	ACTL7A
ENSG00000187005.5	protein_coding	KRTAP21-1
ENSG00000187010.21	protein_coding	RHD
ENSG00000187017.18	protein_coding	ESPN
ENSG00000187021.15	protein_coding	PNLIPRP1
ENSG00000187024.15	protein_coding	PTRH1
ENSG00000187026.3	protein_coding	KRTAP21-2
ENSG00000187033.9	protein_coding	SAMD7
ENSG00000187037.9	protein_coding	GPR141
ENSG00000187045.19	protein_coding	TMPRSS6
ENSG00000187048.14	protein_coding	CYP4A11
ENSG00000187049.11	protein_coding	TMEM216
ENSG00000187051.9	protein_coding	RPS19BP1
ENSG00000187054.16	protein_coding	TMPRSS11A
ENSG00000187066.9	protein_coding	TMEM262
ENSG00000187068.3	protein_coding	C3orf70
ENSG00000187079.20	protein_coding	TEAD1
ENSG00000187080.10	protein_coding	OR2AK2
ENSG00000187082.2	protein_coding	DEFB106B
ENSG00000187091.14	protein_coding	PLCD1
ENSG00000187094.12	protein_coding	CCK
ENSG00000187097.13	protein_coding	ENTPD5
ENSG00000187098.18	protein_coding	MITF
ENSG00000187105.9	protein_coding	HEATR4
ENSG00000187109.15	protein_coding	NAP1L1
ENSG00000187116.14	protein_coding	LILRA5
ENSG00000187118.14	protein_coding	CMC1
ENSG00000187122.17	protein_coding	SLIT1
ENSG00000187123.15	protein_coding	LYPD6
ENSG00000187134.14	protein_coding	AKR1C1
ENSG00000187135.8	protein_coding	VSTM2B
ENSG00000187140.6	protein_coding	FOXD3
ENSG00000187144.11	protein_coding	SPATA21
ENSG00000187147.18	protein_coding	RNF220
ENSG00000187151.7	protein_coding	ANGPTL5
ENSG00000187164.20	protein_coding	SHTN1
ENSG00000187166.1	protein_coding	H1-7
ENSG00000187170.6	protein_coding	LCE4A
ENSG00000187173.4	protein_coding	LCE2A
ENSG00000187175.5	protein_coding	KRTAP12-1
ENSG00000187180.4	protein_coding	LCE2C
ENSG00000187186.15	protein_coding	ENSG00000187186
ENSG00000187187.14	protein_coding	ZNF546
ENSG00000187189.11	protein_coding	TSPYL4
ENSG00000187191.16	protein_coding	DAZ3
ENSG00000187193.9	protein_coding	MT1X
ENSG00000187210.14	protein_coding	GCNT1
ENSG00000187223.4	protein_coding	LCE2D
ENSG00000187231.14	protein_coding	SESTD1
ENSG00000187238.5	protein_coding	LCE3B
ENSG00000187239.19	protein_coding	FNBP1
ENSG00000187240.17	protein_coding	DYNC2H1
ENSG00000187242.6	protein_coding	KRT12
ENSG00000187243.17	protein_coding	MAGED4B
ENSG00000187244.12	protein_coding	BCAM
ENSG00000187257.16	protein_coding	RSBN1L
ENSG00000187258.14	protein_coding	NPSR1
ENSG00000187260.16	protein_coding	WDR86
ENSG00000187266.14	protein_coding	EPOR
ENSG00000187268.12	protein_coding	FAM9C
ENSG00000187272.7	protein_coding	KRTAP9-8
ENSG00000187288.12	protein_coding	CIDEC
ENSG00000187323.12	protein_coding	DCC
ENSG00000187325.5	protein_coding	TAF9B
ENSG00000187372.11	protein_coding	PCDHB13
ENSG00000187391.22	protein_coding	MAGI2
ENSG00000187398.12	protein_coding	LUZP2
ENSG00000187416.13	protein_coding	LHFPL3
ENSG00000187446.12	protein_coding	CHP1
ENSG00000187474.5	protein_coding	FPR3
ENSG00000187475.6	protein_coding	H1-6
ENSG00000187479.9	protein_coding	C11orf96
ENSG00000187486.7	protein_coding	KCNJ11
ENSG00000187492.9	protein_coding	CDHR4
ENSG00000187498.16	protein_coding	COL4A1
ENSG00000187510.11	protein_coding	PLEKHG7
ENSG00000187513.9	protein_coding	GJA4
ENSG00000187514.17	protein_coding	PTMA
ENSG00000187516.7	protein_coding	H2AP
ENSG00000187522.16	protein_coding	HSPA14
ENSG00000187527.12	protein_coding	ATP13A5
ENSG00000187531.14	protein_coding	SIRT7
ENSG00000187533.14	protein_coding	PRR27
ENSG00000187535.14	protein_coding	IFT140
ENSG00000187537.13	protein_coding	POTEG
ENSG00000187545.5	protein_coding	PRAMEF10
ENSG00000187546.14	protein_coding	AGMO
ENSG00000187550.9	protein_coding	SBK2
ENSG00000187553.10	protein_coding	CYP26C1
ENSG00000187554.14	protein_coding	TLR5
ENSG00000187555.17	protein_coding	USP7
ENSG00000187556.8	protein_coding	NANOS3
ENSG00000187559.6	protein_coding	FOXD4L3
ENSG00000187566.6	protein_coding	NHLRC1
ENSG00000187569.3	protein_coding	DPPA3
ENSG00000187581.3	protein_coding	COX8C
ENSG00000187583.11	protein_coding	PLEKHN1
ENSG00000187595.18	protein_coding	ZNF385C
ENSG00000187601.5	protein_coding	MAGEH1
ENSG00000187605.16	protein_coding	TET3
ENSG00000187607.16	protein_coding	ZNF286A
ENSG00000187608.10	protein_coding	ISG15
ENSG00000187609.16	protein_coding	EXD3
ENSG00000187612.1	protein_coding	OR5W2
ENSG00000187616.5	protein_coding	MYMK
ENSG00000187624.9	protein_coding	C17orf97
ENSG00000187626.9	protein_coding	ZKSCAN4
ENSG00000187627.18	protein_coding	RGPD1
ENSG00000187630.18	protein_coding	DHRS4L2
ENSG00000187634.13	protein_coding	SAMD11
ENSG00000187642.10	protein_coding	PERM1
ENSG00000187650.4	protein_coding	VMAC
ENSG00000187658.7	protein_coding	C5orf52
ENSG00000187664.9	protein_coding	HAPLN4
ENSG00000187672.15	protein_coding	ERC2
ENSG00000187676.8	protein_coding	B3GLCT
ENSG00000187678.10	protein_coding	SPRY4
ENSG00000187682.2	protein_coding	ERAS
ENSG00000187688.15	protein_coding	TRPV2
ENSG00000187689.10	protein_coding	AMTN
ENSG00000187690.4	protein_coding	EZHIP
ENSG00000187699.10	protein_coding	C2orf88
ENSG00000187701.5	protein_coding	OR2T27
ENSG00000187713.7	protein_coding	TMEM203
ENSG00000187714.7	protein_coding	SLC18A3
ENSG00000187715.13	protein_coding	KBTBD12
ENSG00000187720.15	protein_coding	THSD4
ENSG00000187726.9	protein_coding	DNAJB13
ENSG00000187730.9	protein_coding	GABRD
ENSG00000187733.7	protein_coding	AMY1C
ENSG00000187735.15	protein_coding	TCEA1
ENSG00000187736.14	protein_coding	NHEJ1
ENSG00000187741.16	protein_coding	FANCA
ENSG00000187742.15	protein_coding	SECISBP2
ENSG00000187747.2	protein_coding	OR52B6
ENSG00000187753.13	protein_coding	C9orf153
ENSG00000187754.9	protein_coding	SSX7
ENSG00000187758.8	protein_coding	ADH1A
ENSG00000187764.12	protein_coding	SEMA4D
ENSG00000187766.1	protein_coding	KRTAP10-8
ENSG00000187772.8	protein_coding	LIN28B
ENSG00000187773.9	protein_coding	DIPK1C
ENSG00000187775.17	protein_coding	DNAH17
ENSG00000187778.14	protein_coding	MCRS1
ENSG00000187783.12	protein_coding	TMEM72
ENSG00000187790.12	protein_coding	FANCM
ENSG00000187791.13	protein_coding	FAM205C
ENSG00000187792.5	protein_coding	ZNF70
ENSG00000187796.16	protein_coding	CARD9
ENSG00000187800.14	protein_coding	PEAR1
ENSG00000187801.15	protein_coding	ZFP69B
ENSG00000187806.9	protein_coding	TMEM202
ENSG00000187808.5	protein_coding	SOWAHD
ENSG00000187815.10	protein_coding	ZFP69
ENSG00000187821.9	protein_coding	HELT
ENSG00000187823.4	protein_coding	RTL4
ENSG00000187824.9	protein_coding	TMEM220
ENSG00000187833.8	protein_coding	C2orf78
ENSG00000187837.4	protein_coding	H1-2
ENSG00000187838.17	protein_coding	PLSCR3
ENSG00000187840.5	protein_coding	EIF4EBP1
ENSG00000187848.15	protein_coding	P2RX2
ENSG00000187855.6	protein_coding	ASCL4
ENSG00000187857.5	protein_coding	OR6C75
ENSG00000187860.11	protein_coding	CCDC157
ENSG00000187862.13	protein_coding	TTC24
ENSG00000187866.10	protein_coding	PABIR1
ENSG00000187867.10	protein_coding	PALM3
ENSG00000187871.2	protein_coding	GFRAL
ENSG00000187889.13	protein_coding	FYB2
ENSG00000187902.13	protein_coding	SHISA7
ENSG00000187905.11	protein_coding	LRRC74B
ENSG00000187908.20	protein_coding	DMBT1
ENSG00000187912.12	protein_coding	CLEC17A
ENSG00000187918.6	protein_coding	OR51I2
ENSG00000187922.14	protein_coding	LCN10
ENSG00000187942.12	protein_coding	LDLRAD2
ENSG00000187944.5	protein_coding	C2orf66
ENSG00000187950.9	protein_coding	OVCH1
ENSG00000187954.14	protein_coding	ZFTRAF1
ENSG00000187955.13	protein_coding	COL14A1
ENSG00000187957.8	protein_coding	DNER
ENSG00000187959.9	protein_coding	CPSF4L
ENSG00000187961.15	protein_coding	KLHL17
ENSG00000187969.6	protein_coding	ZCCHC13
ENSG00000187980.7	protein_coding	PLA2G2C
ENSG00000187987.10	protein_coding	ZSCAN23
ENSG00000187994.14	protein_coding	RINL
ENSG00000187997.12	protein_coding	C17orf99
ENSG00000188000.6	protein_coding	OR7D2
ENSG00000188001.10	protein_coding	TPRG1
ENSG00000188010.16	protein_coding	MORN2
ENSG00000188011.5	protein_coding	RTP5
ENSG00000188015.10	protein_coding	S100A3
ENSG00000188021.9	protein_coding	UBQLN2
ENSG00000188026.13	protein_coding	RILPL1
ENSG00000188032.10	protein_coding	C19orf67
ENSG00000188033.10	protein_coding	ZNF490
ENSG00000188037.14	protein_coding	CLCN1
ENSG00000188038.8	protein_coding	NRN1L
ENSG00000188039.16	protein_coding	NWD1
ENSG00000188042.8	protein_coding	ARL4C
ENSG00000188050.3	protein_coding	RNF133
ENSG00000188051.7	protein_coding	TMEM221
ENSG00000188056.12	protein_coding	TREML4
ENSG00000188060.8	protein_coding	RAB42
ENSG00000188064.10	protein_coding	WNT7B
ENSG00000188070.9	protein_coding	ZFTA
ENSG00000188076.3	protein_coding	SCGB1C1
ENSG00000188089.14	protein_coding	PLA2G4E
ENSG00000188092.15	protein_coding	GPR89B
ENSG00000188095.6	protein_coding	MESP2
ENSG00000188100.9	protein_coding	FAM25A
ENSG00000188107.15	protein_coding	EYS
ENSG00000188112.10	protein_coding	C6orf132
ENSG00000188120.16	protein_coding	DAZ1
ENSG00000188124.4	protein_coding	OR2AG2
ENSG00000188130.14	protein_coding	MAPK12
ENSG00000188133.6	protein_coding	TMEM215
ENSG00000188152.13	protein_coding	NUTM2G
ENSG00000188153.14	protein_coding	COL4A5
ENSG00000188155.11	protein_coding	KRTAP10-6
ENSG00000188157.15	protein_coding	AGRN
ENSG00000188158.17	protein_coding	NHS
ENSG00000188162.12	protein_coding	OTOG
ENSG00000188163.8	protein_coding	FAM166A
ENSG00000188167.9	protein_coding	TMPPE
ENSG00000188171.17	protein_coding	ZNF626
ENSG00000188175.10	protein_coding	HEPACAM2
ENSG00000188176.12	protein_coding	SMTNL2
ENSG00000188177.14	protein_coding	ZC3H6
ENSG00000188186.11	protein_coding	LAMTOR4
ENSG00000188191.16	protein_coding	PRKAR1B
ENSG00000188199.11	protein_coding	NUTM2B
ENSG00000188211.9	protein_coding	NCR3LG1
ENSG00000188215.10	protein_coding	DCUN1D3
ENSG00000188219.16	protein_coding	POTEE
ENSG00000188223.9	protein_coding	ENSG00000188223
ENSG00000188227.14	protein_coding	ZNF793
ENSG00000188229.6	protein_coding	TUBB4B
ENSG00000188234.15	protein_coding	AGAP4
ENSG00000188243.14	protein_coding	COMMD6
ENSG00000188257.12	protein_coding	PLA2G2A
ENSG00000188263.11	protein_coding	IL17REL
ENSG00000188266.14	protein_coding	HYKK
ENSG00000188269.10	protein_coding	OR7A5
ENSG00000188277.10	protein_coding	C15orf62
ENSG00000188282.13	protein_coding	RUFY4
ENSG00000188283.12	protein_coding	ZNF383
ENSG00000188290.11	protein_coding	HES4
ENSG00000188293.6	protein_coding	IGFL1
ENSG00000188295.15	protein_coding	ZNF669
ENSG00000188305.6	protein_coding	PEAK3
ENSG00000188306.7	protein_coding	LRRIQ4
ENSG00000188312.14	protein_coding	CENPP
ENSG00000188313.13	protein_coding	PLSCR1
ENSG00000188315.8	protein_coding	C3orf62
ENSG00000188316.15	protein_coding	ENO4
ENSG00000188321.14	protein_coding	ZNF559
ENSG00000188322.8	protein_coding	SBK1
ENSG00000188324.4	protein_coding	OR6C6
ENSG00000188334.3	protein_coding	BSPH1
ENSG00000188338.15	protein_coding	SLC38A3
ENSG00000188340.3	protein_coding	OR6N2
ENSG00000188342.13	protein_coding	GTF2F2
ENSG00000188343.14	protein_coding	CIBAR1
ENSG00000188352.13	protein_coding	FOCAD
ENSG00000188368.11	protein_coding	PRR19
ENSG00000188372.15	protein_coding	ZP3
ENSG00000188373.5	protein_coding	GPR15LG
ENSG00000188375.5	protein_coding	H3-5
ENSG00000188379.7	protein_coding	IFNA2
ENSG00000188385.13	protein_coding	JAKMIP3
ENSG00000188386.8	protein_coding	PPP3R2
ENSG00000188389.11	protein_coding	PDCD1
ENSG00000188393.9	protein_coding	CLEC2A
ENSG00000188394.8	protein_coding	GPR21
ENSG00000188396.4	protein_coding	DYNLT4
ENSG00000188404.10	protein_coding	SELL
ENSG00000188408.5	protein_coding	MAGEB5
ENSG00000188419.14	protein_coding	CHM
ENSG00000188425.4	protein_coding	NANOS2
ENSG00000188428.20	protein_coding	BLOC1S5
ENSG00000188452.15	protein_coding	CERKL
ENSG00000188467.11	protein_coding	SLC24A5
ENSG00000188483.8	protein_coding	IER5L
ENSG00000188486.4	protein_coding	H2AX
ENSG00000188487.12	protein_coding	INSC
ENSG00000188488.14	protein_coding	SERPINA5
ENSG00000188493.15	protein_coding	C19orf54
ENSG00000188501.12	protein_coding	LCTL
ENSG00000188505.5	protein_coding	NCCRP1
ENSG00000188508.11	protein_coding	KRTDAP
ENSG00000188517.17	protein_coding	COL25A1
ENSG00000188522.15	protein_coding	FAM83G
ENSG00000188523.9	protein_coding	CFAP77
ENSG00000188529.15	protein_coding	SRSF10
ENSG00000188536.13	protein_coding	HBA2
ENSG00000188542.10	protein_coding	DUSP28
ENSG00000188549.13	protein_coding	CCDC9B
ENSG00000188554.15	protein_coding	NBR1
ENSG00000188558.7	protein_coding	OR2G6
ENSG00000188559.16	protein_coding	RALGAPA2
ENSG00000188566.15	protein_coding	NDOR1
ENSG00000188573.8	protein_coding	FBLL1
ENSG00000188580.15	protein_coding	NKAIN2
ENSG00000188581.9	protein_coding	KRTAP1-1
ENSG00000188582.10	protein_coding	PAQR9
ENSG00000188585.10	protein_coding	CLEC20A
ENSG00000188596.11	protein_coding	CFAP54
ENSG00000188603.22	protein_coding	CLN3
ENSG00000188610.12	protein_coding	FAM72B
ENSG00000188611.17	protein_coding	ASAH2
ENSG00000188612.12	protein_coding	SUMO2
ENSG00000188613.7	protein_coding	NANOS1
ENSG00000188620.11	protein_coding	HMX3
ENSG00000188624.3	protein_coding	IGFL3
ENSG00000188626.7	protein_coding	GOLGA8M
ENSG00000188629.14	protein_coding	ZNF177
ENSG00000188636.4	protein_coding	RTL6
ENSG00000188641.14	protein_coding	DPYD
ENSG00000188643.11	protein_coding	S100A16
ENSG00000188647.13	protein_coding	PTAR1
ENSG00000188649.15	protein_coding	CC2D2B
ENSG00000188655.10	protein_coding	RNASE9
ENSG00000188659.10	protein_coding	SAXO2
ENSG00000188672.19	protein_coding	RHCE
ENSG00000188674.11	protein_coding	C2orf80
ENSG00000188676.15	protein_coding	IDO2
ENSG00000188677.15	protein_coding	PARVB
ENSG00000188687.18	protein_coding	SLC4A5
ENSG00000188690.15	protein_coding	UROS
ENSG00000188691.5	protein_coding	OR56A5
ENSG00000188694.6	protein_coding	KRTAP24-1
ENSG00000188706.13	protein_coding	ZDHHC9
ENSG00000188710.3	protein_coding	QRFP
ENSG00000188716.6	protein_coding	DUSP29
ENSG00000188725.8	protein_coding	SMIM15
ENSG00000188729.7	protein_coding	OSTN
ENSG00000188730.5	protein_coding	VWC2
ENSG00000188732.11	protein_coding	FAM221A
ENSG00000188735.13	protein_coding	TMEM120B
ENSG00000188738.16	protein_coding	FSIP2
ENSG00000188739.15	protein_coding	RBM34
ENSG00000188747.9	protein_coding	NOXA1
ENSG00000188760.11	protein_coding	TMEM198
ENSG00000188761.13	protein_coding	BCL2L15
ENSG00000188763.5	protein_coding	FZD9
ENSG00000188766.13	protein_coding	SPRED3
ENSG00000188770.10	protein_coding	OPTC
ENSG00000188771.5	protein_coding	PLET1
ENSG00000188778.6	protein_coding	ADRB3
ENSG00000188779.12	protein_coding	SKOR1
ENSG00000188782.9	protein_coding	CATSPER4
ENSG00000188783.6	protein_coding	PRELP
ENSG00000188784.4	protein_coding	PLA2G2E
ENSG00000188785.12	protein_coding	ZNF548
ENSG00000188786.10	protein_coding	MTF1
ENSG00000188800.6	protein_coding	TMCO2
ENSG00000188803.15	protein_coding	SHISA6
ENSG00000188807.13	protein_coding	TMEM201
ENSG00000188811.14	protein_coding	NHLRC3
ENSG00000188816.4	protein_coding	HMX2
ENSG00000188817.8	protein_coding	SNTN
ENSG00000188818.13	protein_coding	ZDHHC11
ENSG00000188820.13	protein_coding	CALHM6
ENSG00000188822.8	protein_coding	CNR2
ENSG00000188827.12	protein_coding	SLX4
ENSG00000188833.10	protein_coding	ENTPD8
ENSG00000188846.14	protein_coding	RPL14
ENSG00000188848.17	protein_coding	BEND4
ENSG00000188859.7	protein_coding	FAM78B
ENSG00000188868.14	protein_coding	ZNF563
ENSG00000188869.13	protein_coding	TMC3
ENSG00000188877.12	protein_coding	POTEA
ENSG00000188878.20	protein_coding	FBF1
ENSG00000188883.5	protein_coding	KLRG2
ENSG00000188886.4	protein_coding	ASTL
ENSG00000188895.12	protein_coding	MSL1
ENSG00000188897.10	protein_coding	ENSG00000188897
ENSG00000188906.17	protein_coding	LRRK2
ENSG00000188909.5	protein_coding	BSX
ENSG00000188910.8	protein_coding	GJB3
ENSG00000188916.9	protein_coding	INSYN2A
ENSG00000188917.15	protein_coding	TRMT2B
ENSG00000188921.14	protein_coding	HACD4
ENSG00000188931.4	protein_coding	CFAP126
ENSG00000188937.7	protein_coding	NYX
ENSG00000188938.17	protein_coding	FAM120AOS
ENSG00000188958.10	protein_coding	UTS2B
ENSG00000188959.10	protein_coding	C9orf152
ENSG00000188976.11	protein_coding	NOC2L
ENSG00000188981.11	protein_coding	MSANTD1
ENSG00000188984.12	protein_coding	AADACL3
ENSG00000188986.9	protein_coding	NELFB
ENSG00000188991.3	protein_coding	SLC15A5
ENSG00000188992.12	protein_coding	LIPI
ENSG00000188993.4	protein_coding	LRRC66
ENSG00000188994.14	protein_coding	ZNF292
ENSG00000188996.5	protein_coding	HUS1B
ENSG00000188997.8	protein_coding	KCTD21
ENSG00000189001.11	protein_coding	SBSN
ENSG00000189007.16	protein_coding	ADAT2
ENSG00000189013.16	protein_coding	KIR2DL4
ENSG00000189023.11	protein_coding	MAGEB16
ENSG00000189030.10	protein_coding	VHLL
ENSG00000189037.8	protein_coding	DUSP21
ENSG00000189042.14	protein_coding	ZNF567
ENSG00000189043.10	protein_coding	NDUFA4
ENSG00000189045.15	protein_coding	ANKDD1B
ENSG00000189046.11	protein_coding	ALKBH2
ENSG00000189050.16	protein_coding	RNFT1
ENSG00000189051.6	protein_coding	RNF222
ENSG00000189052.7	protein_coding	CGB5
ENSG00000189056.15	protein_coding	RELN
ENSG00000189057.11	protein_coding	FAM111B
ENSG00000189058.9	protein_coding	APOD
ENSG00000189060.6	protein_coding	H1-0
ENSG00000189064.9	protein_coding	GAGE2A
ENSG00000189067.14	protein_coding	LITAF
ENSG00000189068.11	protein_coding	VSTM1
ENSG00000189077.11	protein_coding	TMEM120A
ENSG00000189079.18	protein_coding	ARID2
ENSG00000189090.8	protein_coding	FAM25G
ENSG00000189091.13	protein_coding	SF3B3
ENSG00000189099.12	protein_coding	PRSS48
ENSG00000189108.13	protein_coding	IL1RAPL2
ENSG00000189114.8	protein_coding	BLOC1S3
ENSG00000189120.5	protein_coding	SP6
ENSG00000189127.8	protein_coding	ANKRD34B
ENSG00000189129.14	protein_coding	PLAC9
ENSG00000189132.6	protein_coding	FAM47B
ENSG00000189134.4	protein_coding	NKAPL
ENSG00000189139.6	protein_coding	FSCB
ENSG00000189143.10	protein_coding	CLDN4
ENSG00000189144.15	protein_coding	ZNF573
ENSG00000189152.11	protein_coding	GRAPL
ENSG00000189157.14	protein_coding	FAM47E
ENSG00000189159.16	protein_coding	JPT1
ENSG00000189164.15	protein_coding	ZNF527
ENSG00000189167.12	protein_coding	ZAR1L
ENSG00000189169.7	protein_coding	KRTAP10-12
ENSG00000189171.15	protein_coding	S100A13
ENSG00000189180.16	protein_coding	ZNF33A
ENSG00000189181.5	protein_coding	OR14I1
ENSG00000189182.10	protein_coding	KRT77
ENSG00000189184.12	protein_coding	PCDH18
ENSG00000189186.11	protein_coding	DCAF8L2
ENSG00000189190.11	protein_coding	ZNF600
ENSG00000189195.15	protein_coding	BTBD8
ENSG00000189221.11	protein_coding	MAOA
ENSG00000189227.6	protein_coding	C15orf61
ENSG00000189233.12	protein_coding	NUGGC
ENSG00000189241.8	protein_coding	TSPYL1
ENSG00000189252.4	protein_coding	SPANXN3
ENSG00000189253.8	protein_coding	TRIM64B
ENSG00000189266.13	protein_coding	PNRC2
ENSG00000189269.12	protein_coding	DRICH1
ENSG00000189280.3	protein_coding	GJB5
ENSG00000189283.10	protein_coding	FHIT
ENSG00000189292.16	protein_coding	ALKAL2
ENSG00000189298.14	protein_coding	ZKSCAN3
ENSG00000189299.7	protein_coding	FOXR2
ENSG00000189306.11	protein_coding	RRP7A
ENSG00000189308.11	protein_coding	LIN54
ENSG00000189319.14	protein_coding	FAM53B
ENSG00000189320.9	protein_coding	FAM180A
ENSG00000189325.7	protein_coding	BNIP5
ENSG00000189326.5	protein_coding	SPANXN4
ENSG00000189334.9	protein_coding	S100A14
ENSG00000189337.17	protein_coding	KAZN
ENSG00000189339.12	protein_coding	SLC35E2B
ENSG00000189348.7	protein_coding	FAM90A27P
ENSG00000189350.13	protein_coding	TOGARAM2
ENSG00000189357.9	protein_coding	SPATA31D4
ENSG00000189362.12	protein_coding	NEMP2
ENSG00000189367.15	protein_coding	KIAA0408
ENSG00000189369.9	protein_coding	GSPT2
ENSG00000189375.12	protein_coding	TBC1D28
ENSG00000189376.12	protein_coding	C8orf76
ENSG00000189377.9	protein_coding	CXCL17
ENSG00000189401.3	protein_coding	OTUD6A
ENSG00000189403.15	protein_coding	HMGB1
ENSG00000189409.14	protein_coding	MMP23B
ENSG00000189410.12	protein_coding	SH2D5
ENSG00000189420.9	protein_coding	ZFP92
ENSG00000189430.13	protein_coding	NCR1
ENSG00000189431.8	protein_coding	RASSF10
ENSG00000189433.7	protein_coding	GJB4
ENSG00000196071.6	protein_coding	OR2L13
ENSG00000196072.12	protein_coding	BLOC1S2
ENSG00000196074.13	protein_coding	SYCP2
ENSG00000196081.10	protein_coding	ZNF724
ENSG00000196083.11	protein_coding	IL1RAP
ENSG00000196090.13	protein_coding	PTPRT
ENSG00000196091.15	protein_coding	MYBPC1
ENSG00000196092.14	protein_coding	PAX5
ENSG00000196098.2	protein_coding	OR5K4
ENSG00000196099.5	protein_coding	OR6M1
ENSG00000196104.11	protein_coding	SPOCK3
ENSG00000196109.9	protein_coding	ZNF676
ENSG00000196110.8	protein_coding	ZNF699
ENSG00000196116.8	protein_coding	TDRD7
ENSG00000196118.12	protein_coding	CFAP119
ENSG00000196119.8	protein_coding	OR8A1
ENSG00000196123.13	protein_coding	MATCAP1
ENSG00000196126.12	protein_coding	HLA-DRB1
ENSG00000196131.6	protein_coding	VN1R2
ENSG00000196132.14	protein_coding	MYT1
ENSG00000196136.18	protein_coding	SERPINA3
ENSG00000196139.14	protein_coding	AKR1C3
ENSG00000196141.14	protein_coding	SPATS2L
ENSG00000196150.14	protein_coding	ZNF250
ENSG00000196151.11	protein_coding	WDSUB1
ENSG00000196152.10	protein_coding	ZNF79
ENSG00000196154.12	protein_coding	S100A4
ENSG00000196155.13	protein_coding	PLEKHG4
ENSG00000196156.5	protein_coding	KRTAP4-3
ENSG00000196159.14	protein_coding	FAT4
ENSG00000196169.15	protein_coding	KIF19
ENSG00000196171.3	protein_coding	OR6K2
ENSG00000196172.9	protein_coding	ZNF681
ENSG00000196177.13	protein_coding	ACADSB
ENSG00000196182.11	protein_coding	STK40
ENSG00000196184.10	protein_coding	OR10J1
ENSG00000196187.12	protein_coding	TMEM63A
ENSG00000196188.12	protein_coding	CTSE
ENSG00000196189.14	protein_coding	SEMA4A
ENSG00000196196.3	protein_coding	HRCT1
ENSG00000196199.14	protein_coding	MPHOSPH8
ENSG00000196208.14	protein_coding	GREB1
ENSG00000196209.13	protein_coding	SIRPB2
ENSG00000196214.11	protein_coding	ZNF766
ENSG00000196218.14	protein_coding	RYR1
ENSG00000196220.17	protein_coding	SRGAP3
ENSG00000196224.7	protein_coding	KRTAP5-3
ENSG00000196227.11	protein_coding	FAM217B
ENSG00000196228.5	protein_coding	SULT1C3
ENSG00000196230.14	protein_coding	TUBB
ENSG00000196233.14	protein_coding	LCOR
ENSG00000196235.14	protein_coding	SUPT5H
ENSG00000196236.13	protein_coding	XPNPEP3
ENSG00000196240.6	protein_coding	OR2T2
ENSG00000196242.10	protein_coding	OR2C3
ENSG00000196247.13	protein_coding	ZNF107
ENSG00000196248.6	protein_coding	OR10S1
ENSG00000196260.5	protein_coding	SFTA2
ENSG00000196262.15	protein_coding	PPIA
ENSG00000196263.8	protein_coding	ZNF471
ENSG00000196266.6	protein_coding	OR10J3
ENSG00000196267.14	protein_coding	ZNF836
ENSG00000196268.12	protein_coding	ZNF493
ENSG00000196275.16	protein_coding	GTF2IRD2
ENSG00000196277.17	protein_coding	GRM7
ENSG00000196284.17	protein_coding	SUPT3H
ENSG00000196289.7	protein_coding	BECN2
ENSG00000196290.17	protein_coding	NIF3L1
ENSG00000196296.14	protein_coding	ATP2A1
ENSG00000196305.19	protein_coding	IARS1
ENSG00000196313.13	protein_coding	POM121
ENSG00000196323.14	protein_coding	ZBTB44
ENSG00000196329.12	protein_coding	GIMAP5
ENSG00000196335.13	protein_coding	STK31
ENSG00000196337.14	protein_coding	CGB7
ENSG00000196338.15	protein_coding	NLGN3
ENSG00000196341.3	protein_coding	OR8D1
ENSG00000196344.12	protein_coding	ADH7
ENSG00000196345.13	protein_coding	ZKSCAN7
ENSG00000196350.9	protein_coding	ZNF729
ENSG00000196352.18	protein_coding	CD55
ENSG00000196353.13	protein_coding	CPNE4
ENSG00000196357.12	protein_coding	ZNF565
ENSG00000196358.12	protein_coding	NTNG2
ENSG00000196361.10	protein_coding	ELAVL3
ENSG00000196363.10	protein_coding	WDR5
ENSG00000196365.12	protein_coding	LONP1
ENSG00000196367.15	protein_coding	TRRAP
ENSG00000196368.5	protein_coding	NUDT11
ENSG00000196369.12	protein_coding	SRGAP2B
ENSG00000196371.4	protein_coding	FUT4
ENSG00000196372.13	protein_coding	ASB13
ENSG00000196376.11	protein_coding	SLC35F1
ENSG00000196378.13	protein_coding	ZNF34
ENSG00000196383.7	protein_coding	OR4Q2
ENSG00000196387.10	protein_coding	ZNF140
ENSG00000196388.9	protein_coding	INCA1
ENSG00000196391.11	protein_coding	ZNF774
ENSG00000196396.10	protein_coding	PTPN1
ENSG00000196405.13	protein_coding	EVL
ENSG00000196406.4	protein_coding	SPANXD
ENSG00000196407.12	protein_coding	THEM5
ENSG00000196408.12	protein_coding	NOXO1
ENSG00000196411.10	protein_coding	EPHB4
ENSG00000196415.10	protein_coding	PRTN3
ENSG00000196417.13	protein_coding	ZNF765
ENSG00000196418.13	protein_coding	ZNF124
ENSG00000196419.13	protein_coding	XRCC6
ENSG00000196420.8	protein_coding	S100A5
ENSG00000196421.9	protein_coding	C20orf204
ENSG00000196422.11	protein_coding	PPP1R26
ENSG00000196427.14	protein_coding	NBPF4
ENSG00000196428.13	protein_coding	TSC22D2
ENSG00000196431.4	protein_coding	CRYBA4
ENSG00000196433.13	protein_coding	ASMT
ENSG00000196433.13_PAR_Y	protein_coding	ASMT
ENSG00000196436.9	protein_coding	NPIPB15
ENSG00000196437.12	protein_coding	ZNF569
ENSG00000196440.12	protein_coding	ARMCX4
ENSG00000196449.4	protein_coding	YRDC
ENSG00000196453.8	protein_coding	ZNF777
ENSG00000196455.8	protein_coding	PIK3R4
ENSG00000196456.13	protein_coding	ZNF775
ENSG00000196458.11	protein_coding	ZNF605
ENSG00000196459.15	protein_coding	TRAPPC2
ENSG00000196460.14	protein_coding	RFX8
ENSG00000196465.11	protein_coding	MYL6B
ENSG00000196466.10	protein_coding	ZNF799
ENSG00000196468.8	protein_coding	FGF16
ENSG00000196470.12	protein_coding	SIAH1
ENSG00000196475.6	protein_coding	GK2
ENSG00000196476.12	protein_coding	C20orf96
ENSG00000196482.18	protein_coding	ESRRG
ENSG00000196497.17	protein_coding	IPO4
ENSG00000196498.14	protein_coding	NCOR2
ENSG00000196502.14	protein_coding	SULT1A1
ENSG00000196503.5	protein_coding	ARL9
ENSG00000196504.21	protein_coding	PRPF40A
ENSG00000196505.11	protein_coding	GDAP2
ENSG00000196507.11	protein_coding	TCEAL3
ENSG00000196510.14	protein_coding	ANAPC7
ENSG00000196511.15	protein_coding	TPK1
ENSG00000196517.13	protein_coding	SLC6A9
ENSG00000196526.11	protein_coding	AFAP1
ENSG00000196531.14	protein_coding	NACA
ENSG00000196535.20	protein_coding	MYO18A
ENSG00000196539.3	protein_coding	OR2T3
ENSG00000196542.9	protein_coding	SPTSSB
ENSG00000196544.8	protein_coding	BORCS6
ENSG00000196547.15	protein_coding	MAN2A2
ENSG00000196549.13	protein_coding	MME
ENSG00000196550.11	protein_coding	FAM72A
ENSG00000196553.15	protein_coding	CCDC196
ENSG00000196557.13	protein_coding	CACNA1H
ENSG00000196562.16	protein_coding	SULF2
ENSG00000196565.15	protein_coding	HBG2
ENSG00000196569.14	protein_coding	LAMA2
ENSG00000196570.3	protein_coding	PFN3
ENSG00000196576.16	protein_coding	PLXNB2
ENSG00000196578.4	protein_coding	OR5AC2
ENSG00000196581.11	protein_coding	AJAP1
ENSG00000196584.4	protein_coding	XRCC2
ENSG00000196586.17	protein_coding	MYO6
ENSG00000196588.21	protein_coding	MRTFA
ENSG00000196589.7	protein_coding	MBD3L2B
ENSG00000196591.12	protein_coding	HDAC2
ENSG00000196597.13	protein_coding	ZNF782
ENSG00000196600.13	protein_coding	SLC22A25
ENSG00000196604.13	protein_coding	POTEF
ENSG00000196605.7	protein_coding	ZNF846
ENSG00000196611.6	protein_coding	MMP1
ENSG00000196616.14	protein_coding	ADH1B
ENSG00000196620.10	protein_coding	UGT2B15
ENSG00000196628.20	protein_coding	TCF4
ENSG00000196632.11	protein_coding	WNK3
ENSG00000196636.8	protein_coding	SDHAF3
ENSG00000196639.7	protein_coding	HRH1
ENSG00000196642.19	protein_coding	RABL6
ENSG00000196646.12	protein_coding	ZNF136
ENSG00000196652.12	protein_coding	ZKSCAN5
ENSG00000196653.12	protein_coding	ZNF502
ENSG00000196655.12	protein_coding	TRAPPC4
ENSG00000196659.10	protein_coding	TTC30B
ENSG00000196660.12	protein_coding	SLC30A10
ENSG00000196663.16	protein_coding	TECPR2
ENSG00000196664.5	protein_coding	TLR7
ENSG00000196666.6	protein_coding	FAM180B
ENSG00000196670.14	protein_coding	ZFP62
ENSG00000196678.14	protein_coding	ERI2
ENSG00000196683.12	protein_coding	TOMM7
ENSG00000196684.12	protein_coding	HSH2D
ENSG00000196689.13	protein_coding	TRPV1
ENSG00000196693.15	protein_coding	ZNF33B
ENSG00000196700.9	protein_coding	ZNF512B
ENSG00000196704.14	protein_coding	AMZ2
ENSG00000196705.8	protein_coding	ZNF431
ENSG00000196711.9	protein_coding	ALKAL1
ENSG00000196712.20	protein_coding	NF1
ENSG00000196715.7	protein_coding	VKORC1L1
ENSG00000196724.13	protein_coding	ZNF418
ENSG00000196730.13	protein_coding	DAPK1
ENSG00000196734.9	protein_coding	LCE1B
ENSG00000196735.13	protein_coding	HLA-DQA1
ENSG00000196739.15	protein_coding	COL27A1
ENSG00000196743.9	protein_coding	GM2A
ENSG00000196747.5	protein_coding	H2AC13
ENSG00000196748.10	protein_coding	CLPSL2
ENSG00000196754.13	protein_coding	S100A2
ENSG00000196757.8	protein_coding	ZNF700
ENSG00000196767.9	protein_coding	POU3F4
ENSG00000196772.5	protein_coding	OR14A16
ENSG00000196776.17	protein_coding	CD47
ENSG00000196778.4	protein_coding	OR52K1
ENSG00000196781.16	protein_coding	TLE1
ENSG00000196782.13	protein_coding	MAML3
ENSG00000196787.4	protein_coding	H2AC11
ENSG00000196792.12	protein_coding	STRN3
ENSG00000196793.14	protein_coding	ZNF239
ENSG00000196800.7	protein_coding	SPINK14
ENSG00000196805.8	protein_coding	SPRR2B
ENSG00000196811.13	protein_coding	CHRNG
ENSG00000196812.6	protein_coding	ZSCAN16
ENSG00000196814.15	protein_coding	MVB12B
ENSG00000196821.10	protein_coding	ILRUN
ENSG00000196826.7	protein_coding	ENSG00000196826
ENSG00000196832.5	protein_coding	OR11G2
ENSG00000196834.14	protein_coding	POTEI
ENSG00000196839.14	protein_coding	ADA
ENSG00000196843.17	protein_coding	ARID5A
ENSG00000196844.9	protein_coding	PATE2
ENSG00000196850.6	protein_coding	PPTC7
ENSG00000196859.8	protein_coding	KRT39
ENSG00000196860.8	protein_coding	TOMM20L
ENSG00000196862.10	protein_coding	RGPD4
ENSG00000196865.4	protein_coding	NHLRC2
ENSG00000196866.3	protein_coding	H2AC7
ENSG00000196867.8	protein_coding	ZFP28
ENSG00000196872.12	protein_coding	CRACDL
ENSG00000196873.16	protein_coding	ZNG1C
ENSG00000196876.19	protein_coding	SCN8A
ENSG00000196878.15	protein_coding	LAMB3
ENSG00000196890.5	protein_coding	H2BC26
ENSG00000196900.5	protein_coding	TEX43
ENSG00000196911.12	protein_coding	KPNA5
ENSG00000196912.13	protein_coding	ANKRD36B
ENSG00000196914.9	protein_coding	ARHGEF12
ENSG00000196917.6	protein_coding	HCAR1
ENSG00000196923.14	protein_coding	PDLIM7
ENSG00000196924.19	protein_coding	FLNA
ENSG00000196932.12	protein_coding	TMEM26
ENSG00000196935.10	protein_coding	SRGAP1
ENSG00000196937.11	protein_coding	FAM3C
ENSG00000196943.14	protein_coding	NOP9
ENSG00000196944.5	protein_coding	OR2T4
ENSG00000196946.11	protein_coding	ZNF705A
ENSG00000196950.14	protein_coding	SLC39A10
ENSG00000196954.14	protein_coding	CASP4
ENSG00000196961.13	protein_coding	AP2A1
ENSG00000196967.11	protein_coding	ZNF585A
ENSG00000196968.11	protein_coding	FUT11
ENSG00000196972.9	protein_coding	SMIM10L2B
ENSG00000196975.16	protein_coding	ANXA4
ENSG00000196976.8	protein_coding	LAGE3
ENSG00000196981.4	protein_coding	WDR5B
ENSG00000196990.10	protein_coding	FAM163B
ENSG00000196993.9	protein_coding	NPIPB9
ENSG00000196998.19	protein_coding	WDR45
ENSG00000197006.15	protein_coding	METTL9
ENSG00000197008.10	protein_coding	ZNF138
ENSG00000197013.11	protein_coding	ZNF429
ENSG00000197016.12	protein_coding	ZNF470
ENSG00000197019.5	protein_coding	SERTAD1
ENSG00000197020.12	protein_coding	ZNF100
ENSG00000197021.9	protein_coding	EOLA2
ENSG00000197024.9	protein_coding	ZNF398
ENSG00000197037.11	protein_coding	ZSCAN25
ENSG00000197043.15	protein_coding	ANXA6
ENSG00000197044.11	protein_coding	ZNF441
ENSG00000197045.13	protein_coding	GMFB
ENSG00000197046.12	protein_coding	SIGLEC15
ENSG00000197050.11	protein_coding	ZNF420
ENSG00000197054.12	protein_coding	ZNF763
ENSG00000197056.11	protein_coding	ZMYM1
ENSG00000197057.10	protein_coding	DTHD1
ENSG00000197061.5	protein_coding	H4C3
ENSG00000197062.12	protein_coding	ZSCAN26
ENSG00000197063.11	protein_coding	MAFG
ENSG00000197070.14	protein_coding	ARRDC1
ENSG00000197077.14	protein_coding	KIAA1671
ENSG00000197079.9	protein_coding	KRT35
ENSG00000197081.16	protein_coding	IGF2R
ENSG00000197084.6	protein_coding	LCE1C
ENSG00000197093.11	protein_coding	GAL3ST4
ENSG00000197102.14	protein_coding	DYNC1H1
ENSG00000197106.7	protein_coding	SLC6A17
ENSG00000197110.10	protein_coding	IFNL3
ENSG00000197111.16	protein_coding	PCBP2
ENSG00000197114.12	protein_coding	ZGPAT
ENSG00000197119.13	protein_coding	SLC25A29
ENSG00000197121.15	protein_coding	PGAP1
ENSG00000197122.13	protein_coding	SRC
ENSG00000197123.9	protein_coding	ZNF679
ENSG00000197124.12	protein_coding	ZNF682
ENSG00000197125.3	protein_coding	OR8B8
ENSG00000197128.13	protein_coding	ZNF772
ENSG00000197134.13	protein_coding	ZNF257
ENSG00000197136.5	protein_coding	PCNX3
ENSG00000197140.15	protein_coding	ADAM32
ENSG00000197142.11	protein_coding	ACSL5
ENSG00000197147.15	protein_coding	LRRC8B
ENSG00000197150.13	protein_coding	ABCB8
ENSG00000197153.5	protein_coding	H3C12
ENSG00000197157.11	protein_coding	SND1
ENSG00000197162.10	protein_coding	ZNF785
ENSG00000197165.11	protein_coding	SULT1A2
ENSG00000197168.14	protein_coding	NEK5
ENSG00000197170.10	protein_coding	PSMD12
ENSG00000197172.11	protein_coding	MAGEA6
ENSG00000197177.16	protein_coding	ADGRA1
ENSG00000197181.12	protein_coding	PIWIL2
ENSG00000197183.15	protein_coding	NOL4L
ENSG00000197191.7	protein_coding	CYSRT1
ENSG00000197208.6	protein_coding	SLC22A4
ENSG00000197213.11	protein_coding	ZSCAN5B
ENSG00000197217.13	protein_coding	ENTPD4
ENSG00000197223.12	protein_coding	C1D
ENSG00000197226.13	protein_coding	TBC1D9B
ENSG00000197233.7	protein_coding	OR1J2
ENSG00000197238.5	protein_coding	H4C11
ENSG00000197241.4	protein_coding	SLC2A7
ENSG00000197245.6	protein_coding	FAM110D
ENSG00000197249.14	protein_coding	SERPINA1
ENSG00000197253.13	protein_coding	TPSB2
ENSG00000197256.11	protein_coding	KANK2
ENSG00000197261.12	protein_coding	C6orf141
ENSG00000197265.9	protein_coding	GTF2E2
ENSG00000197272.2	protein_coding	IL27
ENSG00000197273.4	protein_coding	GUCA2A
ENSG00000197275.14	protein_coding	RAD54B
ENSG00000197279.5	protein_coding	ZNF165
ENSG00000197283.18	protein_coding	SYNGAP1
ENSG00000197296.6	protein_coding	FITM2
ENSG00000197299.13	protein_coding	BLM
ENSG00000197302.11	protein_coding	KRBOX5
ENSG00000197309.5	protein_coding	OR10D3
ENSG00000197312.12	protein_coding	DDI2
ENSG00000197321.16	protein_coding	SVIL
ENSG00000197323.12	protein_coding	TRIM33
ENSG00000197324.9	protein_coding	LRP10
ENSG00000197329.12	protein_coding	PELI1
ENSG00000197343.11	protein_coding	ZNF655
ENSG00000197345.13	protein_coding	MRPL21
ENSG00000197353.4	protein_coding	LYPD2
ENSG00000197355.11	protein_coding	UAP1L1
ENSG00000197360.9	protein_coding	ZNF98
ENSG00000197361.8	protein_coding	FBXL22
ENSG00000197362.15	protein_coding	ZNF786
ENSG00000197363.11	protein_coding	ZNF517
ENSG00000197372.10	protein_coding	ZNF675
ENSG00000197375.14	protein_coding	SLC22A5
ENSG00000197380.11	protein_coding	DACT3
ENSG00000197381.18	protein_coding	ADARB1
ENSG00000197385.6	protein_coding	ZNF860
ENSG00000197386.14	protein_coding	HTT
ENSG00000197403.5	protein_coding	OR6N1
ENSG00000197405.8	protein_coding	C5AR1
ENSG00000197406.8	protein_coding	DIO3
ENSG00000197408.10	protein_coding	CYP2B6
ENSG00000197409.8	protein_coding	H3C4
ENSG00000197410.14	protein_coding	DCHS2
ENSG00000197415.12	protein_coding	VEPH1
ENSG00000197416.5	protein_coding	FABP12
ENSG00000197417.9	protein_coding	SHPK
ENSG00000197428.3	protein_coding	OR51D1
ENSG00000197429.11	protein_coding	IPP
ENSG00000197430.11	protein_coding	OPALIN
ENSG00000197437.5	protein_coding	OR13G1
ENSG00000197442.11	protein_coding	MAP3K5
ENSG00000197444.10	protein_coding	OGDHL
ENSG00000197446.9	protein_coding	CYP2F1
ENSG00000197448.14	protein_coding	GSTK1
ENSG00000197451.12	protein_coding	HNRNPAB
ENSG00000197454.2	protein_coding	OR2L5
ENSG00000197457.10	protein_coding	STMN3
ENSG00000197461.13	protein_coding	PDGFA
ENSG00000197465.14	protein_coding	GYPE
ENSG00000197467.17	protein_coding	COL13A1
ENSG00000197471.12	protein_coding	SPN
ENSG00000197472.15	protein_coding	ZNF695
ENSG00000197479.7	protein_coding	PCDHB11
ENSG00000197483.10	protein_coding	ZNF628
ENSG00000197487.9	protein_coding	GALP
ENSG00000197496.6	protein_coding	SLC2A10
ENSG00000197497.11	protein_coding	ZNF665
ENSG00000197498.13	protein_coding	RPF2
ENSG00000197506.8	protein_coding	SLC28A3
ENSG00000197520.11	protein_coding	FAM177B
ENSG00000197530.13	protein_coding	MIB2
ENSG00000197532.3	protein_coding	OR6Y1
ENSG00000197535.16	protein_coding	MYO5A
ENSG00000197540.8	protein_coding	GZMM
ENSG00000197548.13	protein_coding	ATG7
ENSG00000197555.10	protein_coding	SIPA1L1
ENSG00000197557.7	protein_coding	TTC30A
ENSG00000197561.7	protein_coding	ELANE
ENSG00000197562.10	protein_coding	RAB40C
ENSG00000197563.11	protein_coding	PIGN
ENSG00000197565.17	protein_coding	COL4A6
ENSG00000197566.10	protein_coding	ZNF624
ENSG00000197576.14	protein_coding	HOXA4
ENSG00000197579.8	protein_coding	TOPORS
ENSG00000197580.13	protein_coding	BCO2
ENSG00000197584.13	protein_coding	KCNMB2
ENSG00000197586.13	protein_coding	ENTPD6
ENSG00000197587.11	protein_coding	DMBX1
ENSG00000197591.3	protein_coding	OR11L1
ENSG00000197594.14	protein_coding	ENPP1
ENSG00000197599.13	protein_coding	CCDC154
ENSG00000197601.14	protein_coding	FAR1
ENSG00000197603.16	protein_coding	CPLANE1
ENSG00000197608.12	protein_coding	ZNF841
ENSG00000197614.11	protein_coding	MFAP5
ENSG00000197616.13	protein_coding	MYH6
ENSG00000197617.9	protein_coding	VN1R5
ENSG00000197619.15	protein_coding	ZNF615
ENSG00000197620.11	protein_coding	EOLA1
ENSG00000197622.13	protein_coding	CDC42SE1
ENSG00000197629.6	protein_coding	MPEG1
ENSG00000197632.9	protein_coding	SERPINB2
ENSG00000197635.11	protein_coding	DPP4
ENSG00000197641.12	protein_coding	SERPINB13
ENSG00000197646.8	protein_coding	PDCD1LG2
ENSG00000197647.13	protein_coding	ZNF433
ENSG00000197651.4	protein_coding	CCER1
ENSG00000197653.16	protein_coding	DNAH10
ENSG00000197658.9	protein_coding	SLC22A24
ENSG00000197674.8	protein_coding	OR51C1P
ENSG00000197683.5	protein_coding	KRTAP26-1
ENSG00000197694.19	protein_coding	SPTAN1
ENSG00000197696.10	protein_coding	NMB
ENSG00000197702.14	protein_coding	PARVA
ENSG00000197705.10	protein_coding	KLHL14
ENSG00000197706.5	protein_coding	OR6C74
ENSG00000197712.12	protein_coding	FAM114A1
ENSG00000197713.15	protein_coding	RPE
ENSG00000197714.9	protein_coding	ZNF460
ENSG00000197721.17	protein_coding	CR1L
ENSG00000197724.11	protein_coding	PHF2
ENSG00000197728.11	protein_coding	RPS26
ENSG00000197745.3	protein_coding	SCGB1D4
ENSG00000197746.15	protein_coding	PSAP
ENSG00000197747.9	protein_coding	S100A10
ENSG00000197748.13	protein_coding	CFAP43
ENSG00000197753.11	protein_coding	LHFPL5
ENSG00000197756.10	protein_coding	RPL37A
ENSG00000197757.8	protein_coding	HOXC6
ENSG00000197763.20	protein_coding	TXNRD3
ENSG00000197766.9	protein_coding	CFD
ENSG00000197768.11	protein_coding	STPG3
ENSG00000197769.6	protein_coding	MAP1LC3C
ENSG00000197771.13	protein_coding	MCMBP
ENSG00000197774.14	protein_coding	EME2
ENSG00000197776.8	protein_coding	KLHDC1
ENSG00000197779.15	protein_coding	ZNF81
ENSG00000197780.11	protein_coding	TAF13
ENSG00000197782.15	protein_coding	ZNF780A
ENSG00000197785.14	protein_coding	ATAD3A
ENSG00000197786.3	protein_coding	OR5B17
ENSG00000197790.1	protein_coding	OR52M1
ENSG00000197798.9	protein_coding	FAM118B
ENSG00000197808.13	protein_coding	ZNF461
ENSG00000197816.16	protein_coding	CCDC180
ENSG00000197818.12	protein_coding	SLC9A8
ENSG00000197822.12	protein_coding	OCLN
ENSG00000197826.12	protein_coding	CFAP299
ENSG00000197837.4	protein_coding	H4C16
ENSG00000197838.5	protein_coding	CYP2A13
ENSG00000197841.15	protein_coding	ZNF181
ENSG00000197849.7	protein_coding	OR8G1
ENSG00000197852.12	protein_coding	INKA2
ENSG00000197857.16	protein_coding	ZNF44
ENSG00000197858.12	protein_coding	GPAA1
ENSG00000197859.11	protein_coding	ADAMTSL2
ENSG00000197860.10	protein_coding	SGTB
ENSG00000197863.9	protein_coding	ZNF790
ENSG00000197870.13	protein_coding	PRB3
ENSG00000197872.11	protein_coding	CYRIA
ENSG00000197879.17	protein_coding	MYO1C
ENSG00000197885.11	protein_coding	NKIRAS1
ENSG00000197887.6	protein_coding	OR1S2
ENSG00000197888.3	protein_coding	UGT2B17
ENSG00000197889.10	protein_coding	MEIG1
ENSG00000197891.12	protein_coding	SLC22A12
ENSG00000197892.13	protein_coding	KIF13B
ENSG00000197893.14	protein_coding	NRAP
ENSG00000197894.12	protein_coding	ADH5
ENSG00000197901.12	protein_coding	SLC22A6
ENSG00000197903.8	protein_coding	H2BC12
ENSG00000197905.10	protein_coding	TEAD4
ENSG00000197912.16	protein_coding	SPG7
ENSG00000197915.7	protein_coding	HRNR
ENSG00000197919.6	protein_coding	IFNA1
ENSG00000197921.6	protein_coding	HES5
ENSG00000197928.11	protein_coding	ZNF677
ENSG00000197930.13	protein_coding	ERO1A
ENSG00000197933.13	protein_coding	ZNF823
ENSG00000197935.7	protein_coding	ZNF311
ENSG00000197937.13	protein_coding	ZNF347
ENSG00000197938.6	protein_coding	OR5H2
ENSG00000197943.12	protein_coding	PLCG2
ENSG00000197948.11	protein_coding	FCHSD1
ENSG00000197951.10	protein_coding	ZNF71
ENSG00000197953.6	protein_coding	AADACL2
ENSG00000197956.10	protein_coding	S100A6
ENSG00000197958.13	protein_coding	RPL12
ENSG00000197959.15	protein_coding	DNM3
ENSG00000197961.12	protein_coding	ZNF121
ENSG00000197965.12	protein_coding	MPZL1
ENSG00000197969.14	protein_coding	VPS13A
ENSG00000197971.16	protein_coding	MBP
ENSG00000197976.12	protein_coding	AKAP17A
ENSG00000197976.12_PAR_Y	protein_coding	AKAP17A
ENSG00000197977.4	protein_coding	ELOVL2
ENSG00000197978.10	protein_coding	GOLGA6L9
ENSG00000197980.14	protein_coding	LEKR1
ENSG00000197982.14	protein_coding	C1orf122
ENSG00000197991.11	protein_coding	ENSG00000197991
ENSG00000197992.7	protein_coding	CLEC9A
ENSG00000197993.9	protein_coding	KEL
ENSG00000198000.12	protein_coding	NOL8
ENSG00000198001.16	protein_coding	IRAK4
ENSG00000198003.12	protein_coding	ODAD3
ENSG00000198010.13	protein_coding	DLGAP2
ENSG00000198015.14	protein_coding	MRPL42
ENSG00000198018.7	protein_coding	ENTPD7
ENSG00000198021.8	protein_coding	SPANXA1
ENSG00000198026.8	protein_coding	ZNF335
ENSG00000198028.4	protein_coding	ZNF560
ENSG00000198033.12	protein_coding	TUBA3C
ENSG00000198034.11	protein_coding	RPS4X
ENSG00000198039.12	protein_coding	ZNF273
ENSG00000198040.11	protein_coding	ZNF84
ENSG00000198042.11	protein_coding	MAK16
ENSG00000198046.13	protein_coding	ZNF667
ENSG00000198049.7	protein_coding	AVPR1B
ENSG00000198053.12	protein_coding	SIRPA
ENSG00000198055.11	protein_coding	GRK6
ENSG00000198056.16	protein_coding	PRIM1
ENSG00000198060.10	protein_coding	MARCHF5
ENSG00000198062.16	protein_coding	POTEH
ENSG00000198064.15	protein_coding	NPIPB13
ENSG00000198074.10	protein_coding	AKR1B10
ENSG00000198075.10	protein_coding	SULT1C4
ENSG00000198077.11	protein_coding	CYP2A7
ENSG00000198081.11	protein_coding	ZBTB14
ENSG00000198083.9	protein_coding	KRTAP9-9
ENSG00000198087.7	protein_coding	CD2AP
ENSG00000198088.10	protein_coding	NUP62CL
ENSG00000198089.16	protein_coding	SFI1
ENSG00000198090.4	protein_coding	KRTAP4-6
ENSG00000198092.6	protein_coding	TMPRSS11F
ENSG00000198093.11	protein_coding	ZNF649
ENSG00000198099.10	protein_coding	ADH4
ENSG00000198104.4	protein_coding	OR2T6
ENSG00000198105.16	protein_coding	ZNF248
ENSG00000198108.4	protein_coding	CHSY3
ENSG00000198113.3	protein_coding	TOR4A
ENSG00000198121.15	protein_coding	LPAR1
ENSG00000198125.13	protein_coding	MB
ENSG00000198128.4	protein_coding	OR2L3
ENSG00000198129.3	protein_coding	DEFB107B
ENSG00000198130.16	protein_coding	HIBCH
ENSG00000198131.15	protein_coding	ZNF544
ENSG00000198133.9	protein_coding	TMEM229B
ENSG00000198142.5	protein_coding	SOWAHC
ENSG00000198146.4	protein_coding	ZNF770
ENSG00000198156.11	protein_coding	NPIPB6
ENSG00000198157.11	protein_coding	HMGN5
ENSG00000198160.15	protein_coding	MIER1
ENSG00000198162.12	protein_coding	MAN1A2
ENSG00000198168.9	protein_coding	SVIP
ENSG00000198169.9	protein_coding	ZNF251
ENSG00000198171.13	protein_coding	DDRGK1
ENSG00000198173.5	protein_coding	FAM47C
ENSG00000198176.13	protein_coding	TFDP1
ENSG00000198178.11	protein_coding	CLEC4C
ENSG00000198182.13	protein_coding	ZNF607
ENSG00000198183.12	protein_coding	BPIFA1
ENSG00000198185.12	protein_coding	ZNF334
ENSG00000198189.11	protein_coding	HSD17B11
ENSG00000198198.17	protein_coding	SZT2
ENSG00000198203.10	protein_coding	SULT1C2
ENSG00000198205.7	protein_coding	ZXDA
ENSG00000198208.12	protein_coding	RPS6KL1
ENSG00000198211.8	protein_coding	ENSG00000198211
ENSG00000198216.14	protein_coding	CACNA1E
ENSG00000198218.12	protein_coding	QRICH1
ENSG00000198223.18	protein_coding	CSF2RA
ENSG00000198223.18_PAR_Y	protein_coding	CSF2RA
ENSG00000198225.5	protein_coding	FKBP1C
ENSG00000198231.14	protein_coding	DDX42
ENSG00000198242.14	protein_coding	RPL23A
ENSG00000198246.10	protein_coding	SLC29A3
ENSG00000198252.12	protein_coding	STYX
ENSG00000198258.11	protein_coding	UBL5
ENSG00000198265.12	protein_coding	HELZ
ENSG00000198270.13	protein_coding	TMEM116
ENSG00000198271.5	protein_coding	KRTAP4-5
ENSG00000198276.16	protein_coding	UCKL1
ENSG00000198283.3	protein_coding	OR5B21
ENSG00000198286.11	protein_coding	CARD11
ENSG00000198298.13	protein_coding	ZNF485
ENSG00000198300.14	protein_coding	PEG3
ENSG00000198301.12	protein_coding	SDAD1
ENSG00000198315.11	protein_coding	ZKSCAN8
ENSG00000198324.14	protein_coding	PHETA1
ENSG00000198326.10	protein_coding	TMEM239
ENSG00000198331.11	protein_coding	HYLS1
ENSG00000198336.9	protein_coding	MYL4
ENSG00000198342.10	protein_coding	ZNF442
ENSG00000198346.11	protein_coding	ZNF813
ENSG00000198353.8	protein_coding	HOXC4
ENSG00000198354.7	protein_coding	DCAF12L2
ENSG00000198355.5	protein_coding	PIM3
ENSG00000198356.12	protein_coding	GET3
ENSG00000198363.18	protein_coding	ASPH
ENSG00000198369.10	protein_coding	SPRED2
ENSG00000198373.13	protein_coding	WWP2
ENSG00000198380.13	protein_coding	GFPT1
ENSG00000198382.9	protein_coding	UVRAG
ENSG00000198390.5	protein_coding	KRTAP13-1
ENSG00000198393.8	protein_coding	ZNF26
ENSG00000198398.3	protein_coding	TMEM207
ENSG00000198399.16	protein_coding	ITSN2
ENSG00000198400.14	protein_coding	NTRK1
ENSG00000198408.14	protein_coding	OGA
ENSG00000198417.7	protein_coding	MT1F
ENSG00000198420.10	protein_coding	TCAF1
ENSG00000198429.10	protein_coding	ZNF69
ENSG00000198431.18	protein_coding	TXNRD1
ENSG00000198435.4	protein_coding	NRARP
ENSG00000198440.9	protein_coding	ZNF583
ENSG00000198443.8	protein_coding	KRTAP4-1
ENSG00000198445.4	protein_coding	CCT8L2
ENSG00000198452.8	protein_coding	OR14L1P
ENSG00000198453.15	protein_coding	ZNF568
ENSG00000198455.5	protein_coding	ZXDB
ENSG00000198464.14	protein_coding	ZNF480
ENSG00000198466.12	protein_coding	ZNF587
ENSG00000198467.16	protein_coding	TPM2
ENSG00000198471.1	protein_coding	RTP2
ENSG00000198478.8	protein_coding	SH3BGRL2
ENSG00000198482.14	protein_coding	ZNF808
ENSG00000198483.13	protein_coding	ANKRD35
ENSG00000198488.10	protein_coding	B3GNT6
ENSG00000198492.16	protein_coding	YTHDF2
ENSG00000198498.10	protein_coding	TMA16
ENSG00000198502.6	protein_coding	HLA-DRB5
ENSG00000198513.14	protein_coding	ATL1
ENSG00000198515.16	protein_coding	CNGA1
ENSG00000198517.10	protein_coding	MAFK
ENSG00000198520.12	protein_coding	ARMH1
ENSG00000198521.12	protein_coding	ZNF43
ENSG00000198522.14	protein_coding	GPN1
ENSG00000198523.6	protein_coding	PLN
ENSG00000198535.5	protein_coding	C2CD4A
ENSG00000198538.11	protein_coding	ZNF28
ENSG00000198542.15	protein_coding	ITGBL1
ENSG00000198546.15	protein_coding	ZNF511
ENSG00000198547.10	protein_coding	C20orf203
ENSG00000198551.10	protein_coding	ZNF627
ENSG00000198553.9	protein_coding	KCNRG
ENSG00000198554.12	protein_coding	WDHD1
ENSG00000198556.14	protein_coding	ZNF789
ENSG00000198561.16	protein_coding	CTNND1
ENSG00000198563.14	protein_coding	DDX39B
ENSG00000198569.10	protein_coding	SLC34A3
ENSG00000198570.7	protein_coding	RD3
ENSG00000198573.7	protein_coding	SPANXC
ENSG00000198574.6	protein_coding	SH2D1B
ENSG00000198576.4	protein_coding	ARC
ENSG00000198585.12	protein_coding	NUDT16
ENSG00000198586.14	protein_coding	TLK1
ENSG00000198589.15	protein_coding	LRBA
ENSG00000198597.10	protein_coding	ZNF536
ENSG00000198598.7	protein_coding	MMP17
ENSG00000198601.4	protein_coding	OR2M2
ENSG00000198604.11	protein_coding	BAZ1A
ENSG00000198610.11	protein_coding	AKR1C4
ENSG00000198612.11	protein_coding	COPS8
ENSG00000198624.13	protein_coding	CCDC69
ENSG00000198625.14	protein_coding	MDM4
ENSG00000198626.18	protein_coding	RYR2
ENSG00000198633.11	protein_coding	ZNF534
ENSG00000198642.7	protein_coding	KLHL9
ENSG00000198643.7	protein_coding	FAM3D
ENSG00000198646.14	protein_coding	NCOA6
ENSG00000198648.12	protein_coding	STK39
ENSG00000198650.11	protein_coding	TAT
ENSG00000198663.17	protein_coding	C6orf89
ENSG00000198668.14	protein_coding	CALM1
ENSG00000198670.12	protein_coding	LPA
ENSG00000198673.11	protein_coding	TAFA2
ENSG00000198674.3	protein_coding	OR10G6
ENSG00000198677.13	protein_coding	SKIC3
ENSG00000198678.5	protein_coding	OR5BS1P
ENSG00000198680.6	protein_coding	TUSC1
ENSG00000198681.7	protein_coding	MAGEA1
ENSG00000198682.13	protein_coding	PAPSS2
ENSG00000198689.13	protein_coding	SLC9A6
ENSG00000198690.10	protein_coding	FAN1
ENSG00000198691.14	protein_coding	ABCA4
ENSG00000198692.10	protein_coding	EIF1AY
ENSG00000198695.2	protein_coding	MT-ND6
ENSG00000198700.10	protein_coding	IPO9
ENSG00000198704.10	protein_coding	GPX6
ENSG00000198707.17	protein_coding	CEP290
ENSG00000198712.1	protein_coding	MT-CO2
ENSG00000198715.13	protein_coding	GLMP
ENSG00000198718.13	protein_coding	TOGARAM1
ENSG00000198719.9	protein_coding	DLL1
ENSG00000198720.13	protein_coding	ANKRD13B
ENSG00000198721.13	protein_coding	ECI2
ENSG00000198722.15	protein_coding	UNC13B
ENSG00000198723.11	protein_coding	TEX45
ENSG00000198727.2	protein_coding	MT-CYB
ENSG00000198728.11	protein_coding	LDB1
ENSG00000198729.5	protein_coding	PPP1R14C
ENSG00000198730.9	protein_coding	CTR9
ENSG00000198732.11	protein_coding	SMOC1
ENSG00000198734.12	protein_coding	F5
ENSG00000198736.13	protein_coding	MSRB1
ENSG00000198739.11	protein_coding	LRRTM3
ENSG00000198740.9	protein_coding	ZNF652
ENSG00000198742.10	protein_coding	SMURF1
ENSG00000198743.7	protein_coding	SLC5A3
ENSG00000198746.13	protein_coding	GPATCH3
ENSG00000198752.11	protein_coding	CDC42BPB
ENSG00000198753.12	protein_coding	PLXNB3
ENSG00000198754.5	protein_coding	OXCT2
ENSG00000198755.11	protein_coding	RPL10A
ENSG00000198756.12	protein_coding	COLGALT2
ENSG00000198758.11	protein_coding	EPS8L3
ENSG00000198759.12	protein_coding	EGFL6
ENSG00000198763.3	protein_coding	MT-ND2
ENSG00000198765.12	protein_coding	SYCP1
ENSG00000198768.11	protein_coding	APCDD1L
ENSG00000198771.11	protein_coding	RCSD1
ENSG00000198774.5	protein_coding	RASSF9
ENSG00000198780.13	protein_coding	FAM169A
ENSG00000198783.6	protein_coding	ZNF830
ENSG00000198785.7	protein_coding	GRIN3A
ENSG00000198786.2	protein_coding	MT-ND5
ENSG00000198788.9	protein_coding	MUC2
ENSG00000198791.12	protein_coding	CNOT7
ENSG00000198792.13	protein_coding	TMEM184B
ENSG00000198793.14	protein_coding	MTOR
ENSG00000198794.12	protein_coding	SCAMP5
ENSG00000198795.11	protein_coding	ZNF521
ENSG00000198796.7	protein_coding	ALPK2
ENSG00000198797.7	protein_coding	BRINP2
ENSG00000198798.6	protein_coding	MAGEB3
ENSG00000198799.12	protein_coding	LRIG2
ENSG00000198804.2	protein_coding	MT-CO1
ENSG00000198805.13	protein_coding	PNP
ENSG00000198807.13	protein_coding	PAX9
ENSG00000198812.5	protein_coding	LRRC10
ENSG00000198814.14	protein_coding	GK
ENSG00000198815.9	protein_coding	FOXJ3
ENSG00000198816.7	protein_coding	ZNF358
ENSG00000198818.10	protein_coding	SFT2D1
ENSG00000198821.12	protein_coding	CD247
ENSG00000198822.11	protein_coding	GRM3
ENSG00000198824.8	protein_coding	CHAMP1
ENSG00000198825.15	protein_coding	INPP5F
ENSG00000198826.11	protein_coding	ARHGAP11A
ENSG00000198829.6	protein_coding	SUCNR1
ENSG00000198830.11	protein_coding	HMGN2
ENSG00000198832.11	protein_coding	SELENOM
ENSG00000198833.7	protein_coding	UBE2J1
ENSG00000198835.4	protein_coding	GJC2
ENSG00000198836.11	protein_coding	OPA1
ENSG00000198837.10	protein_coding	DENND4B
ENSG00000198838.14	protein_coding	RYR3
ENSG00000198839.10	protein_coding	ZNF277
ENSG00000198840.2	protein_coding	MT-ND3
ENSG00000198841.4	protein_coding	KTI12
ENSG00000198842.10	protein_coding	STYXL2
ENSG00000198843.14	protein_coding	SELENOT
ENSG00000198844.12	protein_coding	ARHGEF15
ENSG00000198846.6	protein_coding	TOX
ENSG00000198848.13	protein_coding	CES1
ENSG00000198851.10	protein_coding	CD3E
ENSG00000198853.12	protein_coding	RUSC2
ENSG00000198854.5	protein_coding	C1orf68
ENSG00000198855.7	protein_coding	FICD
ENSG00000198856.13	protein_coding	OSTC
ENSG00000198858.10	protein_coding	R3HDM4
ENSG00000198860.14	protein_coding	TSEN15
ENSG00000198862.14	protein_coding	LTN1
ENSG00000198863.8	protein_coding	RUNDC1
ENSG00000198865.10	protein_coding	CCDC152
ENSG00000198870.8	protein_coding	STKLD1
ENSG00000198873.12	protein_coding	GRK5
ENSG00000198874.14	protein_coding	TYW1
ENSG00000198876.13	protein_coding	DCAF12
ENSG00000198879.13	protein_coding	SFMBT2
ENSG00000198881.10	protein_coding	ASB12
ENSG00000198883.12	protein_coding	PNMA5
ENSG00000198885.10	protein_coding	ITPRIPL1
ENSG00000198886.2	protein_coding	MT-ND4
ENSG00000198887.9	protein_coding	SMC5
ENSG00000198888.2	protein_coding	MT-ND1
ENSG00000198889.5	protein_coding	DCAF12L1
ENSG00000198890.9	protein_coding	PRMT6
ENSG00000198892.7	protein_coding	SHISA4
ENSG00000198894.8	protein_coding	CIPC
ENSG00000198898.15	protein_coding	CAPZA2
ENSG00000198899.2	protein_coding	MT-ATP6
ENSG00000198900.7	protein_coding	TOP1
ENSG00000198901.14	protein_coding	PRC1
ENSG00000198908.12	protein_coding	GPRASP3
ENSG00000198909.8	protein_coding	MAP3K3
ENSG00000198910.14	protein_coding	L1CAM
ENSG00000198911.12	protein_coding	SREBF2
ENSG00000198912.12	protein_coding	C1orf174
ENSG00000198914.5	protein_coding	POU3F3
ENSG00000198915.12	protein_coding	RASGEF1A
ENSG00000198917.13	protein_coding	SPOUT1
ENSG00000198918.8	protein_coding	RPL39
ENSG00000198919.13	protein_coding	DZIP3
ENSG00000198920.11	protein_coding	KIAA0753
ENSG00000198924.8	protein_coding	DCLRE1A
ENSG00000198925.12	protein_coding	ATG9A
ENSG00000198929.13	protein_coding	NOS1AP
ENSG00000198930.13	protein_coding	CSAG1
ENSG00000198931.11	protein_coding	APRT
ENSG00000198932.13	protein_coding	GPRASP1
ENSG00000198933.10	protein_coding	TBKBP1
ENSG00000198934.5	protein_coding	MAGEE1
ENSG00000198937.9	protein_coding	CCDC167
ENSG00000198938.2	protein_coding	MT-CO3
ENSG00000198939.8	protein_coding	ZFP2
ENSG00000198944.6	protein_coding	SOWAHA
ENSG00000198945.8	protein_coding	L3MBTL3
ENSG00000198947.18	protein_coding	DMD
ENSG00000198948.12	protein_coding	MFAP3L
ENSG00000198951.12	protein_coding	NAGA
ENSG00000198952.8	protein_coding	SMG5
ENSG00000198954.9	protein_coding	KIFBP
ENSG00000198959.12	protein_coding	TGM2
ENSG00000198960.11	protein_coding	ARMCX6
ENSG00000198961.10	protein_coding	PJA2
ENSG00000198963.11	protein_coding	RORB
ENSG00000198964.14	protein_coding	SGMS1
ENSG00000198965.5	protein_coding	OR10R2
ENSG00000198967.5	protein_coding	OR10Z1
ENSG00000203326.12	protein_coding	ZNF525
ENSG00000203485.14	protein_coding	INF2
ENSG00000203499.12	protein_coding	IQANK1
ENSG00000203546.7	protein_coding	ENSG00000203546
ENSG00000203618.6	protein_coding	GP1BB
ENSG00000203661.4	protein_coding	OR2T5
ENSG00000203663.4	protein_coding	OR2L2
ENSG00000203666.13	protein_coding	EFCAB2
ENSG00000203667.10	protein_coding	COX20
ENSG00000203668.3	protein_coding	CHML
ENSG00000203685.11	protein_coding	STUM
ENSG00000203697.12	protein_coding	CAPN8
ENSG00000203705.11	protein_coding	TATDN3
ENSG00000203710.12	protein_coding	CR1
ENSG00000203722.8	protein_coding	RAET1G
ENSG00000203724.11	protein_coding	C1orf53
ENSG00000203727.4	protein_coding	SAMD5
ENSG00000203730.3	protein_coding	TEDDM1
ENSG00000203733.6	protein_coding	GJE1
ENSG00000203734.13	protein_coding	ECT2L
ENSG00000203737.5	protein_coding	GPR52
ENSG00000203740.4	protein_coding	NTMT2
ENSG00000203747.13	protein_coding	FCGR3A
ENSG00000203756.8	protein_coding	TMEM244
ENSG00000203757.2	protein_coding	OR6K3
ENSG00000203760.9	protein_coding	CENPW
ENSG00000203772.8	protein_coding	SPRN
ENSG00000203778.8	protein_coding	FAM229B
ENSG00000203780.12	protein_coding	FANK1
ENSG00000203782.6	protein_coding	LORICRIN
ENSG00000203783.5	protein_coding	PRR9
ENSG00000203784.3	protein_coding	LELP1
ENSG00000203785.9	protein_coding	SPRR2E
ENSG00000203786.7	protein_coding	KPRP
ENSG00000203791.15	protein_coding	EEF1AKMT2
ENSG00000203795.3	protein_coding	FAM24A
ENSG00000203797.12	protein_coding	DDO
ENSG00000203805.11	protein_coding	PLPP4
ENSG00000203811.2	protein_coding	H3C14
ENSG00000203814.7	protein_coding	H2BC18
ENSG00000203837.5	protein_coding	PNLIPRP3
ENSG00000203852.4	protein_coding	H3C15
ENSG00000203857.10	protein_coding	HSD3B1
ENSG00000203859.10	protein_coding	HSD3B2
ENSG00000203867.8	protein_coding	RBM20
ENSG00000203870.6	protein_coding	SMIM9
ENSG00000203872.7	protein_coding	C6orf163
ENSG00000203877.9	protein_coding	RIPPLY2
ENSG00000203879.12	protein_coding	GDI1
ENSG00000203880.13	protein_coding	PCMTD2
ENSG00000203883.7	protein_coding	SOX18
ENSG00000203896.10	protein_coding	LIME1
ENSG00000203907.10	protein_coding	OOEP
ENSG00000203908.4	protein_coding	KHDC3L
ENSG00000203909.4	protein_coding	DPPA5
ENSG00000203910.9	protein_coding	C1orf146
ENSG00000203923.5	protein_coding	SPANXN1
ENSG00000203926.5	protein_coding	SPANXA2
ENSG00000203933.3	protein_coding	CXorf66
ENSG00000203942.5	protein_coding	C10orf62
ENSG00000203943.9	protein_coding	SAMD13
ENSG00000203950.7	protein_coding	RTL8A
ENSG00000203952.10	protein_coding	CCDC160
ENSG00000203963.12	protein_coding	C1orf141
ENSG00000203965.13	protein_coding	EFCAB7
ENSG00000203970.4	protein_coding	DEFB110
ENSG00000203972.10	protein_coding	GLYATL3
ENSG00000203985.11	protein_coding	LDLRAD1
ENSG00000203989.5	protein_coding	RHOXF2B
ENSG00000203995.10	protein_coding	ZYG11A
ENSG00000204001.10	protein_coding	LCN8
ENSG00000204003.8	protein_coding	ENSG00000204003
ENSG00000204006.11	protein_coding	C1orf185
ENSG00000204007.8	protein_coding	GLT6D1
ENSG00000204010.3	protein_coding	IFIT1B
ENSG00000204019.5	protein_coding	CT83
ENSG00000204020.6	protein_coding	LIPN
ENSG00000204021.5	protein_coding	LIPK
ENSG00000204022.9	protein_coding	LIPJ
ENSG00000204025.8	protein_coding	TRPC5OS
ENSG00000204033.10	protein_coding	LRIT2
ENSG00000204052.5	protein_coding	LRRC73
ENSG00000204060.8	protein_coding	FOXO6
ENSG00000204065.3	protein_coding	TCEAL5
ENSG00000204070.10	protein_coding	SYS1
ENSG00000204071.11	protein_coding	TCEAL6
ENSG00000204084.13	protein_coding	INPP5B
ENSG00000204086.4	protein_coding	RPA4
ENSG00000204099.12	protein_coding	NEU4
ENSG00000204103.4	protein_coding	MAFB
ENSG00000204104.12	protein_coding	TRAF3IP1
ENSG00000204116.12	protein_coding	CHIC1
ENSG00000204120.16	protein_coding	GIGYF2
ENSG00000204128.6	protein_coding	C2orf72
ENSG00000204130.14	protein_coding	RUFY2
ENSG00000204131.10	protein_coding	NHSL2
ENSG00000204136.12	protein_coding	GGTA1
ENSG00000204138.13	protein_coding	PHACTR4
ENSG00000204140.10	protein_coding	CLPSL1
ENSG00000204147.11	protein_coding	ASAH2B
ENSG00000204149.16	protein_coding	AGAP6
ENSG00000204152.14	protein_coding	TIMM23B
ENSG00000204160.12	protein_coding	ZDHHC18
ENSG00000204161.14	protein_coding	TMEM273
ENSG00000204165.6	protein_coding	CXorf65
ENSG00000204172.12	protein_coding	AGAP9
ENSG00000204174.8	protein_coding	NPY4R
ENSG00000204175.6	protein_coding	GPRIN2
ENSG00000204176.14	protein_coding	SYT15
ENSG00000204178.11	protein_coding	MACO1
ENSG00000204179.11	protein_coding	PTPN20
ENSG00000204186.10	protein_coding	ZDBF2
ENSG00000204193.11	protein_coding	TXNDC8
ENSG00000204195.4	protein_coding	AWAT1
ENSG00000204209.13	protein_coding	DAXX
ENSG00000204217.16	protein_coding	BMPR2
ENSG00000204219.11	protein_coding	TCEA3
ENSG00000204220.12	protein_coding	PFDN6
ENSG00000204227.5	protein_coding	RING1
ENSG00000204228.4	protein_coding	HSD17B8
ENSG00000204231.11	protein_coding	RXRB
ENSG00000204237.5	protein_coding	OXLD1
ENSG00000204246.4	protein_coding	OR13C3
ENSG00000204248.12	protein_coding	COL11A2
ENSG00000204252.14	protein_coding	HLA-DOA
ENSG00000204256.14	protein_coding	BRD2
ENSG00000204257.15	protein_coding	HLA-DMA
ENSG00000204262.14	protein_coding	COL5A2
ENSG00000204264.12	protein_coding	PSMB8
ENSG00000204267.19	protein_coding	TAP2
ENSG00000204271.13	protein_coding	SPIN3
ENSG00000204272.13	protein_coding	NBDY
ENSG00000204278.14	protein_coding	TMEM235
ENSG00000204279.8	protein_coding	PAGE3
ENSG00000204287.14	protein_coding	HLA-DRA
ENSG00000204290.11	protein_coding	BTNL2
ENSG00000204291.11	protein_coding	COL15A1
ENSG00000204296.13	protein_coding	TSBP1
ENSG00000204300.7	protein_coding	TMEM225
ENSG00000204301.6	protein_coding	NOTCH4
ENSG00000204304.12	protein_coding	PBX2
ENSG00000204305.16	protein_coding	AGER
ENSG00000204308.8	protein_coding	RNF5
ENSG00000204310.13	protein_coding	AGPAT1
ENSG00000204311.15	protein_coding	PJVK
ENSG00000204314.12	protein_coding	PRRT1
ENSG00000204315.4	protein_coding	FKBPL
ENSG00000204316.13	protein_coding	MRPL38
ENSG00000204323.5	protein_coding	SMIM5
ENSG00000204334.8	protein_coding	ERICH2
ENSG00000204335.4	protein_coding	SP5
ENSG00000204344.16	protein_coding	STK19
ENSG00000204345.1	protein_coding	CD300LD
ENSG00000204347.4	protein_coding	BTBD17
ENSG00000204348.10	protein_coding	DXO
ENSG00000204351.13	protein_coding	SKIC2
ENSG00000204356.14	protein_coding	NELFE
ENSG00000204361.10	protein_coding	NXPE2
ENSG00000204363.5	protein_coding	SPANXN5
ENSG00000204366.4	protein_coding	ZBTB12
ENSG00000204370.13	protein_coding	SDHD
ENSG00000204371.12	protein_coding	EHMT2
ENSG00000204379.11	protein_coding	XAGE1A
ENSG00000204381.12	protein_coding	LAYN
ENSG00000204382.12	protein_coding	XAGE1B
ENSG00000204385.13	protein_coding	SLC44A4
ENSG00000204386.12	protein_coding	NEU1
ENSG00000204388.7	protein_coding	HSPA1B
ENSG00000204389.10	protein_coding	HSPA1A
ENSG00000204390.10	protein_coding	HSPA1L
ENSG00000204392.11	protein_coding	LSM2
ENSG00000204394.13	protein_coding	VARS1
ENSG00000204396.11	protein_coding	VWA7
ENSG00000204397.10	protein_coding	CARD16
ENSG00000204403.11	protein_coding	CASP12
ENSG00000204406.14	protein_coding	MBD5
ENSG00000204410.16	protein_coding	MSH5
ENSG00000204414.14	protein_coding	CSHL1
ENSG00000204420.10	protein_coding	MPIG6B
ENSG00000204421.3	protein_coding	LY6G6C
ENSG00000204424.10	protein_coding	LY6G6F
ENSG00000204427.12	protein_coding	ABHD16A
ENSG00000204428.12	protein_coding	LY6G5C
ENSG00000204435.15	protein_coding	CSNK2B
ENSG00000204438.11	protein_coding	GPANK1
ENSG00000204439.4	protein_coding	C6orf47
ENSG00000204442.4	protein_coding	NALF1
ENSG00000204444.11	protein_coding	APOM
ENSG00000204449.3	protein_coding	TRIM49C
ENSG00000204450.9	protein_coding	TRIM64
ENSG00000204463.14	protein_coding	BAG6
ENSG00000204469.13	protein_coding	PRRC2A
ENSG00000204472.13	protein_coding	AIF1
ENSG00000204475.10	protein_coding	NCR3
ENSG00000204478.11	protein_coding	PRAMEF20
ENSG00000204479.4	protein_coding	PRAMEF17
ENSG00000204480.9	protein_coding	PRAMEF19
ENSG00000204481.8	protein_coding	PRAMEF14
ENSG00000204482.11	protein_coding	LST1
ENSG00000204498.11	protein_coding	NFKBIL1
ENSG00000204501.7	protein_coding	PRAMEF15
ENSG00000204505.5	protein_coding	PRAMEF9
ENSG00000204510.6	protein_coding	PRAMEF7
ENSG00000204511.3	protein_coding	MCCD1
ENSG00000204514.11	protein_coding	ZNF814
ENSG00000204516.10	protein_coding	MICB
ENSG00000204518.3	protein_coding	AADACL4
ENSG00000204519.11	protein_coding	ZNF551
ENSG00000204520.14	protein_coding	MICA
ENSG00000204524.7	protein_coding	ZNF805
ENSG00000204525.18	protein_coding	HLA-C
ENSG00000204531.21	protein_coding	POU5F1
ENSG00000204532.9	protein_coding	ZSCAN5C
ENSG00000204536.15	protein_coding	CCHCR1
ENSG00000204538.4	protein_coding	PSORS1C2
ENSG00000204539.4	protein_coding	CDSN
ENSG00000204540.11	protein_coding	PSORS1C1
ENSG00000204542.3	protein_coding	C6orf15
ENSG00000204544.5	protein_coding	MUC21
ENSG00000204548.4	protein_coding	DEFB121
ENSG00000204560.10	protein_coding	DHX16
ENSG00000204564.12	protein_coding	C6orf136
ENSG00000204568.12	protein_coding	MRPS18B
ENSG00000204569.10	protein_coding	PPP1R10
ENSG00000204571.7	protein_coding	KRTAP5-11
ENSG00000204572.10	protein_coding	KRTAP5-10
ENSG00000204574.14	protein_coding	ABCF1
ENSG00000204576.12	protein_coding	PRR3
ENSG00000204577.12	protein_coding	LILRB3
ENSG00000204580.14	protein_coding	DDR1
ENSG00000204583.10	protein_coding	LRCOL1
ENSG00000204590.13	protein_coding	GNL1
ENSG00000204592.9	protein_coding	HLA-E
ENSG00000204595.2	protein_coding	DPRX
ENSG00000204599.16	protein_coding	TRIM39
ENSG00000204604.13	protein_coding	ZNF468
ENSG00000204610.14	protein_coding	TRIM15
ENSG00000204611.7	protein_coding	ZNF616
ENSG00000204612.1	protein_coding	FOXB2
ENSG00000204613.11	protein_coding	TRIM10
ENSG00000204614.9	protein_coding	TRIM40
ENSG00000204616.11	protein_coding	TRIM31
ENSG00000204618.10	protein_coding	RNF39
ENSG00000204619.8	protein_coding	PPP1R11
ENSG00000204624.8	protein_coding	DISP3
ENSG00000204628.12	protein_coding	RACK1
ENSG00000204632.13	protein_coding	HLA-G
ENSG00000204634.13	protein_coding	TBC1D8
ENSG00000204640.1	protein_coding	NMS
ENSG00000204642.14	protein_coding	HLA-F
ENSG00000204644.10	protein_coding	ZFP57
ENSG00000204653.10	protein_coding	ASPDH
ENSG00000204655.12	protein_coding	MOG
ENSG00000204657.4	protein_coding	OR2H2
ENSG00000204659.5	protein_coding	CBY3
ENSG00000204669.11	protein_coding	C9orf57
ENSG00000204671.2	protein_coding	IL31
ENSG00000204673.11	protein_coding	AKT1S1
ENSG00000204681.11	protein_coding	GABBR1
ENSG00000204687.4	protein_coding	MAS1L
ENSG00000204688.10	protein_coding	OR2H1
ENSG00000204694.13	protein_coding	OR11A1
ENSG00000204695.4	protein_coding	OR14J1
ENSG00000204700.5	protein_coding	OR2J2
ENSG00000204701.3	protein_coding	OR2J3
ENSG00000204702.6	protein_coding	OR2J1
ENSG00000204703.5	protein_coding	OR2B3
ENSG00000204704.3	protein_coding	OR2W1
ENSG00000204710.3	protein_coding	SPDYC
ENSG00000204711.9	protein_coding	CFAP95
ENSG00000204713.11	protein_coding	TRIM27
ENSG00000204740.11	protein_coding	MALRD1
ENSG00000204764.14	protein_coding	RANBP17
ENSG00000204767.4	protein_coding	INSYN2B
ENSG00000204779.2	protein_coding	FOXD4L5
ENSG00000204815.10	protein_coding	ODAD4
ENSG00000204822.7	protein_coding	MRPL53
ENSG00000204839.9	protein_coding	MROH6
ENSG00000204842.18	protein_coding	ATXN2
ENSG00000204843.13	protein_coding	DCTN1
ENSG00000204849.10	protein_coding	SPATA31A1
ENSG00000204851.7	protein_coding	PNMA8B
ENSG00000204852.17	protein_coding	TCTN1
ENSG00000204856.12	protein_coding	FAM216A
ENSG00000204859.13	protein_coding	ZBTB48
ENSG00000204866.9	protein_coding	IGFL2
ENSG00000204869.9	protein_coding	IGFL4
ENSG00000204872.4	protein_coding	NAT8B
ENSG00000204873.5	protein_coding	KRTAP9-3
ENSG00000204880.9	protein_coding	KRTAP4-8
ENSG00000204882.4	protein_coding	GPR20
ENSG00000204887.5	protein_coding	KRTAP1-4
ENSG00000204889.11	protein_coding	KRT40
ENSG00000204897.7	protein_coding	KRT25
ENSG00000204899.6	protein_coding	MZT1
ENSG00000204909.8	protein_coding	SPINK9
ENSG00000204913.7	protein_coding	LRRC3C
ENSG00000204918.3	protein_coding	PRR20B
ENSG00000204919.1	protein_coding	PRR20A
ENSG00000204920.11	protein_coding	ZNF155
ENSG00000204922.5	protein_coding	UQCC3
ENSG00000204923.4	protein_coding	FBXO48
ENSG00000204928.3	protein_coding	GRXCR2
ENSG00000204930.10	protein_coding	FAM221B
ENSG00000204936.10	protein_coding	CD177
ENSG00000204941.14	protein_coding	PSG5
ENSG00000204946.10	protein_coding	ZNF783
ENSG00000204947.9	protein_coding	ZNF425
ENSG00000204950.4	protein_coding	LRRC10B
ENSG00000204952.3	protein_coding	FBXO47
ENSG00000204954.10	protein_coding	C12orf73
ENSG00000204956.6	protein_coding	PCDHGA1
ENSG00000204961.7	protein_coding	PCDHA9
ENSG00000204962.6	protein_coding	PCDHA8
ENSG00000204963.6	protein_coding	PCDHA7
ENSG00000204965.9	protein_coding	PCDHA5
ENSG00000204967.12	protein_coding	PCDHA4
ENSG00000204969.7	protein_coding	PCDHA2
ENSG00000204970.10	protein_coding	PCDHA1
ENSG00000204977.10	protein_coding	TRIM13
ENSG00000204978.3	protein_coding	ERICH4
ENSG00000204979.8	protein_coding	MS4A13
ENSG00000204983.15	protein_coding	PRSS1
ENSG00000204991.11	protein_coding	SPIRE2
ENSG00000205002.4	protein_coding	AARD
ENSG00000205022.9	protein_coding	PABPN1L
ENSG00000205029.1	protein_coding	OR5D16
ENSG00000205030.1	protein_coding	OR5L2
ENSG00000205038.12	protein_coding	PKHD1L1
ENSG00000205045.12	protein_coding	SLFN12L
ENSG00000205060.11	protein_coding	SLC35B4
ENSG00000205076.5	protein_coding	LGALS7
ENSG00000205078.6	protein_coding	SYCE1L
ENSG00000205084.12	protein_coding	TMEM231
ENSG00000205085.13	protein_coding	GARIN1A
ENSG00000205089.8	protein_coding	CCNI2
ENSG00000205090.9	protein_coding	TMEM240
ENSG00000205097.7	protein_coding	FRG2
ENSG00000205108.6	protein_coding	FAM205A
ENSG00000205111.10	protein_coding	CDKL4
ENSG00000205116.4	protein_coding	TMEM88B
ENSG00000205126.2	protein_coding	ACCSL
ENSG00000205129.9	protein_coding	C4orf47
ENSG00000205133.12	protein_coding	TRIQK
ENSG00000205138.4	protein_coding	SDHAF1
ENSG00000205143.5	protein_coding	ARID3C
ENSG00000205155.8	protein_coding	PSENEN
ENSG00000205177.7	protein_coding	C11orf91
ENSG00000205186.4	protein_coding	FABP9
ENSG00000205189.12	protein_coding	ZBTB10
ENSG00000205208.5	protein_coding	C4orf46
ENSG00000205209.8	protein_coding	SCGB2B2
ENSG00000205213.14	protein_coding	LGR4
ENSG00000205220.12	protein_coding	PSMB10
ENSG00000205221.13	protein_coding	VIT
ENSG00000205236.6	protein_coding	ENSG00000205236
ENSG00000205238.12	protein_coding	SPDYE2
ENSG00000205250.9	protein_coding	E2F4
ENSG00000205268.11	protein_coding	PDE7A
ENSG00000205269.6	protein_coding	TMEM170B
ENSG00000205277.10	protein_coding	MUC12
ENSG00000205279.9	protein_coding	CTXN3
ENSG00000205301.12	protein_coding	MGAT4D
ENSG00000205302.7	protein_coding	SNX2
ENSG00000205307.12	protein_coding	SAP25
ENSG00000205309.14	protein_coding	NT5M
ENSG00000205323.9	protein_coding	SARNP
ENSG00000205327.3	protein_coding	OR6C68
ENSG00000205328.3	protein_coding	OR6C65
ENSG00000205329.3	protein_coding	OR6C3
ENSG00000205330.4	protein_coding	OR6C1
ENSG00000205336.14	protein_coding	ADGRG1
ENSG00000205339.10	protein_coding	IPO7
ENSG00000205352.11	protein_coding	PRR13
ENSG00000205356.10	protein_coding	TECPR1
ENSG00000205358.4	protein_coding	MT1H
ENSG00000205359.10	protein_coding	SLCO6A1
ENSG00000205362.11	protein_coding	MT1A
ENSG00000205363.7	protein_coding	INSYN1
ENSG00000205364.4	protein_coding	MT1M
ENSG00000205403.15	protein_coding	CFI
ENSG00000205409.3	protein_coding	OR52E6
ENSG00000205413.8	protein_coding	SAMD9
ENSG00000205420.11	protein_coding	KRT6A
ENSG00000205423.12	protein_coding	CNEP1R1
ENSG00000205426.11	protein_coding	KRT81
ENSG00000205436.8	protein_coding	EXOC3L4
ENSG00000205439.10	protein_coding	KRTAP12-3
ENSG00000205442.13	protein_coding	IZUMO3
ENSG00000205445.3	protein_coding	KRTAP10-2
ENSG00000205456.12	protein_coding	TP53TG3D
ENSG00000205457.12	protein_coding	TP53TG3C
ENSG00000205476.9	protein_coding	CCDC85C
ENSG00000205482.11	protein_coding	SPDYE18
ENSG00000205495.1	protein_coding	OR52J3
ENSG00000205496.1	protein_coding	OR51A2
ENSG00000205497.5	protein_coding	OR51A4
ENSG00000205502.4	protein_coding	C2CD4B
ENSG00000205517.13	protein_coding	RGL3
ENSG00000205531.14	protein_coding	NAP1L4
ENSG00000205542.11	protein_coding	TMSB4X
ENSG00000205544.4	protein_coding	TMEM256
ENSG00000205560.13	protein_coding	CPT1B
ENSG00000205571.14	protein_coding	SMN2
ENSG00000205572.10	protein_coding	SERF1B
ENSG00000205581.11	protein_coding	HMGN1
ENSG00000205592.16	protein_coding	MUC19
ENSG00000205593.12	protein_coding	DENND6B
ENSG00000205609.13	protein_coding	EIF3CL
ENSG00000205629.12	protein_coding	LCMT1
ENSG00000205639.12	protein_coding	MFSD2B
ENSG00000205642.11	protein_coding	VCX3B
ENSG00000205643.11	protein_coding	CDPF1
ENSG00000205649.9	protein_coding	HTN3
ENSG00000205659.12	protein_coding	LIN52
ENSG00000205667.3	protein_coding	ARSH
ENSG00000205669.4	protein_coding	ACOT6
ENSG00000205670.12	protein_coding	SMIM11
ENSG00000205678.8	protein_coding	TECRL
ENSG00000205683.12	protein_coding	DPF3
ENSG00000205693.4	protein_coding	MANSC4
ENSG00000205702.12	protein_coding	CYP2D7
ENSG00000205704.8	protein_coding	SMIM45
ENSG00000205707.11	protein_coding	ETFRF1
ENSG00000205710.4	protein_coding	C17orf107
ENSG00000205718.10	protein_coding	MBD3L4
ENSG00000205726.15	protein_coding	ITSN1
ENSG00000205730.7	protein_coding	ITPRIPL2
ENSG00000205744.10	protein_coding	DENND1C
ENSG00000205755.12	protein_coding	CRLF2
ENSG00000205755.12_PAR_Y	protein_coding	CRLF2
ENSG00000205758.12	protein_coding	CRYZL1
ENSG00000205765.10	protein_coding	RIMOC1
ENSG00000205777.19	protein_coding	GAGE1
ENSG00000205784.4	protein_coding	ARRDC5
ENSG00000205795.5	protein_coding	CYS1
ENSG00000205808.7	protein_coding	PLPP6
ENSG00000205809.11	protein_coding	KLRC2
ENSG00000205810.9	protein_coding	KLRC3
ENSG00000205832.8	protein_coding	C16orf96
ENSG00000205835.9	protein_coding	GMNC
ENSG00000205838.15	protein_coding	TTC23L
ENSG00000205846.4	protein_coding	CLEC6A
ENSG00000205856.4	protein_coding	C22orf42
ENSG00000205857.2	protein_coding	NANOGNB
ENSG00000205858.10	protein_coding	LRRC72
ENSG00000205863.11	protein_coding	C1QTNF9B
ENSG00000205864.1	protein_coding	KRTAP5-6
ENSG00000205867.3	protein_coding	KRTAP5-2
ENSG00000205869.2	protein_coding	KRTAP5-1
ENSG00000205882.9	protein_coding	DEFB134
ENSG00000205883.3	protein_coding	DEFB135
ENSG00000205884.2	protein_coding	DEFB136
ENSG00000205899.4	protein_coding	BHLHA9
ENSG00000205903.7	protein_coding	ZNF316
ENSG00000205916.12	protein_coding	DAZ4
ENSG00000205922.5	protein_coding	ONECUT3
ENSG00000205923.3	protein_coding	CEMP1
ENSG00000205927.5	protein_coding	OLIG2
ENSG00000205929.11	protein_coding	C21orf62
ENSG00000205937.12	protein_coding	RNPS1
ENSG00000205944.12	protein_coding	DAZ2
ENSG00000205978.6	protein_coding	NYNRIN
ENSG00000205981.9	protein_coding	DNAJC19
ENSG00000206013.2	protein_coding	IFITM5
ENSG00000206026.7	protein_coding	SMIM21
ENSG00000206034.2	protein_coding	DEFB109B
ENSG00000206043.7	protein_coding	C18orf63
ENSG00000206047.3	protein_coding	DEFA1
ENSG00000206052.11	protein_coding	DOK6
ENSG00000206053.13	protein_coding	JPT2
ENSG00000206069.7	protein_coding	LHFPL7
ENSG00000206072.13	protein_coding	SERPINB11
ENSG00000206073.11	protein_coding	SERPINB4
ENSG00000206075.14	protein_coding	SERPINB5
ENSG00000206077.14	protein_coding	ZDHHC11B
ENSG00000206102.2	protein_coding	KRTAP19-8
ENSG00000206104.2	protein_coding	KRTAP20-3
ENSG00000206105.2	protein_coding	KRTAP20-4
ENSG00000206106.2	protein_coding	KRTAP22-2
ENSG00000206107.2	protein_coding	KRTAP27-1
ENSG00000206113.11	protein_coding	CFAP99
ENSG00000206127.11	protein_coding	GOLGA8O
ENSG00000206140.12	protein_coding	TMEM191C
ENSG00000206150.4	protein_coding	RNASE13
ENSG00000206172.8	protein_coding	HBA1
ENSG00000206177.7	protein_coding	HBM
ENSG00000206181.7	protein_coding	ELOA2
ENSG00000206190.13	protein_coding	ATP10A
ENSG00000206199.11	protein_coding	ANKUB1
ENSG00000206203.5	protein_coding	TSSK2
ENSG00000206260.4	protein_coding	PRR23A
ENSG00000206262.9	protein_coding	FOXL2NB
ENSG00000206384.11	protein_coding	COL6A6
ENSG00000206418.5	protein_coding	RAB12
ENSG00000206422.3	protein_coding	LRRC30
ENSG00000206432.4	protein_coding	TMEM200C
ENSG00000206474.8	protein_coding	OR10C1
ENSG00000206503.14	protein_coding	HLA-A
ENSG00000206527.10	protein_coding	HACD2
ENSG00000206530.11	protein_coding	CFAP44
ENSG00000206531.11	protein_coding	CD200R1L
ENSG00000206535.8	protein_coding	LNP1
ENSG00000206536.1	protein_coding	OR5K3
ENSG00000206538.9	protein_coding	VGLL3
ENSG00000206549.13	protein_coding	ENSG00000206549
ENSG00000206557.6	protein_coding	TRIM71
ENSG00000206559.8	protein_coding	ZCWPW2
ENSG00000206560.12	protein_coding	ANKRD28
ENSG00000206561.14	protein_coding	COLQ
ENSG00000206562.12	protein_coding	METTL6
ENSG00000206579.9	protein_coding	XKR4
ENSG00000211445.13	protein_coding	GPX3
ENSG00000211448.14	protein_coding	DIO2
ENSG00000211450.11	protein_coding	SELENOH
ENSG00000211452.12	protein_coding	DIO1
ENSG00000211454.16	protein_coding	AKR7L
ENSG00000211455.8	protein_coding	STK38L
ENSG00000211456.14	protein_coding	SACM1L
ENSG00000211460.12	protein_coding	TSN
ENSG00000211584.14	protein_coding	SLC48A1
ENSG00000212122.4	protein_coding	TSSK1B
ENSG00000212123.4	protein_coding	PRR22
ENSG00000212124.2	protein_coding	TAS2R19
ENSG00000212126.3	protein_coding	TAS2R50
ENSG00000212127.6	protein_coding	TAS2R14
ENSG00000212128.2	protein_coding	TAS2R13
ENSG00000212657.2	protein_coding	KRTAP16-1
ENSG00000212658.1	protein_coding	KRTAP29-1
ENSG00000212659.2	protein_coding	KRTAP9-6
ENSG00000212710.5	protein_coding	CTAGE1
ENSG00000212721.4	protein_coding	KRTAP4-11
ENSG00000212722.9	protein_coding	KRTAP4-9
ENSG00000212724.3	protein_coding	KRTAP2-3
ENSG00000212725.4	protein_coding	KRTAP2-1
ENSG00000212747.5	protein_coding	RTL8B
ENSG00000212807.3	protein_coding	OR2A42
ENSG00000212864.4	protein_coding	RNF208
ENSG00000212899.3	protein_coding	KRTAP3-3
ENSG00000212900.3	protein_coding	KRTAP3-2
ENSG00000212901.4	protein_coding	KRTAP3-1
ENSG00000212907.2	protein_coding	MT-ND4L
ENSG00000212916.6	protein_coding	MAP10
ENSG00000212933.1	protein_coding	KRTAP12-4
ENSG00000212935.2	protein_coding	KRTAP10-3
ENSG00000212938.3	protein_coding	KRTAP6-3
ENSG00000212993.6	protein_coding	POU5F1B
ENSG00000213015.9	protein_coding	ZNF580
ENSG00000213020.10	protein_coding	ZNF611
ENSG00000213022.6	protein_coding	KLK9
ENSG00000213023.11	protein_coding	SYT3
ENSG00000213024.13	protein_coding	NUP62
ENSG00000213030.6	protein_coding	CGB8
ENSG00000213047.13	protein_coding	DENND1B
ENSG00000213064.10	protein_coding	SFT2D2
ENSG00000213066.14	protein_coding	CEP43
ENSG00000213079.10	protein_coding	SCAF8
ENSG00000213085.10	protein_coding	CFAP45
ENSG00000213088.12	protein_coding	ACKR1
ENSG00000213096.11	protein_coding	ZNF254
ENSG00000213123.11	protein_coding	DYNLT2B
ENSG00000213139.8	protein_coding	CRYGS
ENSG00000213145.10	protein_coding	CRIP1
ENSG00000213160.10	protein_coding	KLHL23
ENSG00000213171.3	protein_coding	LINGO4
ENSG00000213185.7	protein_coding	FAM24B
ENSG00000213186.8	protein_coding	TRIM59
ENSG00000213190.4	protein_coding	MLLT11
ENSG00000213199.8	protein_coding	ASIC3
ENSG00000213203.3	protein_coding	GIMAP1
ENSG00000213204.8	protein_coding	ENSG00000213204
ENSG00000213213.14	protein_coding	CCDC183
ENSG00000213214.6	protein_coding	ARHGEF35
ENSG00000213215.5	protein_coding	OR2F1
ENSG00000213218.11	protein_coding	CSH2
ENSG00000213221.5	protein_coding	DNLZ
ENSG00000213231.13	protein_coding	TCL1B
ENSG00000213246.7	protein_coding	SUPT4H1
ENSG00000213265.9	protein_coding	TSGA13
ENSG00000213281.5	protein_coding	NRAS
ENSG00000213297.8	protein_coding	ZNF625-ZNF20
ENSG00000213316.10	protein_coding	LTC4S
ENSG00000213337.9	protein_coding	ANKRD39
ENSG00000213339.9	protein_coding	QTRT1
ENSG00000213341.11	protein_coding	CHUK
ENSG00000213347.11	protein_coding	MXD3
ENSG00000213366.13	protein_coding	GSTM2
ENSG00000213380.16	protein_coding	COG8
ENSG00000213390.11	protein_coding	ARHGAP19
ENSG00000213397.12	protein_coding	HAUS7
ENSG00000213398.8	protein_coding	LCAT
ENSG00000213401.10	protein_coding	MAGEA12
ENSG00000213402.3	protein_coding	PTPRCAP
ENSG00000213413.3	protein_coding	PVRIG
ENSG00000213416.4	protein_coding	KRTAP4-12
ENSG00000213417.3	protein_coding	KRTAP2-4
ENSG00000213420.8	protein_coding	GPC2
ENSG00000213424.9	protein_coding	KRT222
ENSG00000213439.3	protein_coding	OR5AC1
ENSG00000213445.10	protein_coding	SIPA1
ENSG00000213462.5	protein_coding	ERV3-1
ENSG00000213463.5	protein_coding	SYNJ2BP
ENSG00000213465.8	protein_coding	ARL2
ENSG00000213471.10	protein_coding	TTLL13
ENSG00000213512.3	protein_coding	GBP7
ENSG00000213516.10	protein_coding	RBMXL1
ENSG00000213523.12	protein_coding	SRA1
ENSG00000213533.13	protein_coding	STIMATE
ENSG00000213551.7	protein_coding	DNAJC9
ENSG00000213563.7	protein_coding	C8orf82
ENSG00000213578.6	protein_coding	CPLX3
ENSG00000213585.11	protein_coding	VDAC1
ENSG00000213588.6	protein_coding	ZBTB9
ENSG00000213593.10	protein_coding	TMX2
ENSG00000213614.11	protein_coding	HEXA
ENSG00000213619.11	protein_coding	NDUFS3
ENSG00000213625.9	protein_coding	LEPROT
ENSG00000213626.13	protein_coding	LBH
ENSG00000213638.6	protein_coding	ADAT3
ENSG00000213639.11	protein_coding	PPP1CB
ENSG00000213648.11	protein_coding	SULT1A4
ENSG00000213654.10	protein_coding	GPSM3
ENSG00000213658.13	protein_coding	LAT
ENSG00000213672.8	protein_coding	NCKIPSD
ENSG00000213676.13	protein_coding	ATF6B
ENSG00000213689.14	protein_coding	TREX1
ENSG00000213694.7	protein_coding	S1PR3
ENSG00000213699.9	protein_coding	SLC35F6
ENSG00000213714.1	protein_coding	FAM209B
ENSG00000213719.8	protein_coding	CLIC1
ENSG00000213722.10	protein_coding	DDAH2
ENSG00000213741.11	protein_coding	RPS29
ENSG00000213759.10	protein_coding	UGT2B11
ENSG00000213760.11	protein_coding	ATP6V1G2
ENSG00000213762.12	protein_coding	ZNF134
ENSG00000213780.11	protein_coding	GTF2H4
ENSG00000213782.7	protein_coding	DDX47
ENSG00000213793.6	protein_coding	ZNF888
ENSG00000213799.13	protein_coding	ZNF845
ENSG00000213809.9	protein_coding	KLRK1
ENSG00000213822.7	protein_coding	CEACAM18
ENSG00000213853.10	protein_coding	EMP2
ENSG00000213859.8	protein_coding	KCTD11
ENSG00000213886.4	protein_coding	UBD
ENSG00000213889.11	protein_coding	PPM1N
ENSG00000213892.12	protein_coding	CEACAM16
ENSG00000213901.11	protein_coding	SLC23A3
ENSG00000213903.9	protein_coding	LTB4R
ENSG00000213906.10	protein_coding	LTB4R2
ENSG00000213918.11	protein_coding	DNASE1
ENSG00000213920.9	protein_coding	MDP1
ENSG00000213921.8	protein_coding	LEUTX
ENSG00000213923.13	protein_coding	CSNK1E
ENSG00000213927.4	protein_coding	CCL27
ENSG00000213928.10	protein_coding	IRF9
ENSG00000213930.12	protein_coding	GALT
ENSG00000213931.7	protein_coding	HBE1
ENSG00000213934.9	protein_coding	HBG1
ENSG00000213937.4	protein_coding	CLDN9
ENSG00000213949.10	protein_coding	ITGA1
ENSG00000213965.4	protein_coding	NUDT19
ENSG00000213967.12	protein_coding	ZNF726
ENSG00000213973.10	protein_coding	ZNF99
ENSG00000213977.8	protein_coding	TAX1BP3
ENSG00000213983.12	protein_coding	AP1G2
ENSG00000213988.11	protein_coding	ZNF90
ENSG00000213995.12	protein_coding	NAXD
ENSG00000213996.13	protein_coding	TM6SF2
ENSG00000213999.17	protein_coding	MEF2B
ENSG00000214013.10	protein_coding	GANC
ENSG00000214021.18	protein_coding	TTLL3
ENSG00000214022.12	protein_coding	REPIN1
ENSG00000214026.11	protein_coding	MRPL23
ENSG00000214029.6	protein_coding	ZNF891
ENSG00000214042.1	protein_coding	IFNA7
ENSG00000214046.9	protein_coding	SMIM7
ENSG00000214050.8	protein_coding	FBXO16
ENSG00000214063.12	protein_coding	TSPAN4
ENSG00000214078.13	protein_coding	CPNE1
ENSG00000214087.9	protein_coding	ARL16
ENSG00000214097.5	protein_coding	SMCO1
ENSG00000214102.7	protein_coding	WEE2
ENSG00000214107.9	protein_coding	MAGEB1
ENSG00000214113.11	protein_coding	LYRM4
ENSG00000214114.9	protein_coding	MYCBP
ENSG00000214128.11	protein_coding	TMEM213
ENSG00000214140.11	protein_coding	PRCD
ENSG00000214160.10	protein_coding	ALG3
ENSG00000214193.11	protein_coding	SH3D21
ENSG00000214194.9	protein_coding	SMIM30
ENSG00000214212.9	protein_coding	C19orf38
ENSG00000214216.11	protein_coding	IQCJ
ENSG00000214226.9	protein_coding	C17orf67
ENSG00000214237.11	protein_coding	MINDY4B
ENSG00000214253.9	protein_coding	FIS1
ENSG00000214265.11	protein_coding	ENSG00000214265
ENSG00000214274.10	protein_coding	ANG
ENSG00000214279.13	protein_coding	SCART1
ENSG00000214285.3	protein_coding	NPS
ENSG00000214290.9	protein_coding	POU2AF3
ENSG00000214300.7	protein_coding	SPDYE3
ENSG00000214309.5	protein_coding	MBLAC1
ENSG00000214324.5	protein_coding	C3orf56
ENSG00000214336.5	protein_coding	FOXI3
ENSG00000214338.11	protein_coding	SOGA3
ENSG00000214357.9	protein_coding	NEURL1B
ENSG00000214360.5	protein_coding	EFCAB9
ENSG00000214367.10	protein_coding	HAUS3
ENSG00000214376.6	protein_coding	VSTM5
ENSG00000214402.7	protein_coding	LCNL1
ENSG00000214413.9	protein_coding	BBIP1
ENSG00000214414.9	protein_coding	TRIM77
ENSG00000214415.4	protein_coding	GNAT3
ENSG00000214435.9	protein_coding	AS3MT
ENSG00000214447.5	protein_coding	FAM187A
ENSG00000214456.8	protein_coding	PLIN5
ENSG00000214491.9	protein_coding	SEC14L6
ENSG00000214510.10	protein_coding	SPINK13
ENSG00000214511.4	protein_coding	HIGD1C
ENSG00000214513.4	protein_coding	NOTO
ENSG00000214517.10	protein_coding	PPME1
ENSG00000214518.4	protein_coding	KRTAP2-2
ENSG00000214530.10	protein_coding	STARD10
ENSG00000214558.5	protein_coding	ZC3H11C
ENSG00000214562.15	protein_coding	NUTM2D
ENSG00000214575.10	protein_coding	CPEB1
ENSG00000214595.13	protein_coding	EML6
ENSG00000214642.1	protein_coding	DEFB113
ENSG00000214652.6	protein_coding	ZNF727
ENSG00000214654.9	protein_coding	B3GALT9
ENSG00000214655.11	protein_coding	ZSWIM8
ENSG00000214681.4	protein_coding	IQCF5
ENSG00000214686.7	protein_coding	IQCF6
ENSG00000214688.6	protein_coding	C10orf105
ENSG00000214694.13	protein_coding	ARHGEF33
ENSG00000214700.6	protein_coding	C12orf71
ENSG00000214706.12	protein_coding	IFRD2
ENSG00000214711.10	protein_coding	CAPN14
ENSG00000214717.12	protein_coding	ZBED1
ENSG00000214717.12_PAR_Y	protein_coding	ZBED1
ENSG00000214736.8	protein_coding	TOMM6
ENSG00000214753.4	protein_coding	HNRNPUL2
ENSG00000214756.8	protein_coding	CSKMT
ENSG00000214782.8	protein_coding	MS4A18
ENSG00000214787.11	protein_coding	MS4A4E
ENSG00000214814.7	protein_coding	FER1L6
ENSG00000214819.2	protein_coding	CDRT15L2
ENSG00000214827.11	protein_coding	MTCP1
ENSG00000214842.6	protein_coding	RAD51AP2
ENSG00000214860.5	protein_coding	EVPLL
ENSG00000214866.9	protein_coding	DCDC2C
ENSG00000214872.9	protein_coding	SMTNL1
ENSG00000214891.9	protein_coding	TRIM64C
ENSG00000214897.5	protein_coding	PNMA6E
ENSG00000214929.4	protein_coding	SPATA31D1
ENSG00000214940.9	protein_coding	NPIPA8
ENSG00000214941.8	protein_coding	ZSWIM7
ENSG00000214943.5	protein_coding	GPR33
ENSG00000214944.10	protein_coding	ARHGEF28
ENSG00000214946.15	protein_coding	TBC1D26
ENSG00000214954.9	protein_coding	LRRC69
ENSG00000214960.11	protein_coding	CRPPA
ENSG00000214967.6	protein_coding	NPIPA7
ENSG00000214978.8	protein_coding	GSG1L2
ENSG00000215009.6	protein_coding	ACSM4
ENSG00000215012.9	protein_coding	RTL10
ENSG00000215018.10	protein_coding	COL28A1
ENSG00000215021.10	protein_coding	PHB2
ENSG00000215029.12	protein_coding	TCP11X2
ENSG00000215041.10	protein_coding	NEURL4
ENSG00000215045.9	protein_coding	GRID2IP
ENSG00000215113.7	protein_coding	CXorf49B
ENSG00000215114.10	protein_coding	UBXN2B
ENSG00000215115.7	protein_coding	CXorf49
ENSG00000215126.11	protein_coding	ZNG1F
ENSG00000215131.11	protein_coding	C16orf90
ENSG00000215148.11	protein_coding	PRSS41
ENSG00000215174.2	protein_coding	NLRP2B
ENSG00000215182.8	protein_coding	MUC5AC
ENSG00000215183.5	protein_coding	MSMP
ENSG00000215186.7	protein_coding	GOLGA6B
ENSG00000215187.13	protein_coding	FAM166B
ENSG00000215193.14	protein_coding	PEX26
ENSG00000215203.3	protein_coding	GRXCR1
ENSG00000215217.7	protein_coding	C5orf49
ENSG00000215218.4	protein_coding	UBE2QL1
ENSG00000215251.5	protein_coding	FASTKD5
ENSG00000215252.12	protein_coding	GOLGA8B
ENSG00000215262.8	protein_coding	KCNU1
ENSG00000215269.6	protein_coding	GAGE12G
ENSG00000215274.6	protein_coding	GAGE10
ENSG00000215277.9	protein_coding	RNF212B
ENSG00000215301.11	protein_coding	DDX3X
ENSG00000215305.10	protein_coding	VPS16
ENSG00000215343.8	protein_coding	ZNF705D
ENSG00000215354.9	protein_coding	FAM90A24P
ENSG00000215356.4	protein_coding	ZNF705B
ENSG00000215372.6	protein_coding	ZNF705G
ENSG00000215373.4	protein_coding	FAM90A5P
ENSG00000215375.7	protein_coding	MYL5
ENSG00000215397.4	protein_coding	SCRT2
ENSG00000215421.10	protein_coding	ZNF407
ENSG00000215440.12	protein_coding	NPEPL1
ENSG00000215454.7	protein_coding	KRTAP10-4
ENSG00000215455.4	protein_coding	KRTAP10-1
ENSG00000215472.10	protein_coding	RPL17-C18orf32
ENSG00000215474.8	protein_coding	SKOR2
ENSG00000215475.5	protein_coding	SIAH3
ENSG00000215529.13	protein_coding	EFCAB8
ENSG00000215545.1	protein_coding	DEFB116
ENSG00000215547.1	protein_coding	DEFB115
ENSG00000215568.9	protein_coding	GAB4
ENSG00000215595.3	protein_coding	C20orf202
ENSG00000215612.8	protein_coding	HMX1
ENSG00000215644.10	protein_coding	GCGR
ENSG00000215695.2	protein_coding	RSC1A1
ENSG00000215704.10	protein_coding	CELA2B
ENSG00000215712.11	protein_coding	TMEM242
ENSG00000215717.7	protein_coding	TMEM167B
ENSG00000215784.6	protein_coding	FAM72D
ENSG00000215788.11	protein_coding	TNFRSF25
ENSG00000215817.9	protein_coding	ZC3H11B
ENSG00000215845.11	protein_coding	TSTD1
ENSG00000215853.3	protein_coding	RPTN
ENSG00000215883.11	protein_coding	CYB5RL
ENSG00000215906.9	protein_coding	LACTBL1
ENSG00000215910.8	protein_coding	C1orf167
ENSG00000215912.13	protein_coding	TTC34
ENSG00000215915.10	protein_coding	ATAD3C
ENSG00000216490.4	protein_coding	IFI30
ENSG00000216588.9	protein_coding	IGSF23
ENSG00000216649.5	protein_coding	GAGE12E
ENSG00000216921.9	protein_coding	FAM240C
ENSG00000216937.14	protein_coding	CCDC7
ENSG00000217128.13	protein_coding	FNIP1
ENSG00000217236.2	protein_coding	SP9
ENSG00000217442.4	protein_coding	SYCE3
ENSG00000217555.13	protein_coding	CKLF
ENSG00000217930.8	protein_coding	PAM16
ENSG00000218305.5	protein_coding	CDC14C
ENSG00000218336.9	protein_coding	TENM3
ENSG00000218739.10	protein_coding	CEBPZOS
ENSG00000218819.6	protein_coding	TDRD15
ENSG00000218823.2	protein_coding	PAPOLB
ENSG00000218891.5	protein_coding	ZNF579
ENSG00000219073.8	protein_coding	CELA3B
ENSG00000219200.12	protein_coding	RNASEK
ENSG00000219435.6	protein_coding	CATSPERZ
ENSG00000219438.9	protein_coding	TAFA5
ENSG00000219481.11	protein_coding	NBPF1
ENSG00000219545.12	protein_coding	UMAD1
ENSG00000219607.4	protein_coding	PPP1R3G
ENSG00000219626.9	protein_coding	FAM228B
ENSG00000220008.4	protein_coding	LINGO3
ENSG00000220201.8	protein_coding	ZGLP1
ENSG00000220205.9	protein_coding	VAMP2
ENSG00000220948.6	protein_coding	TRIM51G
ENSG00000221813.4	protein_coding	OR6B1
ENSG00000221818.9	protein_coding	EBF2
ENSG00000221821.4	protein_coding	C6orf226
ENSG00000221823.11	protein_coding	PPP3R1
ENSG00000221826.10	protein_coding	PSG3
ENSG00000221829.11	protein_coding	FANCG
ENSG00000221836.4	protein_coding	OR2A5
ENSG00000221837.7	protein_coding	KRTAP10-9
ENSG00000221838.10	protein_coding	AP4M1
ENSG00000221840.4	protein_coding	OR4A5
ENSG00000221843.6	protein_coding	C2orf16
ENSG00000221852.5	protein_coding	KRTAP1-5
ENSG00000221855.1	protein_coding	TAS2R41
ENSG00000221858.3	protein_coding	OR2A12
ENSG00000221859.2	protein_coding	KRTAP10-10
ENSG00000221864.4	protein_coding	KRTAP12-2
ENSG00000221866.10	protein_coding	PLXNA4
ENSG00000221867.9	protein_coding	MAGEA3
ENSG00000221869.5	protein_coding	CEBPD
ENSG00000221874.4	protein_coding	ZNF816-ZNF321P
ENSG00000221878.13	protein_coding	PSG7
ENSG00000221880.4	protein_coding	KRTAP1-3
ENSG00000221882.5	protein_coding	OR3A2
ENSG00000221886.4	protein_coding	ZBED8
ENSG00000221887.6	protein_coding	HMSD
ENSG00000221888.4	protein_coding	OR1C1
ENSG00000221890.6	protein_coding	NPTXR
ENSG00000221900.6	protein_coding	POM121L12
ENSG00000221909.3	protein_coding	FAM200A
ENSG00000221910.3	protein_coding	OR2F2
ENSG00000221914.11	protein_coding	PPP2R2A
ENSG00000221916.4	protein_coding	C19orf73
ENSG00000221923.9	protein_coding	ZNF880
ENSG00000221926.13	protein_coding	TRIM16
ENSG00000221931.3	protein_coding	OR6X1
ENSG00000221932.7	protein_coding	HEPN1
ENSG00000221933.3	protein_coding	OR2A25
ENSG00000221937.4	protein_coding	TAS2R40
ENSG00000221938.5	protein_coding	OR2A14
ENSG00000221944.9	protein_coding	TIGD1
ENSG00000221946.8	protein_coding	FXYD7
ENSG00000221947.8	protein_coding	XKR9
ENSG00000221954.2	protein_coding	OR4C12
ENSG00000221955.11	protein_coding	SLC12A8
ENSG00000221957.8	protein_coding	KIR2DS4
ENSG00000221963.6	protein_coding	APOL6
ENSG00000221968.9	protein_coding	FADS3
ENSG00000221970.4	protein_coding	OR2A1
ENSG00000221977.3	protein_coding	OR4E2
ENSG00000221978.13	protein_coding	CCNL2
ENSG00000221983.8	protein_coding	UBA52
ENSG00000221986.7	protein_coding	MYBPHL
ENSG00000221988.13	protein_coding	PPT2
ENSG00000221989.3	protein_coding	OR2A2
ENSG00000221994.12	protein_coding	ZNF630
ENSG00000221996.6	protein_coding	OR52B4
ENSG00000222009.9	protein_coding	BTBD19
ENSG00000222011.9	protein_coding	FAM185A
ENSG00000222014.6	protein_coding	RAB6C
ENSG00000222018.2	protein_coding	C21orf140
ENSG00000222028.5	protein_coding	PSMB11
ENSG00000222036.8	protein_coding	POTEM
ENSG00000222038.4	protein_coding	POTEJ
ENSG00000222046.3	protein_coding	DCDC2B
ENSG00000223417.9	protein_coding	TRIM49D1
ENSG00000223443.3	protein_coding	USP17L2
ENSG00000223496.3	protein_coding	EXOSC6
ENSG00000223501.9	protein_coding	VPS52
ENSG00000223510.7	protein_coding	CDRT15
ENSG00000223547.10	protein_coding	ZNF844
ENSG00000223569.8	protein_coding	USP17L15
ENSG00000223572.10	protein_coding	CKMT1A
ENSG00000223573.7	protein_coding	TINCR
ENSG00000223591.5	protein_coding	CENPVL1
ENSG00000223601.3	protein_coding	EBLN1
ENSG00000223609.11	protein_coding	HBD
ENSG00000223611.7	protein_coding	SUPT20HL2
ENSG00000223614.6	protein_coding	ZNF735
ENSG00000223638.4	protein_coding	RFPL4A
ENSG00000223658.8	protein_coding	C1GALT1C1L
ENSG00000223731.4	protein_coding	SUPT20HL1
ENSG00000223802.9	protein_coding	CERS1
ENSG00000223865.11	protein_coding	HLA-DPB1
ENSG00000223885.4	protein_coding	FAM90A13P
ENSG00000223953.6	protein_coding	C1QTNF5
ENSG00000224051.7	protein_coding	CPTP
ENSG00000224089.3	protein_coding	CT47A10
ENSG00000224107.5	protein_coding	ETDB
ENSG00000224109.4	protein_coding	CENPVL3
ENSG00000224383.8	protein_coding	PRR29
ENSG00000224389.9	protein_coding	C4B
ENSG00000224420.4	protein_coding	ADM5
ENSG00000224440.2	protein_coding	CXorf51A
ENSG00000224470.9	protein_coding	ATXN1L
ENSG00000224531.6	protein_coding	SMIM13
ENSG00000224578.5	protein_coding	HNRNPA1L3
ENSG00000224586.7	protein_coding	GPX5
ENSG00000224659.3	protein_coding	GAGE12J
ENSG00000224712.13	protein_coding	NPIPA3
ENSG00000224877.4	protein_coding	NDUFAF8
ENSG00000224902.6	protein_coding	GAGE12H
ENSG00000224916.9	protein_coding	APOC4-APOC2
ENSG00000224940.10	protein_coding	PRRT4
ENSG00000224960.5	protein_coding	PPP4R3C
ENSG00000224982.4	protein_coding	TMEM233
ENSG00000225110.3	protein_coding	PNMA6F
ENSG00000225180.8	protein_coding	PVALEF
ENSG00000225190.12	protein_coding	PLEKHM1
ENSG00000225327.3	protein_coding	USP17L3
ENSG00000225366.6	protein_coding	TDGF1P3
ENSG00000225396.6	protein_coding	FAM236D
ENSG00000225526.6	protein_coding	MKRN2OS
ENSG00000225528.4	protein_coding	ENSG00000225528
ENSG00000225556.2	protein_coding	C2CD4D
ENSG00000225614.4	protein_coding	ZNF469
ENSG00000225663.8	protein_coding	MCRIP1
ENSG00000225697.13	protein_coding	SLC26A6
ENSG00000225781.2	protein_coding	OR6V1
ENSG00000225805.4	protein_coding	DEFB131B
ENSG00000225828.2	protein_coding	FAM229A
ENSG00000225830.16	protein_coding	ERCC6
ENSG00000225899.8	protein_coding	FRG2B
ENSG00000225921.7	protein_coding	NOL7
ENSG00000225950.9	protein_coding	NTF4
ENSG00000225968.8	protein_coding	ELFN1
ENSG00000225973.4	protein_coding	PIGBOS1
ENSG00000225997.1	protein_coding	OR4A8
ENSG00000226023.6	protein_coding	CT47A6
ENSG00000226124.10	protein_coding	FTCDNL1
ENSG00000226174.7	protein_coding	TEX22
ENSG00000226288.3	protein_coding	OR52I2
ENSG00000226314.9	protein_coding	ZKSCAN8P1
ENSG00000226321.6	protein_coding	CROCC2
ENSG00000226372.4	protein_coding	DCAF8L1
ENSG00000226430.7	protein_coding	USP17L7
ENSG00000226479.4	protein_coding	TMEM185B
ENSG00000226490.2	protein_coding	C8orf90
ENSG00000226600.3	protein_coding	CT47A9
ENSG00000226650.6	protein_coding	KIF4B
ENSG00000226685.4	protein_coding	CT47A12
ENSG00000226690.9	protein_coding	ENSG00000226690
ENSG00000226742.4	protein_coding	HSBP1L1
ENSG00000226761.3	protein_coding	TAS2R46
ENSG00000226763.5	protein_coding	SRRM5
ENSG00000226784.3	protein_coding	PGAM4
ENSG00000226792.8	protein_coding	C13orf42
ENSG00000226807.7	protein_coding	MROH5
ENSG00000226887.8	protein_coding	ERVMER34-1
ENSG00000226929.3	protein_coding	CT47A11
ENSG00000226941.9	protein_coding	RBMY1J
ENSG00000226979.9	protein_coding	LTA
ENSG00000227051.7	protein_coding	C14orf132
ENSG00000227057.10	protein_coding	WDR46
ENSG00000227059.7	protein_coding	ANHX
ENSG00000227124.11	protein_coding	ZNF717
ENSG00000227140.3	protein_coding	USP17L5
ENSG00000227151.4	protein_coding	PRR20D
ENSG00000227152.6	protein_coding	OR2T7
ENSG00000227234.2	protein_coding	SPANXB1
ENSG00000227268.5	protein_coding	KLLN
ENSG00000227345.9	protein_coding	PARG
ENSG00000227471.9	protein_coding	AKR1B15
ENSG00000227488.3	protein_coding	GAGE12D
ENSG00000227500.11	protein_coding	SCAMP4
ENSG00000227507.3	protein_coding	LTB
ENSG00000227551.1	protein_coding	USP17L12
ENSG00000227717.5	protein_coding	GOLGA6L25
ENSG00000227729.5	protein_coding	RD3L
ENSG00000227868.7	protein_coding	TEX46
ENSG00000227877.7	protein_coding	MRLN
ENSG00000228049.8	protein_coding	POLR2J2
ENSG00000228075.5	protein_coding	BOD1L2
ENSG00000228083.3	protein_coding	IFNA14
ENSG00000228144.2	protein_coding	ENSG00000228144
ENSG00000228198.3	protein_coding	OR2M3
ENSG00000228253.1	protein_coding	MT-ATP8
ENSG00000228278.5	protein_coding	ORM2
ENSG00000228300.14	protein_coding	FAM174C
ENSG00000228336.2	protein_coding	OR9H1P
ENSG00000228474.6	protein_coding	OST4
ENSG00000228486.11	protein_coding	C2orf92
ENSG00000228517.3	protein_coding	CT47A7
ENSG00000228567.3	protein_coding	VN1R4
ENSG00000228570.8	protein_coding	NUTM2E
ENSG00000228594.4	protein_coding	FNDC10
ENSG00000228607.3	protein_coding	CLDN25
ENSG00000228623.9	protein_coding	ZNF883
ENSG00000228672.4	protein_coding	PROB1
ENSG00000228696.11	protein_coding	ARL17B
ENSG00000228716.7	protein_coding	DHFR
ENSG00000228727.10	protein_coding	SAPCD1
ENSG00000228789.9	protein_coding	HCG22
ENSG00000228836.9	protein_coding	CT45A5
ENSG00000228856.3	protein_coding	USP17L30
ENSG00000228927.10	protein_coding	TSPY3
ENSG00000229117.9	protein_coding	RPL41
ENSG00000229183.10	protein_coding	PGA4
ENSG00000229292.2	protein_coding	RFPL4AL1
ENSG00000229314.6	protein_coding	ORM1
ENSG00000229453.3	protein_coding	SPINK8
ENSG00000229474.8	protein_coding	PATL2
ENSG00000229544.9	protein_coding	NKX1-2
ENSG00000229549.9	protein_coding	TSPY8
ENSG00000229571.7	protein_coding	PRAMEF25
ENSG00000229579.5	protein_coding	USP17L26
ENSG00000229637.4	protein_coding	PRAC2
ENSG00000229665.8	protein_coding	PRR20C
ENSG00000229674.3	protein_coding	H2AL3
ENSG00000229676.3	protein_coding	ZNF492
ENSG00000229809.9	protein_coding	ZNF688
ENSG00000229833.11	protein_coding	PET100
ENSG00000229859.10	protein_coding	PGA3
ENSG00000229894.5	protein_coding	GK3P
ENSG00000229924.3	protein_coding	FAM90A26
ENSG00000229937.9	protein_coding	PRPS1L1
ENSG00000229972.10	protein_coding	IQCF3
ENSG00000230031.10	protein_coding	POTEB2
ENSG00000230045.4	protein_coding	FAM90A15P
ENSG00000230054.3	protein_coding	TEX53
ENSG00000230062.7	protein_coding	ANKRD66
ENSG00000230124.8	protein_coding	ACBD6
ENSG00000230178.1	protein_coding	OR4F3
ENSG00000230246.9	protein_coding	SPATA31C1
ENSG00000230268.3	protein_coding	SSU72P8
ENSG00000230301.6	protein_coding	OR5H6
ENSG00000230347.5	protein_coding	CT47A8
ENSG00000230358.6	protein_coding	SPDYE21
ENSG00000230430.5	protein_coding	USP17L25
ENSG00000230453.11	protein_coding	ANKRD18B
ENSG00000230522.5	protein_coding	MBD3L2
ENSG00000230549.3	protein_coding	USP17L1
ENSG00000230561.7	protein_coding	CCDC192
ENSG00000230594.3	protein_coding	CT47A4
ENSG00000230601.7	protein_coding	TEX48
ENSG00000230657.8	protein_coding	PRB4
ENSG00000230667.7	protein_coding	SETSIP
ENSG00000230707.3	protein_coding	ENSG00000230707
ENSG00000230778.2	protein_coding	ANKRD63
ENSG00000230797.3	protein_coding	YY2
ENSG00000230873.9	protein_coding	STMND1
ENSG00000230989.8	protein_coding	HSBP1
ENSG00000231051.3	protein_coding	USP17L28
ENSG00000231068.1	protein_coding	KRTAP21-3
ENSG00000231192.3	protein_coding	OR5H1
ENSG00000231213.7	protein_coding	PLSCR5
ENSG00000231256.8	protein_coding	CFAP97D1
ENSG00000231274.5	protein_coding	SBK3
ENSG00000231389.8	protein_coding	HLA-DPA1
ENSG00000231396.3	protein_coding	USP17L10
ENSG00000231500.7	protein_coding	RPS18
ENSG00000231637.3	protein_coding	USP17L29
ENSG00000231738.11	protein_coding	TSPAN19
ENSG00000231824.4	protein_coding	AKAIN1
ENSG00000231852.9	protein_coding	CYP21A2
ENSG00000231861.3	protein_coding	OR5K2
ENSG00000231887.9	protein_coding	PRH1
ENSG00000231924.10	protein_coding	PSG1
ENSG00000231925.14	protein_coding	TAPBP
ENSG00000231989.5	protein_coding	PPP1R2B
ENSG00000232030.4	protein_coding	MAGEB6B
ENSG00000232040.4	protein_coding	ZBED9
ENSG00000232070.9	protein_coding	TMEM253
ENSG00000232112.3	protein_coding	TMA7
ENSG00000232113.3	protein_coding	TEX50
ENSG00000232119.8	protein_coding	MCTS1
ENSG00000232125.5	protein_coding	DYTN
ENSG00000232237.5	protein_coding	ASCL5
ENSG00000232258.7	protein_coding	TMEM114
ENSG00000232263.1	protein_coding	KRTAP25-1
ENSG00000232264.5	protein_coding	USP17L24
ENSG00000232268.7	protein_coding	OR52I1
ENSG00000232382.2	protein_coding	OR5K1
ENSG00000232388.5	protein_coding	SMIM26
ENSG00000232399.4	protein_coding	USP17L13
ENSG00000232423.6	protein_coding	PRAMEF6
ENSG00000232434.3	protein_coding	AJM1
ENSG00000232535.2	protein_coding	OR5H8
ENSG00000232593.8	protein_coding	KANTR
ENSG00000232629.9	protein_coding	HLA-DQB2
ENSG00000232653.9	protein_coding	GOLGA8N
ENSG00000232810.5	protein_coding	TNF
ENSG00000232838.4	protein_coding	PET117
ENSG00000232859.10	protein_coding	LYRM9
ENSG00000232948.1	protein_coding	DEFB130A
ENSG00000233024.7	protein_coding	NPIPA9
ENSG00000233041.8	protein_coding	PHGR1
ENSG00000233050.1	protein_coding	DEFB130B
ENSG00000233056.4	protein_coding	ERVH48-1
ENSG00000233087.8	protein_coding	RAB6D
ENSG00000233115.4	protein_coding	FAM90A11P
ENSG00000233132.4	protein_coding	FAM90A3P
ENSG00000233136.3	protein_coding	USP17L11
ENSG00000233198.4	protein_coding	RNF224
ENSG00000233232.8	protein_coding	NPIPB7
ENSG00000233276.9	protein_coding	GPX1
ENSG00000233295.3	protein_coding	FAM90A20P
ENSG00000233381.4	protein_coding	AK4P3
ENSG00000233412.6	protein_coding	OR5H15
ENSG00000233436.8	protein_coding	BTBD18
ENSG00000233493.4	protein_coding	TMEM238
ENSG00000233608.4	protein_coding	TWIST2
ENSG00000233670.7	protein_coding	PIRT
ENSG00000233701.3	protein_coding	PRR23C
ENSG00000233757.7	protein_coding	ENSG00000233757
ENSG00000233802.8	protein_coding	TRIM49D2
ENSG00000233803.9	protein_coding	TSPY4
ENSG00000233816.4	protein_coding	IFNA13
ENSG00000233822.6	protein_coding	H2BC15
ENSG00000233917.9	protein_coding	POTEB
ENSG00000233927.5	protein_coding	RPS28
ENSG00000233932.6	protein_coding	CTXN2
ENSG00000233954.7	protein_coding	UQCRHL
ENSG00000234068.7	protein_coding	PAGE2
ENSG00000234127.9	protein_coding	TRIM26
ENSG00000234186.5	protein_coding	C16orf82
ENSG00000234224.3	protein_coding	TMEM229A
ENSG00000234278.3	protein_coding	PRR20E
ENSG00000234284.7	protein_coding	ZNF879
ENSG00000234289.6	protein_coding	H2BC12L
ENSG00000234409.7	protein_coding	CCDC188
ENSG00000234414.8	protein_coding	RBMY1A1
ENSG00000234438.5	protein_coding	KBTBD13
ENSG00000234444.10	protein_coding	ZNF736
ENSG00000234465.11	protein_coding	PINLYP
ENSG00000234469.4	protein_coding	CLDN34
ENSG00000234511.11	protein_coding	C5orf58
ENSG00000234545.8	protein_coding	FAM133B
ENSG00000234560.5	protein_coding	OR10G8
ENSG00000234602.9	protein_coding	MCIDAS
ENSG00000234616.9	protein_coding	JRK
ENSG00000234719.9	protein_coding	NPIPB2
ENSG00000234745.14	protein_coding	HLA-B
ENSG00000234776.5	protein_coding	C11orf94
ENSG00000234828.9	protein_coding	IQCM
ENSG00000234829.4	protein_coding	IFNA17
ENSG00000234857.2	protein_coding	HNRNPUL2-BSCL2
ENSG00000234906.11	protein_coding	APOC2
ENSG00000234965.3	protein_coding	SHISA8
ENSG00000235007.3	protein_coding	ENSG00000235007
ENSG00000235034.7	protein_coding	C19orf81
ENSG00000235098.9	protein_coding	ANKRD65
ENSG00000235106.10	protein_coding	BRD3OS
ENSG00000235109.8	protein_coding	ZSCAN31
ENSG00000235118.9	protein_coding	FAM237A
ENSG00000235162.9	protein_coding	C12orf75
ENSG00000235169.11	protein_coding	SMIM1
ENSG00000235173.7	protein_coding	HGH1
ENSG00000235194.9	protein_coding	PPP1R3E
ENSG00000235268.2	protein_coding	KDM4E
ENSG00000235272.3	protein_coding	RAMACL
ENSG00000235376.5	protein_coding	RPEL1
ENSG00000235387.5	protein_coding	SPAAR
ENSG00000235453.12	protein_coding	SMIM27
ENSG00000235568.7	protein_coding	NFAM1
ENSG00000235608.2	protein_coding	NKX1-1
ENSG00000235631.2	protein_coding	RNF148
ENSG00000235699.3	protein_coding	CXorf51B
ENSG00000235711.5	protein_coding	ANKRD34C
ENSG00000235718.9	protein_coding	MFRP
ENSG00000235750.10	protein_coding	KIAA0040
ENSG00000235780.3	protein_coding	USP17L27
ENSG00000235863.4	protein_coding	B3GALT4
ENSG00000235942.3	protein_coding	LCE6A
ENSG00000235961.6	protein_coding	PNMA6A
ENSG00000236027.3	protein_coding	PATE3
ENSG00000236032.3	protein_coding	OR5H14
ENSG00000236104.3	protein_coding	ZBTB22
ENSG00000236125.3	protein_coding	USP17L4
ENSG00000236126.3	protein_coding	CT47A3
ENSG00000236279.7	protein_coding	CLEC2L
ENSG00000236287.8	protein_coding	ZBED5
ENSG00000236320.4	protein_coding	SLFN14
ENSG00000236334.3	protein_coding	PPIAL4G
ENSG00000236362.9	protein_coding	GAGE12F
ENSG00000236371.6	protein_coding	CT47A1
ENSG00000236383.9	protein_coding	CCDC200
ENSG00000236396.8	protein_coding	SLC35G4
ENSG00000236398.2	protein_coding	TAS2R39
ENSG00000236424.7	protein_coding	TSPY10
ENSG00000236444.5	protein_coding	UBE2L5
ENSG00000236446.4	protein_coding	CT47B1
ENSG00000236543.3	protein_coding	ENSG00000236543
ENSG00000236609.4	protein_coding	ZNF853
ENSG00000236637.5	protein_coding	IFNA4
ENSG00000236699.9	protein_coding	ARHGEF38
ENSG00000236737.1	protein_coding	GAGE12B
ENSG00000236761.6	protein_coding	CTAGE9
ENSG00000236782.8	protein_coding	ZNF593OS
ENSG00000236980.10	protein_coding	C3orf84
ENSG00000236981.1	protein_coding	OR10G9
ENSG00000237038.5	protein_coding	USP17L8
ENSG00000237110.3	protein_coding	TAAR9
ENSG00000237136.8	protein_coding	C4orf51
ENSG00000237172.4	protein_coding	B3GNT9
ENSG00000237190.4	protein_coding	CDKN2AIPNL
ENSG00000237247.6	protein_coding	MBD3L5
ENSG00000237289.10	protein_coding	CKMT1B
ENSG00000237330.3	protein_coding	RNF223
ENSG00000237353.7	protein_coding	PATE4
ENSG00000237378.3	protein_coding	ENSG00000237378
ENSG00000237388.3	protein_coding	OR4A47
ENSG00000237412.7	protein_coding	PRSS56
ENSG00000237440.9	protein_coding	ZNF737
ENSG00000237441.10	protein_coding	RGL2
ENSG00000237452.3	protein_coding	MEIOSIN
ENSG00000237489.5	protein_coding	C10orf143
ENSG00000237515.9	protein_coding	SHISA9
ENSG00000237521.4	protein_coding	OR7E24
ENSG00000237524.11	protein_coding	TEX51
ENSG00000237541.4	protein_coding	HLA-DQA2
ENSG00000237621.4	protein_coding	OR9A1P
ENSG00000237649.8	protein_coding	KIFC1
ENSG00000237651.8	protein_coding	C2orf74
ENSG00000237671.4	protein_coding	GAGE12C
ENSG00000237693.5	protein_coding	IRGM
ENSG00000237700.2	protein_coding	PRAMEF33
ENSG00000237763.10	protein_coding	AMY1A
ENSG00000237765.8	protein_coding	FAM200B
ENSG00000237850.8	protein_coding	GOLGA6L24
ENSG00000237957.6	protein_coding	CT47A5
ENSG00000237988.6	protein_coding	OR2I1P
ENSG00000238074.6	protein_coding	TSPY9
ENSG00000238083.10	protein_coding	LRRC37A2
ENSG00000238205.4	protein_coding	MPC1L
ENSG00000238210.4	protein_coding	ETDA
ENSG00000238227.8	protein_coding	TMEM250
ENSG00000238243.3	protein_coding	OR2W3
ENSG00000238269.9	protein_coding	PAGE2B
ENSG00000239264.9	protein_coding	TXNDC5
ENSG00000239282.8	protein_coding	CASTOR1
ENSG00000239305.7	protein_coding	RNF103
ENSG00000239306.5	protein_coding	RBM14
ENSG00000239382.11	protein_coding	ALKBH6
ENSG00000239388.9	protein_coding	ASB14
ENSG00000239389.8	protein_coding	PCDHA13
ENSG00000239395.2	protein_coding	ENSG00000239395
ENSG00000239474.7	protein_coding	KLHL41
ENSG00000239590.1	protein_coding	OR1J4
ENSG00000239605.11	protein_coding	STPG4
ENSG00000239620.3	protein_coding	PRR20G
ENSG00000239642.6	protein_coding	MEIKIN
ENSG00000239672.8	protein_coding	NME1
ENSG00000239697.12	protein_coding	TNFSF12
ENSG00000239704.12	protein_coding	CDRT4
ENSG00000239713.9	protein_coding	APOBEC3G
ENSG00000239732.4	protein_coding	TLR9
ENSG00000239779.7	protein_coding	WBP1
ENSG00000239789.6	protein_coding	MRPS17
ENSG00000239810.3	protein_coding	PRAMEF11
ENSG00000239839.7	protein_coding	DEFA3
ENSG00000239857.7	protein_coding	GET4
ENSG00000239886.5	protein_coding	KRTAP9-2
ENSG00000239887.6	protein_coding	C1orf226
ENSG00000239900.14	protein_coding	ADSL
ENSG00000239920.2	protein_coding	ENSG00000239920
ENSG00000239961.3	protein_coding	LILRA4
ENSG00000239998.7	protein_coding	LILRA2
ENSG00000240021.10	protein_coding	TEX35
ENSG00000240038.7	protein_coding	AMY2B
ENSG00000240045.2	protein_coding	STRIT1
ENSG00000240053.9	protein_coding	LY6G5B
ENSG00000240065.8	protein_coding	PSMB9
ENSG00000240184.7	protein_coding	PCDHGC3
ENSG00000240204.3	protein_coding	SMKR1
ENSG00000240230.6	protein_coding	COX19
ENSG00000240247.8	protein_coding	DEFA1B
ENSG00000240303.8	protein_coding	ACAD11
ENSG00000240344.10	protein_coding	PPIL3
ENSG00000240386.4	protein_coding	LCE1F
ENSG00000240403.5	protein_coding	KIR3DL2
ENSG00000240432.4	protein_coding	KRTAP13-3
ENSG00000240445.6	protein_coding	FOXO3B
ENSG00000240505.9	protein_coding	TNFRSF13B
ENSG00000240542.5	protein_coding	KRTAP9-1
ENSG00000240563.2	protein_coding	L1TD1
ENSG00000240583.14	protein_coding	AQP1
ENSG00000240654.6	protein_coding	C1QTNF9
ENSG00000240682.10	protein_coding	ISY1
ENSG00000240694.9	protein_coding	PNMA2
ENSG00000240720.10	protein_coding	LRRD1
ENSG00000240747.9	protein_coding	KRBOX1
ENSG00000240764.4	protein_coding	PCDHGC5
ENSG00000240771.8	protein_coding	ARHGEF25
ENSG00000240849.11	protein_coding	PEDS1
ENSG00000240857.2	protein_coding	RDH14
ENSG00000240871.7	protein_coding	KRTAP4-7
ENSG00000240891.8	protein_coding	PLCXD2
ENSG00000240972.2	protein_coding	MIF
ENSG00000241058.4	protein_coding	NSUN6
ENSG00000241106.8	protein_coding	HLA-DOB
ENSG00000241119.2	protein_coding	UGT1A9
ENSG00000241123.1	protein_coding	KRTAP10-5
ENSG00000241127.8	protein_coding	YAE1
ENSG00000241128.3	protein_coding	OR14A2
ENSG00000241149.4	protein_coding	ZNF722
ENSG00000241186.10	protein_coding	TDGF1
ENSG00000241224.8	protein_coding	C3orf85
ENSG00000241233.4	protein_coding	KRTAP5-8
ENSG00000241241.1	protein_coding	KRTAP4-16
ENSG00000241258.7	protein_coding	CRCP
ENSG00000241322.11	protein_coding	FBXW10B
ENSG00000241343.10	protein_coding	RPL36A
ENSG00000241356.2	protein_coding	OR5G3
ENSG00000241360.2	protein_coding	PDXP
ENSG00000241370.6	protein_coding	RPP21
ENSG00000241399.7	protein_coding	CD302
ENSG00000241404.7	protein_coding	EGFL8
ENSG00000241468.8	protein_coding	ATP5MF
ENSG00000241476.9	protein_coding	SSX2
ENSG00000241484.10	protein_coding	ARHGAP8
ENSG00000241489.8	protein_coding	ENSG00000241489
ENSG00000241553.13	protein_coding	ARPC4
ENSG00000241563.4	protein_coding	CORT
ENSG00000241595.2	protein_coding	KRTAP9-4
ENSG00000241598.6	protein_coding	KRTAP5-4
ENSG00000241635.8	protein_coding	UGT1A1
ENSG00000241644.2	protein_coding	INMT
ENSG00000241685.10	protein_coding	ARPC1A
ENSG00000241690.3	protein_coding	ENSG00000241690
ENSG00000241697.5	protein_coding	TMEFF1
ENSG00000241794.2	protein_coding	SPRR2A
ENSG00000241837.7	protein_coding	ATP5PO
ENSG00000241839.10	protein_coding	PLEKHO2
ENSG00000241852.11	protein_coding	C8orf58
ENSG00000241878.12	protein_coding	PISD
ENSG00000241935.9	protein_coding	HOGA1
ENSG00000241945.8	protein_coding	PWP2
ENSG00000241962.9	protein_coding	ENSG00000241962
ENSG00000241973.11	protein_coding	PI4KA
ENSG00000242019.2	protein_coding	KIR3DL3
ENSG00000242028.8	protein_coding	HYPK
ENSG00000242110.9	protein_coding	AMACR
ENSG00000242114.6	protein_coding	MTFP1
ENSG00000242120.4	protein_coding	MDFIC2
ENSG00000242173.10	protein_coding	ARHGDIG
ENSG00000242220.9	protein_coding	TCP10L
ENSG00000242221.9	protein_coding	PSG2
ENSG00000242247.11	protein_coding	ARFGAP3
ENSG00000242252.2	protein_coding	BGLAP
ENSG00000242259.9	protein_coding	C22orf39
ENSG00000242265.6	protein_coding	PEG10
ENSG00000242362.2	protein_coding	CT47A2
ENSG00000242366.4	protein_coding	UGT1A8
ENSG00000242372.9	protein_coding	EIF6
ENSG00000242389.9	protein_coding	RBMY1E
ENSG00000242419.6	protein_coding	PCDHGC4
ENSG00000242441.8	protein_coding	GTF2A1L
ENSG00000242485.6	protein_coding	MRPL20
ENSG00000242498.8	protein_coding	ARPIN
ENSG00000242515.6	protein_coding	UGT1A10
ENSG00000242550.7	protein_coding	SERPINB10
ENSG00000242574.9	protein_coding	HLA-DMB
ENSG00000242612.7	protein_coding	DECR2
ENSG00000242616.4	protein_coding	GNG10
ENSG00000242689.3	protein_coding	CNTF
ENSG00000242715.8	protein_coding	CCDC169
ENSG00000242732.6	protein_coding	RTL5
ENSG00000242802.9	protein_coding	AP5Z1
ENSG00000242852.7	protein_coding	ZNF709
ENSG00000242866.10	protein_coding	STRC
ENSG00000242875.7	protein_coding	RBMY1B
ENSG00000242950.7	protein_coding	ERVW-1
ENSG00000243056.2	protein_coding	EIF4EBP3
ENSG00000243073.4	protein_coding	PRAMEF4
ENSG00000243130.8	protein_coding	PSG11
ENSG00000243137.8	protein_coding	PSG4
ENSG00000243147.8	protein_coding	MRPL33
ENSG00000243156.9	protein_coding	MICAL3
ENSG00000243207.6	protein_coding	PPAN-P2RY11
ENSG00000243232.6	protein_coding	PCDHAC2
ENSG00000243244.7	protein_coding	STON1
ENSG00000243279.4	protein_coding	PRAF2
ENSG00000243284.1	protein_coding	VSIG8
ENSG00000243317.8	protein_coding	STMP1
ENSG00000243335.10	protein_coding	KCTD7
ENSG00000243364.8	protein_coding	EFNA4
ENSG00000243414.6	protein_coding	TICAM2
ENSG00000243449.8	protein_coding	C4orf48
ENSG00000243477.6	protein_coding	NAA80
ENSG00000243480.8	protein_coding	AMY2A
ENSG00000243489.4	protein_coding	KRTAP10-11
ENSG00000243501.5	protein_coding	ENSG00000243501
ENSG00000243509.6	protein_coding	TNFRSF6B
ENSG00000243543.10	protein_coding	WFDC6
ENSG00000243566.7	protein_coding	UPK3B
ENSG00000243627.5	protein_coding	SMIM34
ENSG00000243641.3	protein_coding	OR13C7
ENSG00000243646.11	protein_coding	IL10RB
ENSG00000243649.10	protein_coding	CFB
ENSG00000243660.12	protein_coding	ZNF487
ENSG00000243667.7	protein_coding	DNAAF10
ENSG00000243678.12	protein_coding	NME2
ENSG00000243696.5	protein_coding	ENSG00000243696
ENSG00000243708.11	protein_coding	PLA2G4B
ENSG00000243709.1	protein_coding	LEFTY1
ENSG00000243710.8	protein_coding	CFAP57
ENSG00000243716.12	protein_coding	NPIPB5
ENSG00000243725.7	protein_coding	TTC4
ENSG00000243729.5	protein_coding	OR5V1
ENSG00000243749.2	protein_coding	TMEM35B
ENSG00000243772.8	protein_coding	KIR2DL3
ENSG00000243789.11	protein_coding	JMJD7
ENSG00000243811.12	protein_coding	APOBEC3D
ENSG00000243896.4	protein_coding	OR2A7
ENSG00000243910.8	protein_coding	TUBA4B
ENSG00000243927.6	protein_coding	MRPS6
ENSG00000243943.10	protein_coding	ZNF512
ENSG00000243955.6	protein_coding	GSTA1
ENSG00000243978.9	protein_coding	RTL9
ENSG00000243989.9	protein_coding	ACY1
ENSG00000244005.13	protein_coding	NFS1
ENSG00000244020.3	protein_coding	MT1HL1
ENSG00000244025.5	protein_coding	KRTAP19-3
ENSG00000244038.11	protein_coding	DDOST
ENSG00000244045.13	protein_coding	TMEM199
ENSG00000244057.5	protein_coding	LCE3C
ENSG00000244067.3	protein_coding	GSTA2
ENSG00000244094.2	protein_coding	SPRR2F
ENSG00000244115.1	protein_coding	DNAJC25-GNG10
ENSG00000244122.3	protein_coding	UGT1A7
ENSG00000244165.2	protein_coding	P2RY11
ENSG00000244187.8	protein_coding	TMEM141
ENSG00000244219.7	protein_coding	TMEM225B
ENSG00000244234.3	protein_coding	GMCL2
ENSG00000244242.2	protein_coding	IFITM10
ENSG00000244255.5	protein_coding	ENSG00000244255
ENSG00000244274.9	protein_coding	DBNDD2
ENSG00000244355.8	protein_coding	LY6G6D
ENSG00000244362.3	protein_coding	KRTAP19-7
ENSG00000244395.6	protein_coding	RBMY1D
ENSG00000244405.8	protein_coding	ETV5
ENSG00000244411.4	protein_coding	KRTAP5-7
ENSG00000244414.8	protein_coding	CFHR1
ENSG00000244462.8	protein_coding	RBM12
ENSG00000244474.6	protein_coding	UGT1A4
ENSG00000244476.3	protein_coding	ERVFRD-1
ENSG00000244482.10	protein_coding	LILRA6
ENSG00000244486.9	protein_coding	SCARF2
ENSG00000244509.4	protein_coding	APOBEC3C
ENSG00000244537.3	protein_coding	KRTAP4-2
ENSG00000244588.6	protein_coding	RAD21L1
ENSG00000244607.7	protein_coding	CCDC13
ENSG00000244617.3	protein_coding	ASPRV1
ENSG00000244623.2	protein_coding	OR2AE1
ENSG00000244624.3	protein_coding	KRTAP20-1
ENSG00000244682.8	protein_coding	FCGR2C
ENSG00000244687.13	protein_coding	UBE2V1
ENSG00000244694.8	protein_coding	PTCHD4
ENSG00000244731.10	protein_coding	C4A
ENSG00000244734.4	protein_coding	HBB
ENSG00000244752.3	protein_coding	CRYBB2
ENSG00000244754.9	protein_coding	N4BP2L2
ENSG00000245680.11	protein_coding	ZNF585B
ENSG00000245848.3	protein_coding	CEBPA
ENSG00000246705.5	protein_coding	H2AJ
ENSG00000246922.10	protein_coding	UBAP1L
ENSG00000247077.8	protein_coding	PGAM5
ENSG00000247315.4	protein_coding	ZCCHC3
ENSG00000247595.5	protein_coding	SPTY2D1OS
ENSG00000247596.10	protein_coding	TWF2
ENSG00000247626.5	protein_coding	MARS2
ENSG00000247746.5	protein_coding	USP51
ENSG00000248098.12	protein_coding	BCKDHA
ENSG00000248099.4	protein_coding	INSL3
ENSG00000248109.3	protein_coding	MARCOL
ENSG00000248144.6	protein_coding	ADH1C
ENSG00000248167.7	protein_coding	TRIM39-RPP21
ENSG00000248235.6	protein_coding	ENSG00000248235
ENSG00000248329.6	protein_coding	APELA
ENSG00000248333.9	protein_coding	CDK11B
ENSG00000248383.5	protein_coding	PCDHAC1
ENSG00000248385.8	protein_coding	TARM1
ENSG00000248405.10	protein_coding	PRR5-ARHGAP8
ENSG00000248483.7	protein_coding	POU5F2
ENSG00000248485.2	protein_coding	PCP4L1
ENSG00000248487.10	protein_coding	ABHD14A
ENSG00000248592.7	protein_coding	STIMATE-MUSTN1
ENSG00000248643.5	protein_coding	RBM14-RBM4
ENSG00000248672.5	protein_coding	LY75-CD302
ENSG00000248710.1	protein_coding	ENSG00000248710
ENSG00000248712.8	protein_coding	CCDC153
ENSG00000248713.2	protein_coding	C4orf54
ENSG00000248746.6	protein_coding	ACTN3
ENSG00000248751.6	protein_coding	ENSG00000248751
ENSG00000248767.2	protein_coding	FOXL3
ENSG00000248771.5	protein_coding	SMIM31
ENSG00000248871.1	protein_coding	TNFSF12-TNFSF13
ENSG00000248905.10	protein_coding	FMN1
ENSG00000248919.7	protein_coding	ATP5MF-PTCD1
ENSG00000248920.3	protein_coding	USP17L19
ENSG00000248933.3	protein_coding	USP17L22
ENSG00000248993.1	protein_coding	ENSG00000248993
ENSG00000249104.3	protein_coding	USP17L17
ENSG00000249115.9	protein_coding	HAUS5
ENSG00000249139.2	protein_coding	EPPIN-WFDC6
ENSG00000249141.1	protein_coding	ENSG00000249141
ENSG00000249156.2	protein_coding	TAF11L12
ENSG00000249158.7	protein_coding	PCDHA11
ENSG00000249209.2	protein_coding	ENSG00000249209
ENSG00000249222.1	protein_coding	ATP5MGL
ENSG00000249240.2	protein_coding	ENSG00000249240
ENSG00000249242.8	protein_coding	TMEM150C
ENSG00000249319.2	protein_coding	ENSG00000249319
ENSG00000249437.8	protein_coding	NAIP
ENSG00000249467.2	protein_coding	H2AL1Q
ENSG00000249471.8	protein_coding	ZNF324B
ENSG00000249481.7	protein_coding	SPATS1
ENSG00000249581.2	protein_coding	CLRN2
ENSG00000249590.7	protein_coding	ENSG00000249590
ENSG00000249624.10	protein_coding	ENSG00000249624
ENSG00000249662.6	protein_coding	LINC02218
ENSG00000249693.3	protein_coding	THEGL
ENSG00000249709.8	protein_coding	ZNF564
ENSG00000249715.13	protein_coding	FER1L5
ENSG00000249730.1	protein_coding	OR10J4
ENSG00000249751.4	protein_coding	ECSCR
ENSG00000249773.3	protein_coding	ENSG00000249773
ENSG00000249811.3	protein_coding	USP17L21
ENSG00000249853.9	protein_coding	HS3ST5
ENSG00000249861.4	protein_coding	LGALS16
ENSG00000249884.8	protein_coding	RNF103-CHMP3
ENSG00000249915.9	protein_coding	PDCD6
ENSG00000249931.5	protein_coding	GOLGA8K
ENSG00000249948.7	protein_coding	GBA3
ENSG00000249961.10	protein_coding	TERB1
ENSG00000249967.1	protein_coding	ENSG00000249967
ENSG00000249992.2	protein_coding	TMEM158
ENSG00000250021.7	protein_coding	ARPIN-AP3S2
ENSG00000250067.12	protein_coding	YJEFN3
ENSG00000250120.8	protein_coding	PCDHA10
ENSG00000250151.9	protein_coding	ARPC4-TTLL3
ENSG00000250254.2	protein_coding	PTTG2
ENSG00000250264.1	protein_coding	ENSG00000250264
ENSG00000250298.6	protein_coding	GIMD1
ENSG00000250305.9	protein_coding	TRMT9B
ENSG00000250312.8	protein_coding	ZNF718
ENSG00000250317.9	protein_coding	SMIM20
ENSG00000250349.3	protein_coding	ENSG00000250349
ENSG00000250361.9	protein_coding	GYPB
ENSG00000250366.4	protein_coding	TUNAR
ENSG00000250374.5	protein_coding	TRIM75
ENSG00000250423.3	protein_coding	KIAA1210
ENSG00000250424.4	protein_coding	ENSG00000250424
ENSG00000250479.9	protein_coding	CHCHD10
ENSG00000250506.9	protein_coding	CDK3
ENSG00000250510.8	protein_coding	GPR162
ENSG00000250565.7	protein_coding	ATP6V1E2
ENSG00000250571.7	protein_coding	GLI4
ENSG00000250641.1	protein_coding	LY6G6F-LY6G6D
ENSG00000250644.3	protein_coding	ENSG00000250644
ENSG00000250673.3	protein_coding	REELD1
ENSG00000250709.1	protein_coding	CCDC169-SOHLH2
ENSG00000250719.2	protein_coding	P3R3URF
ENSG00000250722.6	protein_coding	SELENOP
ENSG00000250741.6	protein_coding	NT5C1B-RDH14
ENSG00000250745.3	protein_coding	USP17L20
ENSG00000250782.1	protein_coding	TAF11L14
ENSG00000250799.11	protein_coding	PRODH2
ENSG00000250803.7	protein_coding	ENSG00000250803
ENSG00000250821.3	protein_coding	EXOC1L
ENSG00000250844.3	protein_coding	USP17L18
ENSG00000250913.2	protein_coding	USP17L23
ENSG00000251012.2	protein_coding	ENSG00000251012
ENSG00000251154.2	protein_coding	PTTG1IP2
ENSG00000251184.1	protein_coding	ENSG00000251184
ENSG00000251192.8	protein_coding	ZNF674
ENSG00000251201.8	protein_coding	TMED7-TICAM2
ENSG00000251246.1	protein_coding	EFNA4-EFNA3
ENSG00000251247.13	protein_coding	ZNF345
ENSG00000251258.2	protein_coding	RFPL4B
ENSG00000251287.9	protein_coding	ALG1L2
ENSG00000251322.11	protein_coding	SHANK3
ENSG00000251349.3	protein_coding	MSANTD3-TMEFF1
ENSG00000251357.4	protein_coding	ENSG00000251357
ENSG00000251369.10	protein_coding	ZNF550
ENSG00000251380.3	protein_coding	DCANP1
ENSG00000251493.5	protein_coding	FOXD1
ENSG00000251503.8	protein_coding	CENPS-CORT
ENSG00000251537.4	protein_coding	ENSG00000251537
ENSG00000251569.1	protein_coding	ENSG00000251569
ENSG00000251608.2	protein_coding	OR12D1
ENSG00000251655.7	protein_coding	PRB1
ENSG00000251664.5	protein_coding	PCDHA12
ENSG00000251692.8	protein_coding	PTX4
ENSG00000253117.5	protein_coding	OC90
ENSG00000253148.1	protein_coding	RGS21
ENSG00000253159.3	protein_coding	PCDHGA12
ENSG00000253250.3	protein_coding	C8orf88
ENSG00000253251.3	protein_coding	SHLD3
ENSG00000253276.5	protein_coding	CCDC71L
ENSG00000253293.6	protein_coding	HOXA10
ENSG00000253304.2	protein_coding	TMEM200B
ENSG00000253305.3	protein_coding	PCDHGB6
ENSG00000253309.7	protein_coding	SERPINE3
ENSG00000253313.6	protein_coding	C1orf210
ENSG00000253352.10	protein_coding	TUG1
ENSG00000253368.4	protein_coding	TRNP1
ENSG00000253457.3	protein_coding	SMIM18
ENSG00000253485.3	protein_coding	PCDHGA5
ENSG00000253506.3	protein_coding	NACA2
ENSG00000253537.3	protein_coding	PCDHGA7
ENSG00000253548.1	protein_coding	PYDC2
ENSG00000253598.3	protein_coding	SLC10A5
ENSG00000253626.4	protein_coding	EIF5AL1
ENSG00000253649.5	protein_coding	PRSS51
ENSG00000253710.5	protein_coding	ALG11
ENSG00000253719.4	protein_coding	ATXN7L3B
ENSG00000253729.9	protein_coding	PRKDC
ENSG00000253731.3	protein_coding	PCDHGA6
ENSG00000253767.3	protein_coding	PCDHGA8
ENSG00000253797.2	protein_coding	UTP14C
ENSG00000253831.3	protein_coding	ETV3L
ENSG00000253846.3	protein_coding	PCDHGA10
ENSG00000253873.6	protein_coding	PCDHGA11
ENSG00000253910.3	protein_coding	PCDHGB2
ENSG00000253953.3	protein_coding	PCDHGB4
ENSG00000253958.2	protein_coding	CLDN23
ENSG00000254004.7	protein_coding	ZNF260
ENSG00000254087.8	protein_coding	LYN
ENSG00000254093.9	protein_coding	PINX1
ENSG00000254122.3	protein_coding	PCDHGB7
ENSG00000254126.8	protein_coding	CD8B2
ENSG00000254206.6	protein_coding	NPIPB11
ENSG00000254221.3	protein_coding	PCDHGB1
ENSG00000254229.3	protein_coding	FAM90A12P
ENSG00000254245.3	protein_coding	PCDHGA3
ENSG00000254402.7	protein_coding	LRRC24
ENSG00000254413.8	protein_coding	CHKB-CPT1B
ENSG00000254415.4	protein_coding	SIGLEC14
ENSG00000254440.3	protein_coding	PBOV1
ENSG00000254445.1	protein_coding	HSPB2-C11orf52
ENSG00000254466.2	protein_coding	OR4D10
ENSG00000254469.11	protein_coding	XNDC1N
ENSG00000254470.3	protein_coding	AP5B1
ENSG00000254505.11	protein_coding	CHMP4A
ENSG00000254521.7	protein_coding	SIGLEC12
ENSG00000254535.4	protein_coding	PABPC4L
ENSG00000254536.2	protein_coding	ENSG00000254536
ENSG00000254550.1	protein_coding	OMP
ENSG00000254553.1	protein_coding	ENSG00000254553
ENSG00000254585.5	protein_coding	MAGEL2
ENSG00000254598.3	protein_coding	CSNK2A3
ENSG00000254636.1	protein_coding	ARMS2
ENSG00000254647.7	protein_coding	INS
ENSG00000254656.3	protein_coding	RTL1
ENSG00000254658.3	protein_coding	OR8J2
ENSG00000254673.1	protein_coding	ENSG00000254673
ENSG00000254685.8	protein_coding	FPGT
ENSG00000254692.1	protein_coding	ENSG00000254692
ENSG00000254706.3	protein_coding	ENSG00000254706
ENSG00000254709.8	protein_coding	IGLL5
ENSG00000254726.3	protein_coding	MEX3A
ENSG00000254732.2	protein_coding	ENSG00000254732
ENSG00000254737.3	protein_coding	OR10G4
ENSG00000254772.10	protein_coding	EEF1G
ENSG00000254788.7	protein_coding	CKLF-CMTM1
ENSG00000254806.5	protein_coding	SYS1-DBNDD2
ENSG00000254834.5	protein_coding	OR5M10
ENSG00000254852.9	protein_coding	NPIPA2
ENSG00000254858.10	protein_coding	MPV17L2
ENSG00000254870.5	protein_coding	ATP6V1G2-DDX39B
ENSG00000254901.8	protein_coding	BORCS8
ENSG00000254959.6	protein_coding	INMT-MINDY4
ENSG00000254979.5	protein_coding	ENSG00000254979
ENSG00000254986.8	protein_coding	DPP3
ENSG00000254995.4	protein_coding	STX16-NPEPL1
ENSG00000254996.5	protein_coding	ANKHD1-EIF4EBP3
ENSG00000254997.4	protein_coding	KRTAP5-9
ENSG00000254999.4	protein_coding	BRK1
ENSG00000255009.4	protein_coding	UBTFL1
ENSG00000255012.3	protein_coding	OR5M1
ENSG00000255054.3	protein_coding	ENSG00000255054
ENSG00000255071.3	protein_coding	SAA2-SAA4
ENSG00000255072.2	protein_coding	PIGY
ENSG00000255073.8	protein_coding	ZFP91-CNTF
ENSG00000255104.9	protein_coding	ZNF286A-TBC1D26
ENSG00000255112.3	protein_coding	CHMP1B
ENSG00000255150.2	protein_coding	EID3
ENSG00000255151.2	protein_coding	GLYATL1B
ENSG00000255152.8	protein_coding	MSH5-SAPCD1
ENSG00000255154.9	protein_coding	HTD2
ENSG00000255181.3	protein_coding	CCDC166
ENSG00000255192.6	protein_coding	NANOGP8
ENSG00000255223.5	protein_coding	OR5M11
ENSG00000255245.4	protein_coding	FXYD6-FXYD2
ENSG00000255251.2	protein_coding	PRR23D1
ENSG00000255274.10	protein_coding	SMIM35
ENSG00000255292.9	protein_coding	ENSG00000255292
ENSG00000255298.5	protein_coding	OR8G5
ENSG00000255302.5	protein_coding	EID1
ENSG00000255307.2	protein_coding	OR52B2
ENSG00000255330.9	protein_coding	ENSG00000255330
ENSG00000255339.6	protein_coding	ENSG00000255339
ENSG00000255346.11	protein_coding	NOX5
ENSG00000255359.3	protein_coding	CCDC179
ENSG00000255374.3	protein_coding	TAS2R43
ENSG00000255378.1	protein_coding	PRR23D2
ENSG00000255393.2	protein_coding	OOSP4B
ENSG00000255398.3	protein_coding	HCAR3
ENSG00000255408.4	protein_coding	PCDHA3
ENSG00000255423.1	protein_coding	EBLN2
ENSG00000255425.6	protein_coding	OR8G3P
ENSG00000255432.1	protein_coding	ENSG00000255432
ENSG00000255439.6	protein_coding	ENSG00000255439
ENSG00000255501.3	protein_coding	CARD18
ENSG00000255508.7	protein_coding	ENSG00000255508
ENSG00000255524.8	protein_coding	NPIPB8
ENSG00000255526.6	protein_coding	NEDD8-MDP1
ENSG00000255529.9	protein_coding	POLR2M
ENSG00000255561.7	protein_coding	FDXACB1
ENSG00000255582.1	protein_coding	OR10G2
ENSG00000255587.9	protein_coding	RAB44
ENSG00000255639.3	protein_coding	ENSG00000255639
ENSG00000255641.1	protein_coding	ENSG00000255641
ENSG00000255663.1	protein_coding	ENSG00000255663
ENSG00000255690.3	protein_coding	TRIL
ENSG00000255713.2	protein_coding	OR4D2
ENSG00000255730.5	protein_coding	ENSG00000255730
ENSG00000255804.2	protein_coding	OR6J1
ENSG00000255819.7	protein_coding	KLRC4-KLRK1
ENSG00000255833.2	protein_coding	TIFAB
ENSG00000255835.1	protein_coding	ENSG00000255835
ENSG00000255837.2	protein_coding	TAS2R20
ENSG00000255855.2	protein_coding	KDM4F
ENSG00000255872.3	protein_coding	ENSG00000255872
ENSG00000255974.8	protein_coding	CYP2A6
ENSG00000256029.6	protein_coding	ENSG00000256029
ENSG00000256043.5	protein_coding	CTSO
ENSG00000256053.9	protein_coding	COA8
ENSG00000256060.3	protein_coding	TRAPPC2B
ENSG00000256061.7	protein_coding	DNAAF4
ENSG00000256087.7	protein_coding	ZNF432
ENSG00000256162.2	protein_coding	SMLR1
ENSG00000256188.3	protein_coding	TAS2R30
ENSG00000256206.2	protein_coding	ENSG00000256206
ENSG00000256223.6	protein_coding	ZNF10
ENSG00000256229.8	protein_coding	ZNF486
ENSG00000256235.3	protein_coding	SMIM3
ENSG00000256269.11	protein_coding	HMBS
ENSG00000256294.8	protein_coding	ZNF225
ENSG00000256349.1	protein_coding	ENSG00000256349
ENSG00000256394.3	protein_coding	ASIC5
ENSG00000256407.2	protein_coding	ENSG00000256407
ENSG00000256436.1	protein_coding	TAS2R31
ENSG00000256453.2	protein_coding	DND1
ENSG00000256463.10	protein_coding	SALL3
ENSG00000256500.6	protein_coding	ENSG00000256500
ENSG00000256514.1	protein_coding	ENSG00000256514
ENSG00000256525.8	protein_coding	POLG2
ENSG00000256537.5	protein_coding	SMIM10L1
ENSG00000256566.1	protein_coding	ENSG00000256566
ENSG00000256574.8	protein_coding	OR13A1
ENSG00000256591.5	protein_coding	ENSG00000256591
ENSG00000256646.8	protein_coding	ENSG00000256646
ENSG00000256660.7	protein_coding	CLEC12B
ENSG00000256671.7	protein_coding	LIMS4
ENSG00000256683.7	protein_coding	ZNF350
ENSG00000256713.8	protein_coding	PGA5
ENSG00000256762.1	protein_coding	STH
ENSG00000256771.5	protein_coding	ZNF253
ENSG00000256797.1	protein_coding	KLRF2
ENSG00000256806.6	protein_coding	C17orf100
ENSG00000256812.2	protein_coding	CAPNS2
ENSG00000256825.4	protein_coding	ENSG00000256825
ENSG00000256861.1	protein_coding	ENSG00000256861
ENSG00000256870.3	protein_coding	SLC5A8
ENSG00000256950.2	protein_coding	ENSG00000256950
ENSG00000256966.6	protein_coding	ENSG00000256966
ENSG00000256977.13	protein_coding	LIMS3
ENSG00000256980.5	protein_coding	KHDC1L
ENSG00000257008.7	protein_coding	GPR142
ENSG00000257017.10	protein_coding	HP
ENSG00000257046.5	protein_coding	SLCO1B3-SLCO1B7
ENSG00000257057.3	protein_coding	C11orf97
ENSG00000257062.6	protein_coding	ENSG00000257062
ENSG00000257065.1	protein_coding	ENSG00000257065
ENSG00000257093.7	protein_coding	DENND11
ENSG00000257103.9	protein_coding	LSM14A
ENSG00000257108.2	protein_coding	NHLRC4
ENSG00000257115.2	protein_coding	OR11H12
ENSG00000257138.1	protein_coding	TAS2R38
ENSG00000257184.3	protein_coding	ENSG00000257184
ENSG00000257207.5	protein_coding	ENSG00000257207
ENSG00000257218.6	protein_coding	GATC
ENSG00000257315.4	protein_coding	ZBED6
ENSG00000257335.8	protein_coding	MGAM
ENSG00000257341.5	protein_coding	ENSG00000257341
ENSG00000257355.1	protein_coding	ENSG00000257355
ENSG00000257365.8	protein_coding	FNTB
ENSG00000257390.5	protein_coding	ENSG00000257390
ENSG00000257411.2	protein_coding	ENSG00000257411
ENSG00000257446.4	protein_coding	ZNF878
ENSG00000257520.2	protein_coding	SFTA3
ENSG00000257524.6	protein_coding	ST6GALNAC6
ENSG00000257529.5	protein_coding	RPL36A-HNRNPH2
ENSG00000257591.6	protein_coding	ZNF625
ENSG00000257594.4	protein_coding	GALNT4
ENSG00000257704.4	protein_coding	INAFM1
ENSG00000257727.6	protein_coding	CNPY2
ENSG00000257743.9	protein_coding	MGAM2
ENSG00000257767.3	protein_coding	ENSG00000257767
ENSG00000257921.6	protein_coding	ENSG00000257921
ENSG00000257923.12	protein_coding	CUX1
ENSG00000257949.7	protein_coding	TEN1
ENSG00000257950.3	protein_coding	P2RX5-TAX1BP3
ENSG00000257987.6	protein_coding	TEX49
ENSG00000258052.1	protein_coding	ENSG00000258052
ENSG00000258064.1	protein_coding	ENSG00000258064
ENSG00000258083.2	protein_coding	OR9A4
ENSG00000258102.5	protein_coding	MAP1LC3B2
ENSG00000258223.6	protein_coding	PRSS58
ENSG00000258227.7	protein_coding	CLEC5A
ENSG00000258289.10	protein_coding	CHURC1
ENSG00000258311.5	protein_coding	ENSG00000258311
ENSG00000258315.5	protein_coding	C17orf49
ENSG00000258366.12	protein_coding	RTEL1
ENSG00000258388.7	protein_coding	PPT2-EGFL8
ENSG00000258405.11	protein_coding	ZNF578
ENSG00000258417.3	protein_coding	ENSG00000258417
ENSG00000258429.2	protein_coding	PDF
ENSG00000258436.2	protein_coding	RNASE12
ENSG00000258453.3	protein_coding	OR11H2
ENSG00000258461.5	protein_coding	ENSG00000258461
ENSG00000258465.8	protein_coding	ENSG00000258465
ENSG00000258466.5	protein_coding	ENSG00000258466
ENSG00000258472.10	protein_coding	ENSG00000258472
ENSG00000258484.4	protein_coding	SPESP1
ENSG00000258529.5	protein_coding	ENSG00000258529
ENSG00000258539.1	protein_coding	ENSG00000258539
ENSG00000258555.6	protein_coding	SPECC1L-ADORA2A
ENSG00000258588.3	protein_coding	TRIM6-TRIM34
ENSG00000258597.4	protein_coding	SERPINA2
ENSG00000258643.6	protein_coding	BCL2L2-PABPN1
ENSG00000258644.6	protein_coding	SYNJ2BP-COX16
ENSG00000258653.3	protein_coding	ENSG00000258653
ENSG00000258659.7	protein_coding	TRIM34
ENSG00000258674.5	protein_coding	ENSG00000258674
ENSG00000258677.2	protein_coding	ENSG00000258677
ENSG00000258691.1	protein_coding	ENSG00000258691
ENSG00000258713.3	protein_coding	C20orf141
ENSG00000258724.1	protein_coding	PINX1
ENSG00000258728.2	protein_coding	ENSG00000258728
ENSG00000258790.1	protein_coding	ENSG00000258790
ENSG00000258806.2	protein_coding	OR11H7
ENSG00000258817.1	protein_coding	OR4C13
ENSG00000258818.4	protein_coding	RNASE4
ENSG00000258830.1	protein_coding	ENSG00000258830
ENSG00000258839.4	protein_coding	MC1R
ENSG00000258864.1	protein_coding	ENSG00000258864
ENSG00000258873.3	protein_coding	DUXA
ENSG00000258881.6	protein_coding	ENSG00000258881
ENSG00000258890.8	protein_coding	CEP95
ENSG00000258947.8	protein_coding	TUBB3
ENSG00000258984.5	protein_coding	UBE2F-SCLY
ENSG00000258986.7	protein_coding	TMEM179
ENSG00000258989.1	protein_coding	ENSG00000258989
ENSG00000258992.7	protein_coding	TSPY1
ENSG00000259009.5	protein_coding	TPRX2
ENSG00000259024.7	protein_coding	TVP23C-CDRT4
ENSG00000259030.8	protein_coding	FPGT-TNNI3K
ENSG00000259040.5	protein_coding	BLOC1S5-TXNDC5
ENSG00000259060.7	protein_coding	ENSG00000259060
ENSG00000259066.5	protein_coding	ENSG00000259066
ENSG00000259075.6	protein_coding	POC1B-GALNT4
ENSG00000259112.2	protein_coding	NDUFC2-KCTD14
ENSG00000259120.3	protein_coding	SMIM6
ENSG00000259132.1	protein_coding	ENSG00000259132
ENSG00000259164.1	protein_coding	ENSG00000259164
ENSG00000259171.1	protein_coding	ENSG00000259171
ENSG00000259207.10	protein_coding	ITGB3
ENSG00000259224.3	protein_coding	SLC35G6
ENSG00000259288.7	protein_coding	BUB1B-PAK6
ENSG00000259305.6	protein_coding	ZHX1-C8orf76
ENSG00000259316.12	protein_coding	ENSG00000259316
ENSG00000259330.3	protein_coding	INAFM2
ENSG00000259332.3	protein_coding	ST20-MTHFS
ENSG00000259371.2	protein_coding	ENSG00000259371
ENSG00000259384.7	protein_coding	GH1
ENSG00000259399.1	protein_coding	TGIF2-RAB5IF
ENSG00000259417.3	protein_coding	CTXND1
ENSG00000259431.6	protein_coding	THTPA
ENSG00000259494.2	protein_coding	MRPL46
ENSG00000259522.3	protein_coding	ENSG00000259522
ENSG00000259529.2	protein_coding	ENSG00000259529
ENSG00000259571.2	protein_coding	BLID
ENSG00000259680.5	protein_coding	IGHV3OR16-17
ENSG00000259753.1	protein_coding	ENSG00000259753
ENSG00000259784.1	protein_coding	ENSG00000259784
ENSG00000259803.8	protein_coding	SLC22A31
ENSG00000259823.6	protein_coding	LYPD8
ENSG00000259900.5	protein_coding	ENSG00000259900
ENSG00000259916.2	protein_coding	AQP7B
ENSG00000259956.2	protein_coding	RBM15B
ENSG00000260001.7	protein_coding	TGFBR3L
ENSG00000260007.3	protein_coding	ENSG00000260007
ENSG00000260027.5	protein_coding	HOXB7
ENSG00000260092.1	protein_coding	ENSG00000260092
ENSG00000260097.3	protein_coding	SPDYE6
ENSG00000260170.1	protein_coding	ENSG00000260170
ENSG00000260220.7	protein_coding	CCDC187
ENSG00000260230.5	protein_coding	FRRS1L
ENSG00000260234.5	protein_coding	ENSG00000260234
ENSG00000260238.6	protein_coding	PMF1-BGLAP
ENSG00000260272.1	protein_coding	ENSG00000260272
ENSG00000260286.4	protein_coding	ARMH2
ENSG00000260287.4	protein_coding	TBC1D3G
ENSG00000260314.3	protein_coding	MRC1
ENSG00000260325.2	protein_coding	HSPB9
ENSG00000260342.2	protein_coding	ENSG00000260342
ENSG00000260371.1	protein_coding	ENSG00000260371
ENSG00000260428.3	protein_coding	SCX
ENSG00000260456.7	protein_coding	C16orf95
ENSG00000260458.3	protein_coding	KCNJ18
ENSG00000260537.2	protein_coding	ENSG00000260537
ENSG00000260596.5	protein_coding	DUX4
ENSG00000260643.2	protein_coding	ENSG00000260643
ENSG00000260691.8	protein_coding	ANKRD20A1
ENSG00000260729.1	protein_coding	ENSG00000260729
ENSG00000260734.6	protein_coding	TLE7
ENSG00000260802.2	protein_coding	SERTM2
ENSG00000260811.3	protein_coding	OR4C45
ENSG00000260836.2	protein_coding	ENSG00000260836
ENSG00000260851.7	protein_coding	ENSG00000260851
ENSG00000260861.6	protein_coding	ENSG00000260861
ENSG00000260903.3	protein_coding	XKR7
ENSG00000260914.3	protein_coding	ENSG00000260914
ENSG00000260916.8	protein_coding	CCPG1
ENSG00000261052.6	protein_coding	SULT1A3
ENSG00000261115.7	protein_coding	TMEM178B
ENSG00000261130.5	protein_coding	ENSG00000261130
ENSG00000261147.1	protein_coding	ENSG00000261147
ENSG00000261150.3	protein_coding	EPPK1
ENSG00000261210.8	protein_coding	CLEC19A
ENSG00000261221.4	protein_coding	ZNF865
ENSG00000261236.8	protein_coding	BOP1
ENSG00000261247.2	protein_coding	GOLGA8T
ENSG00000261272.1	protein_coding	MUC22
ENSG00000261308.4	protein_coding	FIGNL2
ENSG00000261341.7	protein_coding	ENSG00000261341
ENSG00000261371.6	protein_coding	PECAM1
ENSG00000261408.7	protein_coding	TEN1-CDK3
ENSG00000261456.6	protein_coding	TUBB8
ENSG00000261459.1	protein_coding	ENSG00000261459
ENSG00000261509.7	protein_coding	TP53TG3B
ENSG00000261582.1	protein_coding	ENSG00000261582
ENSG00000261587.3	protein_coding	TMEM249
ENSG00000261594.4	protein_coding	TPBGL
ENSG00000261609.8	protein_coding	GAN
ENSG00000261611.6	protein_coding	ENSG00000261611
ENSG00000261649.7	protein_coding	GOLGA6L7
ENSG00000261652.3	protein_coding	PIERCE2
ENSG00000261667.2	protein_coding	LY6L
ENSG00000261678.3	protein_coding	SCRT1
ENSG00000261701.9	protein_coding	HPR
ENSG00000261717.5	protein_coding	ENSG00000261717
ENSG00000261732.1	protein_coding	ENSG00000261732
ENSG00000261739.3	protein_coding	GOLGA8S
ENSG00000261740.7	protein_coding	BOLA2-SMG1P6
ENSG00000261787.2	protein_coding	TCF24
ENSG00000261793.1	protein_coding	ENSG00000261793
ENSG00000261794.2	protein_coding	GOLGA8H
ENSG00000261796.1	protein_coding	ISY1-RAB43
ENSG00000261832.6	protein_coding	ENSG00000261832
ENSG00000261857.7	protein_coding	MIA
ENSG00000261873.3	protein_coding	SMIM36
ENSG00000261884.2	protein_coding	ENSG00000261884
ENSG00000261915.6	protein_coding	ENSG00000261915
ENSG00000261934.3	protein_coding	PCDHGA9
ENSG00000261949.7	protein_coding	GFY
ENSG00000262085.2	protein_coding	OR1P1
ENSG00000262152.7	protein_coding	GREP1
ENSG00000262165.2	protein_coding	C17orf114
ENSG00000262179.3	protein_coding	MYMX
ENSG00000262209.3	protein_coding	PCDHGB3
ENSG00000262246.6	protein_coding	CORO7
ENSG00000262302.1	protein_coding	ENSG00000262302
ENSG00000262304.2	protein_coding	ENSG00000262304
ENSG00000262406.3	protein_coding	MMP12
ENSG00000262461.7	protein_coding	SPDYE9
ENSG00000262481.5	protein_coding	TMEM256-PLSCR3
ENSG00000262484.2	protein_coding	CCER2
ENSG00000262526.2	protein_coding	ENSG00000262526
ENSG00000262543.2	protein_coding	SMIM28
ENSG00000262560.1	protein_coding	ENSG00000262560
ENSG00000262576.3	protein_coding	PCDHGA4
ENSG00000262628.1	protein_coding	OR1D5
ENSG00000262633.2	protein_coding	ENSG00000262633
ENSG00000262655.4	protein_coding	SPON1
ENSG00000262660.1	protein_coding	ENSG00000262660
ENSG00000262664.3	protein_coding	OVCA2
ENSG00000262730.1	protein_coding	ENSG00000262730
ENSG00000262814.8	protein_coding	MRPL12
ENSG00000262874.2	protein_coding	C19orf84
ENSG00000262919.8	protein_coding	CCNQ
ENSG00000263001.8	protein_coding	GTF2I
ENSG00000263002.8	protein_coding	ZNF234
ENSG00000263020.6	protein_coding	ENSG00000263020
ENSG00000263155.6	protein_coding	MYZAP
ENSG00000263201.1	protein_coding	DPEP2NB
ENSG00000263353.4	protein_coding	PPIAL4A
ENSG00000263429.4	protein_coding	TMEM238L
ENSG00000263465.5	protein_coding	SRSF8
ENSG00000263513.6	protein_coding	FAM72C
ENSG00000263528.8	protein_coding	IKBKE
ENSG00000263620.1	protein_coding	ENSG00000263620
ENSG00000263639.7	protein_coding	MSMB
ENSG00000263715.7	protein_coding	LINC02210-CRHR1
ENSG00000263761.3	protein_coding	GDF2
ENSG00000263809.1	protein_coding	ENSG00000263809
ENSG00000263874.2	protein_coding	LINC00672
ENSG00000263956.8	protein_coding	NBPF11
ENSG00000263961.8	protein_coding	RHEX
ENSG00000264006.9	protein_coding	AKR1C8
ENSG00000264058.2	protein_coding	ENSG00000264058
ENSG00000264187.1	protein_coding	ENSG00000264187
ENSG00000264230.9	protein_coding	ANXA8L1
ENSG00000264324.1	protein_coding	ENSG00000264324
ENSG00000264343.7	protein_coding	NOTCH2NLA
ENSG00000264364.3	protein_coding	DYNLL2
ENSG00000264424.1	protein_coding	MYH4
ENSG00000264522.6	protein_coding	OTUD7B
ENSG00000264668.2	protein_coding	ENSG00000264668
ENSG00000264717.6	protein_coding	NPY4R2
ENSG00000264813.6	protein_coding	ENSG00000264813
ENSG00000265107.3	protein_coding	GJA5
ENSG00000265118.5	protein_coding	ENSG00000265118
ENSG00000265190.7	protein_coding	ANXA8
ENSG00000265203.2	protein_coding	RBP3
ENSG00000265241.8	protein_coding	RBM8A
ENSG00000265303.1	protein_coding	ENSG00000265303
ENSG00000265354.4	protein_coding	TIMM23
ENSG00000265491.5	protein_coding	RNF115
ENSG00000265590.10	protein_coding	CFAP298-TCP10L
ENSG00000265681.8	protein_coding	RPL17
ENSG00000265690.7	protein_coding	ENSG00000265690
ENSG00000265763.4	protein_coding	ZNF488
ENSG00000265808.4	protein_coding	SEC22B
ENSG00000265817.4	protein_coding	FSBP
ENSG00000265818.1	protein_coding	EEF1E1-BLOC1S5
ENSG00000265972.6	protein_coding	TXNIP
ENSG00000266028.8	protein_coding	SRGAP2
ENSG00000266074.11	protein_coding	BAHCC1
ENSG00000266076.1	protein_coding	ENSG00000266076
ENSG00000266086.3	protein_coding	ENSG00000266086
ENSG00000266094.8	protein_coding	RASSF5
ENSG00000266173.7	protein_coding	STRADA
ENSG00000266200.8	protein_coding	PNLIPRP2
ENSG00000266202.1	protein_coding	ENSG00000266202
ENSG00000266265.4	protein_coding	KLF14
ENSG00000266302.6	protein_coding	ENSG00000266302
ENSG00000266338.7	protein_coding	NBPF15
ENSG00000266412.6	protein_coding	NCOA4
ENSG00000266472.6	protein_coding	MRPS21
ENSG00000266524.3	protein_coding	GDF10
ENSG00000266714.11	protein_coding	MYO15B
ENSG00000266728.5	protein_coding	ENSG00000266728
ENSG00000266826.3	protein_coding	IGBP1P2
ENSG00000266953.6	protein_coding	ENSG00000266953
ENSG00000266964.6	protein_coding	FXYD1
ENSG00000266967.7	protein_coding	AARSD1
ENSG00000266997.2	protein_coding	ENSG00000266997
ENSG00000267001.1	protein_coding	ENSG00000267001
ENSG00000267022.1	protein_coding	ENSG00000267022
ENSG00000267041.6	protein_coding	ZNF850
ENSG00000267059.2	protein_coding	ENSG00000267059
ENSG00000267060.7	protein_coding	PTGES3L
ENSG00000267110.1	protein_coding	ENSG00000267110
ENSG00000267120.3	protein_coding	ENSG00000267120
ENSG00000267127.7	protein_coding	ENSG00000267127
ENSG00000267140.1	protein_coding	ENSG00000267140
ENSG00000267157.1	protein_coding	ENSG00000267157
ENSG00000267168.1	protein_coding	ENSG00000267168
ENSG00000267173.1	protein_coding	ENSG00000267173
ENSG00000267179.1	protein_coding	ENSG00000267179
ENSG00000267206.6	protein_coding	LCN6
ENSG00000267221.3	protein_coding	C17orf113
ENSG00000267228.7	protein_coding	ENSG00000267228
ENSG00000267261.5	protein_coding	ENSG00000267261
ENSG00000267281.3	protein_coding	ATF7-NPFF
ENSG00000267303.1	protein_coding	ENSG00000267303
ENSG00000267314.1	protein_coding	ENSG00000267314
ENSG00000267318.1	protein_coding	ENSG00000267318
ENSG00000267335.2	protein_coding	ENSG00000267335
ENSG00000267360.6	protein_coding	ENSG00000267360
ENSG00000267368.1	protein_coding	UPK3BL1
ENSG00000267385.1	protein_coding	ENSG00000267385
ENSG00000267426.5	protein_coding	ENSG00000267426
ENSG00000267467.4	protein_coding	APOC4
ENSG00000267477.1	protein_coding	ENSG00000267477
ENSG00000267508.6	protein_coding	ZNF285
ENSG00000267534.4	protein_coding	S1PR2
ENSG00000267552.6	protein_coding	ENSG00000267552
ENSG00000267561.2	protein_coding	ENSG00000267561
ENSG00000267618.5	protein_coding	ENSG00000267618
ENSG00000267631.5	protein_coding	CGB1
ENSG00000267645.5	protein_coding	ENSG00000267645
ENSG00000267673.7	protein_coding	FDX2
ENSG00000267680.6	protein_coding	ZNF224
ENSG00000267699.2	protein_coding	ENSG00000267699
ENSG00000267706.3	protein_coding	ENSG00000267706
ENSG00000267710.9	protein_coding	EDDM13
ENSG00000267740.5	protein_coding	ENSG00000267740
ENSG00000267748.4	protein_coding	ENSG00000267748
ENSG00000267795.6	protein_coding	SMIM22
ENSG00000267796.8	protein_coding	LIN37
ENSG00000267855.6	protein_coding	NDUFA7
ENSG00000267881.2	protein_coding	ENSG00000267881
ENSG00000267909.3	protein_coding	CCDC177
ENSG00000267952.1	protein_coding	ENSG00000267952
ENSG00000267978.6	protein_coding	MAGEA9B
ENSG00000268009.6	protein_coding	SSX4
ENSG00000268041.3	protein_coding	ERFL
ENSG00000268043.9	protein_coding	NBPF12
ENSG00000268083.5	protein_coding	ENSG00000268083
ENSG00000268089.3	protein_coding	GABRQ
ENSG00000268104.3	protein_coding	SLC6A14
ENSG00000268107.6	protein_coding	ENSG00000268107
ENSG00000268133.1	protein_coding	ENSG00000268133
ENSG00000268163.1	protein_coding	ENSG00000268163
ENSG00000268173.3	protein_coding	ENSG00000268173
ENSG00000268182.6	protein_coding	SMIM17
ENSG00000268193.5	protein_coding	ENSG00000268193
ENSG00000268221.6	protein_coding	OPN1MW
ENSG00000268223.7	protein_coding	ARL14EPL
ENSG00000268235.9	protein_coding	TCP11X1
ENSG00000268279.4	protein_coding	ENSG00000268279
ENSG00000268320.4	protein_coding	SCGB1C2
ENSG00000268350.8	protein_coding	FAM156A
ENSG00000268361.1	protein_coding	ENSG00000268361
ENSG00000268400.6	protein_coding	ENSG00000268400
ENSG00000268434.5	protein_coding	ENSG00000268434
ENSG00000268447.6	protein_coding	SSX2B
ENSG00000268465.1	protein_coding	ENSG00000268465
ENSG00000268480.4	protein_coding	NFILZ
ENSG00000268500.7	protein_coding	SIGLEC5
ENSG00000268533.1	protein_coding	ENSG00000268533
ENSG00000268606.6	protein_coding	MAGEA2
ENSG00000268614.1	protein_coding	ENSG00000268614
ENSG00000268629.8	protein_coding	TEX13A
ENSG00000268643.2	protein_coding	ENSG00000268643
ENSG00000268651.4	protein_coding	CTAG1A
ENSG00000268655.3	protein_coding	ENSG00000268655
ENSG00000268674.2	protein_coding	ENSG00000268674
ENSG00000268696.3	protein_coding	ZNF723
ENSG00000268738.3	protein_coding	HSFX2
ENSG00000268750.7	protein_coding	ENSG00000268750
ENSG00000268790.5	protein_coding	ENSG00000268790
ENSG00000268797.1	protein_coding	ENSG00000268797
ENSG00000268799.4	protein_coding	H3Y2
ENSG00000268870.1	protein_coding	ENSG00000268870
ENSG00000268902.4	protein_coding	CSAG2
ENSG00000268916.6	protein_coding	CSAG3
ENSG00000268940.6	protein_coding	CT45A1
ENSG00000268964.3	protein_coding	ERVV-2
ENSG00000268975.2	protein_coding	MIA-RAB4B
ENSG00000268988.2	protein_coding	SPANXN2
ENSG00000268994.3	protein_coding	FAM236B
ENSG00000269026.2	protein_coding	ENSG00000269026
ENSG00000269035.1	protein_coding	ENSG00000269035
ENSG00000269058.6	protein_coding	CALR3
ENSG00000269067.2	protein_coding	ZNF728
ENSG00000269095.1	protein_coding	ENSG00000269095
ENSG00000269096.7	protein_coding	CT45A3
ENSG00000269113.4	protein_coding	TRABD2B
ENSG00000269179.1	protein_coding	ENSG00000269179
ENSG00000269190.6	protein_coding	FBXO17
ENSG00000269226.8	protein_coding	TMSB15B
ENSG00000269237.1	protein_coding	ENSG00000269237
ENSG00000269242.1	protein_coding	ENSG00000269242
ENSG00000269307.1	protein_coding	ENSG00000269307
ENSG00000269313.6	protein_coding	MAGIX
ENSG00000269335.7	protein_coding	IKBKG
ENSG00000269343.9	protein_coding	ZNF587B
ENSG00000269403.1	protein_coding	ENSG00000269403
ENSG00000269404.7	protein_coding	SPIB
ENSG00000269405.7	protein_coding	NXF2
ENSG00000269433.4	protein_coding	OPN1MW3
ENSG00000269437.8	protein_coding	NXF2B
ENSG00000269466.4	protein_coding	H3Y1
ENSG00000269469.1	protein_coding	ENSG00000269469
ENSG00000269476.1	protein_coding	ENSG00000269476
ENSG00000269502.6	protein_coding	DMRTC1
ENSG00000269526.2	protein_coding	ERVV-1
ENSG00000269533.5	protein_coding	ENSG00000269533
ENSG00000269547.1	protein_coding	ENSG00000269547
ENSG00000269556.9	protein_coding	TMEM185A
ENSG00000269586.8	protein_coding	CT45A10
ENSG00000269590.1	protein_coding	ENSG00000269590
ENSG00000269693.1	protein_coding	ENSG00000269693
ENSG00000269699.7	protein_coding	ZIM2
ENSG00000269711.1	protein_coding	ENSG00000269711
ENSG00000269713.9	protein_coding	NBPF9
ENSG00000269720.3	protein_coding	CCDC194
ENSG00000269741.5	protein_coding	ENSG00000269741
ENSG00000269743.3	protein_coding	SLC25A53
ENSG00000269755.1	protein_coding	ENSG00000269755
ENSG00000269791.6	protein_coding	SSX4B
ENSG00000269825.3	protein_coding	ENSG00000269825
ENSG00000269855.3	protein_coding	RNF225
ENSG00000269858.6	protein_coding	EGLN2
ENSG00000269891.2	protein_coding	ARHGAP19-SLIT1
ENSG00000269897.5	protein_coding	COMMD3-BMI1
ENSG00000269955.2	protein_coding	FMC1-LUC7L2
ENSG00000269964.4	protein_coding	MEI4
ENSG00000270011.9	protein_coding	ZNF559-ZNF177
ENSG00000270099.1	protein_coding	ENSG00000270099
ENSG00000270106.6	protein_coding	TSNAX-DISC1
ENSG00000270136.6	protein_coding	MICOS10-NBL1
ENSG00000270149.5	protein_coding	ENSG00000270149
ENSG00000270170.2	protein_coding	NCBP2AS2
ENSG00000270181.3	protein_coding	BIVM-ERCC5
ENSG00000270231.5	protein_coding	NBPF8
ENSG00000270249.2	protein_coding	ENSG00000270249
ENSG00000270276.3	protein_coding	H4C15
ENSG00000270299.1	protein_coding	ENSG00000270299
ENSG00000270316.1	protein_coding	BORCS7-ASMT
ENSG00000270339.4	protein_coding	PPIAL4H
ENSG00000270379.6	protein_coding	HEATR9
ENSG00000270601.5	protein_coding	PRAMEF5
ENSG00000270617.1	protein_coding	URGCP-MRPS24
ENSG00000270629.7	protein_coding	NBPF14
ENSG00000270647.7	protein_coding	TAF15
ENSG00000270757.1	protein_coding	HSPE1-MOB4
ENSG00000270765.7	protein_coding	GAS2L2
ENSG00000270800.4	protein_coding	RPS10-NUDT3
ENSG00000270806.2	protein_coding	C17orf50
ENSG00000270882.3	protein_coding	H4C14
ENSG00000270885.2	protein_coding	RASL10B
ENSG00000270946.6	protein_coding	CT45A9
ENSG00000271079.1	protein_coding	CTAGE15
ENSG00000271092.5	protein_coding	TLCD4-RWDD3
ENSG00000271254.7	protein_coding	ENSG00000271254
ENSG00000271271.6	protein_coding	UGT2A2
ENSG00000271303.2	protein_coding	SRXN1
ENSG00000271321.1	protein_coding	CTAGE6
ENSG00000271383.8	protein_coding	NBPF19
ENSG00000271425.9	protein_coding	NBPF10
ENSG00000271447.6	protein_coding	MMP28
ENSG00000271449.8	protein_coding	CT45A2
ENSG00000271503.6	protein_coding	CCL5
ENSG00000271567.2	protein_coding	PPIAL4E
ENSG00000271601.4	protein_coding	LIX1L
ENSG00000271605.6	protein_coding	MILR1
ENSG00000271698.1	protein_coding	ENSG00000271698
ENSG00000271723.5	protein_coding	MROH7-TTC4
ENSG00000271741.1	protein_coding	ENSG00000271741
ENSG00000271793.2	protein_coding	ENSG00000271793
ENSG00000271810.5	protein_coding	ENSG00000271810
ENSG00000271824.2	protein_coding	SMIM32
ENSG00000271949.1	protein_coding	ENSG00000271949
ENSG00000272031.3	protein_coding	ANKRD34A
ENSG00000272047.4	protein_coding	GTF2H5
ENSG00000272104.1	protein_coding	ENSG00000272104
ENSG00000272162.1	protein_coding	ENSG00000272162
ENSG00000272297.2	protein_coding	ENSG00000272297
ENSG00000272305.5	protein_coding	ENSG00000272305
ENSG00000272325.2	protein_coding	NUDT3
ENSG00000272333.8	protein_coding	KMT2B
ENSG00000272391.6	protein_coding	POM121C
ENSG00000272395.8	protein_coding	IFNL4
ENSG00000272398.6	protein_coding	CD24
ENSG00000272410.5	protein_coding	ENSG00000272410
ENSG00000272414.6	protein_coding	FAM47E-STBD1
ENSG00000272442.2	protein_coding	ENSG00000272442
ENSG00000272514.6	protein_coding	CFAP206
ENSG00000272573.6	protein_coding	MUSTN1
ENSG00000272602.6	protein_coding	ZNF595
ENSG00000272617.3	protein_coding	ENSG00000272617
ENSG00000272636.5	protein_coding	DOC2B
ENSG00000272647.3	protein_coding	ENSG00000272647
ENSG00000272674.4	protein_coding	PCDHB16
ENSG00000272741.1	protein_coding	ENSG00000272741
ENSG00000272772.2	protein_coding	ENSG00000272772
ENSG00000272804.3	protein_coding	KRTAP10-7
ENSG00000272822.2	protein_coding	ENSG00000272822
ENSG00000272886.6	protein_coding	DCP1A
ENSG00000272896.1	protein_coding	ENSG00000272896
ENSG00000272897.5	protein_coding	ENSG00000272897
ENSG00000272899.4	protein_coding	ATP6V1FNB
ENSG00000272916.5	protein_coding	ENSG00000272916
ENSG00000272921.1	protein_coding	ENSG00000272921
ENSG00000272968.5	protein_coding	RBAK-RBAKDN
ENSG00000272980.5	protein_coding	ENSG00000272980
ENSG00000272987.1	protein_coding	OR5AL1
ENSG00000273003.1	protein_coding	ARL2-SNX15
ENSG00000273025.1	protein_coding	ENSG00000273025
ENSG00000273045.7	protein_coding	C2orf15
ENSG00000273047.1	protein_coding	ENSG00000273047
ENSG00000273049.1	protein_coding	ENSG00000273049
ENSG00000273079.7	protein_coding	GRIN2B
ENSG00000273085.3	protein_coding	OR52E1
ENSG00000273088.2	protein_coding	ENSG00000273088
ENSG00000273111.6	protein_coding	LYPD4
ENSG00000273136.8	protein_coding	NBPF26
ENSG00000273154.3	protein_coding	ENSG00000273154
ENSG00000273155.1	protein_coding	ENSG00000273155
ENSG00000273167.1	protein_coding	ENSG00000273167
ENSG00000273171.1	protein_coding	ENSG00000273171
ENSG00000273173.6	protein_coding	SNURF
ENSG00000273213.4	protein_coding	H3-7
ENSG00000273217.1	protein_coding	ENSG00000273217
ENSG00000273238.3	protein_coding	TMEM271
ENSG00000273259.3	protein_coding	ENSG00000273259
ENSG00000273269.3	protein_coding	ENSG00000273269
ENSG00000273274.2	protein_coding	ZBTB8B
ENSG00000273291.5	protein_coding	ENSG00000273291
ENSG00000273294.1	protein_coding	C1QTNF3-AMACR
ENSG00000273331.1	protein_coding	TM4SF19-DYNLT2B
ENSG00000273345.6	protein_coding	ENSG00000273345
ENSG00000273398.6	protein_coding	ENSG00000273398
ENSG00000273513.2	protein_coding	TBC1D3K
ENSG00000273514.2	protein_coding	FOXD4L6
ENSG00000273520.6	protein_coding	SPDYE8
ENSG00000273540.5	protein_coding	AGBL1
ENSG00000273542.2	protein_coding	H4C12
ENSG00000273554.4	protein_coding	ENSG00000273554
ENSG00000273559.5	protein_coding	CWC25
ENSG00000273604.2	protein_coding	EPOP
ENSG00000273611.5	protein_coding	ZNHIT3
ENSG00000273696.5	protein_coding	CT45A7
ENSG00000273703.2	protein_coding	H2BC14
ENSG00000273706.5	protein_coding	LHX1
ENSG00000273734.1	protein_coding	ENSG00000273734
ENSG00000273748.1	protein_coding	ENSG00000273748
ENSG00000273749.5	protein_coding	CYFIP1
ENSG00000273756.5	protein_coding	GOLGA6L26
ENSG00000273777.6	protein_coding	CEACAM20
ENSG00000273802.3	protein_coding	H2BC8
ENSG00000273820.2	protein_coding	USP27X
ENSG00000273841.6	protein_coding	TAF9
ENSG00000273899.5	protein_coding	NOL12
ENSG00000273976.2	protein_coding	GOLGA6L1
ENSG00000273983.2	protein_coding	H3C8
ENSG00000274049.4	protein_coding	INO80B-WBP1
ENSG00000274070.2	protein_coding	CASTOR2
ENSG00000274102.3	protein_coding	OR4M2
ENSG00000274175.1	protein_coding	ENSG00000274175
ENSG00000274180.1	protein_coding	NATD1
ENSG00000274183.2	protein_coding	H2AB1
ENSG00000274209.6	protein_coding	ANTXRL
ENSG00000274211.6	protein_coding	SOCS7
ENSG00000274226.6	protein_coding	TBC1D3H
ENSG00000274252.1	protein_coding	GGTLC3
ENSG00000274274.2	protein_coding	GAGE13
ENSG00000274286.2	protein_coding	ADRA2B
ENSG00000274290.3	protein_coding	H2BC6
ENSG00000274322.1	protein_coding	ENSG00000274322
ENSG00000274349.5	protein_coding	ZNF658
ENSG00000274386.6	protein_coding	TMEM269
ENSG00000274391.5	protein_coding	TPTE
ENSG00000274419.7	protein_coding	TBC1D3D
ENSG00000274443.5	protein_coding	C8orf89
ENSG00000274512.6	protein_coding	TBC1D3L
ENSG00000274523.5	protein_coding	RCC1L
ENSG00000274529.6	protein_coding	SEBOX
ENSG00000274570.6	protein_coding	SPDYE10
ENSG00000274588.2	protein_coding	DGKK
ENSG00000274600.2	protein_coding	RIMBP3B
ENSG00000274611.4	protein_coding	TBC1D3
ENSG00000274618.2	protein_coding	H4C6
ENSG00000274641.2	protein_coding	H2BC17
ENSG00000274736.5	protein_coding	CCL23
ENSG00000274749.1	protein_coding	KRTAP7-1
ENSG00000274750.3	protein_coding	H3C6
ENSG00000274764.6	protein_coding	PRAMEF27
ENSG00000274792.1	protein_coding	ENSG00000274792
ENSG00000274808.6	protein_coding	TBC1D3B
ENSG00000274810.4	protein_coding	NPHP3-ACAD11
ENSG00000274847.1	protein_coding	MAFIP
ENSG00000274933.6	protein_coding	TBC1D3I
ENSG00000274944.4	protein_coding	ENSG00000274944
ENSG00000274997.2	protein_coding	H2AC12
ENSG00000275004.4	protein_coding	ZNF280B
ENSG00000275023.5	protein_coding	MLLT6
ENSG00000275034.3	protein_coding	TP53TG3E
ENSG00000275052.5	protein_coding	PPP4R3B
ENSG00000275063.1	protein_coding	ENSG00000275063
ENSG00000275066.5	protein_coding	SYNRG
ENSG00000275074.2	protein_coding	NUDT18
ENSG00000275111.5	protein_coding	ZNF2
ENSG00000275113.1	protein_coding	GAGE2E
ENSG00000275126.2	protein_coding	H4C13
ENSG00000275152.5	protein_coding	CCL16
ENSG00000275163.1	protein_coding	ENSG00000275163
ENSG00000275183.2	protein_coding	LENG9
ENSG00000275221.2	protein_coding	H2AC15
ENSG00000275249.1	protein_coding	ENSG00000275249
ENSG00000275302.2	protein_coding	CCL4
ENSG00000275342.5	protein_coding	PRAG1
ENSG00000275379.2	protein_coding	H3C11
ENSG00000275385.2	protein_coding	CCL18
ENSG00000275395.7	protein_coding	FCGBP
ENSG00000275410.6	protein_coding	HNF1B
ENSG00000275489.2	protein_coding	C17orf98
ENSG00000275520.2	protein_coding	FAM236A
ENSG00000275572.2	protein_coding	GRIFIN
ENSG00000275591.5	protein_coding	XKR5
ENSG00000275663.2	protein_coding	H4C7
ENSG00000275674.1	protein_coding	ENSG00000275674
ENSG00000275688.4	protein_coding	CCL15-CCL14
ENSG00000275700.6	protein_coding	AATF
ENSG00000275713.3	protein_coding	H2BC9
ENSG00000275714.2	protein_coding	H3C1
ENSG00000275718.2	protein_coding	CCL15
ENSG00000275722.5	protein_coding	LYZL6
ENSG00000275740.1	protein_coding	ENSG00000275740
ENSG00000275774.3	protein_coding	HNRNPCL2
ENSG00000275778.3	protein_coding	ENSG00000275778
ENSG00000275793.1	protein_coding	RIMBP3
ENSG00000275832.5	protein_coding	ARHGAP23
ENSG00000275835.5	protein_coding	TUBGCP5
ENSG00000275869.1	protein_coding	ENSG00000275869
ENSG00000275896.7	protein_coding	PRSS2
ENSG00000275954.5	protein_coding	TBC1D3F
ENSG00000275969.3	protein_coding	SPATA31A3
ENSG00000275976.6	protein_coding	SPDYE11
ENSG00000276017.1	protein_coding	ENSG00000276017
ENSG00000276023.5	protein_coding	DUSP14
ENSG00000276040.5	protein_coding	SPATA31A7
ENSG00000276043.5	protein_coding	UHRF1
ENSG00000276045.4	protein_coding	ORAI1
ENSG00000276070.5	protein_coding	CCL4L2
ENSG00000276085.1	protein_coding	CCL3L1
ENSG00000276087.2	protein_coding	ENSG00000276087
ENSG00000276119.1	protein_coding	OR13C2
ENSG00000276180.2	protein_coding	H4C9
ENSG00000276231.5	protein_coding	PIK3R6
ENSG00000276234.5	protein_coding	TADA2A
ENSG00000276240.3	protein_coding	OR4E1
ENSG00000276256.1	protein_coding	ENSG00000276256
ENSG00000276293.5	protein_coding	PIP4K2B
ENSG00000276302.1	protein_coding	ENSG00000276302
ENSG00000276345.1	protein_coding	ENSG00000276345
ENSG00000276368.2	protein_coding	H2AC14
ENSG00000276380.2	protein_coding	UBE2NL
ENSG00000276409.5	protein_coding	CCL14
ENSG00000276410.4	protein_coding	H2BC3
ENSG00000276418.5	protein_coding	ENSG00000276418
ENSG00000276430.3	protein_coding	FAM25C
ENSG00000276490.1	protein_coding	ENSG00000276490
ENSG00000276547.2	protein_coding	PCDHGB5
ENSG00000276581.3	protein_coding	SPATA31A5
ENSG00000276600.5	protein_coding	RAB7B
ENSG00000276644.5	protein_coding	DACH1
ENSG00000276747.1	protein_coding	PADI6
ENSG00000276760.4	protein_coding	ENSG00000276760
ENSG00000276903.2	protein_coding	H2AC16
ENSG00000276950.6	protein_coding	GSTT4
ENSG00000276966.3	protein_coding	H4C5
ENSG00000277058.3	protein_coding	HNRNPCL3
ENSG00000277075.3	protein_coding	H2AC8
ENSG00000277149.5	protein_coding	TYW1B
ENSG00000277150.2	protein_coding	F8A3
ENSG00000277157.2	protein_coding	H4C4
ENSG00000277161.2	protein_coding	PIGW
ENSG00000277196.4	protein_coding	PRODH
ENSG00000277200.2	protein_coding	CCDC92B
ENSG00000277224.3	protein_coding	H2BC7
ENSG00000277258.5	protein_coding	PCGF2
ENSG00000277322.1	protein_coding	GOLGA6L6
ENSG00000277363.5	protein_coding	SRCIN1
ENSG00000277399.6	protein_coding	GPR179
ENSG00000277400.1	protein_coding	ENSG00000277400
ENSG00000277443.3	protein_coding	MARCKS
ENSG00000277462.2	protein_coding	ZNF670
ENSG00000277475.1	protein_coding	ENSG00000277475
ENSG00000277481.2	protein_coding	PKD1L3
ENSG00000277494.2	protein_coding	GPIHBP1
ENSG00000277531.3	protein_coding	PNMA8C
ENSG00000277535.4	protein_coding	ENSG00000277535
ENSG00000277556.1	protein_coding	OR13C5
ENSG00000277586.4	protein_coding	NEFL
ENSG00000277611.1	protein_coding	ENSG00000277611
ENSG00000277630.4	protein_coding	ENSG00000277630
ENSG00000277632.2	protein_coding	CCL3
ENSG00000277639.3	protein_coding	ENSG00000277639
ENSG00000277745.1	protein_coding	H2AB3
ENSG00000277758.6	protein_coding	SYT15B
ENSG00000277775.2	protein_coding	H3C7
ENSG00000277791.5	protein_coding	PSMB3
ENSG00000277836.1	protein_coding	ENSG00000277836
ENSG00000277856.1	protein_coding	ENSG00000277856
ENSG00000277858.2	protein_coding	H2AB2
ENSG00000277865.6	protein_coding	GOLGA6L22
ENSG00000277893.2	protein_coding	SRD5A2
ENSG00000277932.2	protein_coding	OR52E5
ENSG00000277957.1	protein_coding	SENP3-EIF4A1
ENSG00000277971.1	protein_coding	ENSG00000277971
ENSG00000277972.2	protein_coding	CISD3
ENSG00000278023.7	protein_coding	RDM1
ENSG00000278053.5	protein_coding	DDX52
ENSG00000278057.4	protein_coding	TEX28
ENSG00000278085.5	protein_coding	CT45A8
ENSG00000278129.2	protein_coding	ZNF8
ENSG00000278139.1	protein_coding	P3R3URF-PIK3R3
ENSG00000278195.2	protein_coding	SSTR3
ENSG00000278224.7	protein_coding	PRICKLE4
ENSG00000278259.5	protein_coding	MYO19
ENSG00000278289.5	protein_coding	CT45A6
ENSG00000278299.6	protein_coding	TBC1D3C
ENSG00000278311.5	protein_coding	GGNBP2
ENSG00000278318.5	protein_coding	ZNF229
ENSG00000278384.1	protein_coding	ENSG00000278384
ENSG00000278463.2	protein_coding	H2AC4
ENSG00000278505.5	protein_coding	C17orf78
ENSG00000278522.5	protein_coding	POTEB3
ENSG00000278535.5	protein_coding	DHRS11
ENSG00000278540.5	protein_coding	ACACA
ENSG00000278558.5	protein_coding	TMEM191B
ENSG00000278570.5	protein_coding	NR2E3
ENSG00000278588.2	protein_coding	H2BC10
ENSG00000278599.6	protein_coding	TBC1D3E
ENSG00000278615.5	protein_coding	C11orf98
ENSG00000278619.5	protein_coding	MRM1
ENSG00000278633.1	protein_coding	ENSG00000278633
ENSG00000278637.2	protein_coding	H4C1
ENSG00000278646.1	protein_coding	ENSG00000278646
ENSG00000278662.6	protein_coding	GOLGA6L10
ENSG00000278677.2	protein_coding	H2AC17
ENSG00000278685.4	protein_coding	IQCA1L
ENSG00000278704.1	protein_coding	ENSG00000278704
ENSG00000278705.3	protein_coding	H4C2
ENSG00000278803.3	protein_coding	PWWP4
ENSG00000278817.1	protein_coding	ENSG00000278817
ENSG00000278828.2	protein_coding	H3C10
ENSG00000278845.5	protein_coding	MRPL45
ENSG00000278848.3	protein_coding	TP53TG3F
ENSG00000278870.2	protein_coding	OR51G1
ENSG00000278889.4	protein_coding	OR2S2
ENSG00000279000.4	protein_coding	OR10A6
ENSG00000279012.2	protein_coding	OR51B2
ENSG00000279051.5	protein_coding	OR6Q1
ENSG00000279073.3	protein_coding	ENSG00000279073
ENSG00000279111.2	protein_coding	OR10X1
ENSG00000279116.3	protein_coding	OR8D2
ENSG00000279169.3	protein_coding	PRAMEF13
ENSG00000279170.3	protein_coding	TSTD3
ENSG00000279263.1	protein_coding	OR2L8
ENSG00000279270.2	protein_coding	OR52R1
ENSG00000279301.5	protein_coding	OR2T11
ENSG00000279395.3	protein_coding	OR5L1
ENSG00000279408.3	protein_coding	OR4N4C
ENSG00000279486.6	protein_coding	OR2AG1
ENSG00000279514.2	protein_coding	OR4C16
ENSG00000279686.1	protein_coding	ENSG00000279686
ENSG00000279761.2	protein_coding	OR5D13
ENSG00000279782.3	protein_coding	PPIAL4F
ENSG00000279804.3	protein_coding	PRAMEF18
ENSG00000279956.1	protein_coding	ENSG00000279956
ENSG00000279961.2	protein_coding	OR8U3
ENSG00000279983.1	protein_coding	ENSG00000279983
ENSG00000280021.3	protein_coding	OR51F1
ENSG00000280090.3	protein_coding	OR8B4
ENSG00000280094.3	protein_coding	OR1B1
ENSG00000280148.1	protein_coding	ENSG00000280148
ENSG00000280165.2	protein_coding	PCDH20
ENSG00000280204.4	protein_coding	OR1S1
ENSG00000280236.3	protein_coding	OR12D2
ENSG00000280267.6	protein_coding	PRAMEF26
ENSG00000280314.4	protein_coding	OR8K3
ENSG00000280537.2	protein_coding	ENSG00000280537
ENSG00000280571.2	protein_coding	ENSG00000280571
ENSG00000280670.3	protein_coding	CCDC163
ENSG00000280709.2	protein_coding	LINC02203
ENSG00000280778.1	protein_coding	ENSG00000280778
ENSG00000280789.2	protein_coding	PAGR1
ENSG00000280893.1	protein_coding	ENSG00000280893
ENSG00000280969.2	protein_coding	RPS4Y2
ENSG00000280987.4	protein_coding	MATR3
ENSG00000281039.1	protein_coding	ENSG00000281039
ENSG00000281106.4	protein_coding	TMEM272
ENSG00000281348.1	protein_coding	ENSG00000281348
ENSG00000281406.2	protein_coding	BLACAT1
ENSG00000281593.1	protein_coding	ENSG00000281593
ENSG00000281613.2	protein_coding	ENSG00000281613
ENSG00000281883.1	protein_coding	ENSG00000281883
ENSG00000281887.3	protein_coding	GIMAP1-GIMAP5
ENSG00000281938.2	protein_coding	ENSG00000281938
ENSG00000281991.2	protein_coding	TMEM265
ENSG00000282034.2	protein_coding	ENSG00000282034
ENSG00000282218.1	protein_coding	ENSG00000282218
ENSG00000282278.1	protein_coding	ENSG00000282278
ENSG00000282301.4	protein_coding	CYP3A7-CYP3A51P
ENSG00000282419.3	protein_coding	TEX13D
ENSG00000282608.2	protein_coding	ADORA3
ENSG00000282757.4	protein_coding	DUXB
ENSG00000282804.1	protein_coding	ENSG00000282804
ENSG00000282815.2	protein_coding	TEX13C
ENSG00000282872.2	protein_coding	C1orf232
ENSG00000282881.3	protein_coding	TMEM275
ENSG00000282933.4	protein_coding	RHOXF1P3
ENSG00000282936.2	protein_coding	ENSG00000282936
ENSG00000282988.2	protein_coding	ENSG00000282988
ENSG00000283039.1	protein_coding	KLF18
ENSG00000283071.1	protein_coding	LBHD2
ENSG00000283093.1	protein_coding	CENPVL2
ENSG00000283128.3	protein_coding	ENSG00000283128
ENSG00000283149.1	protein_coding	ENSG00000283149
ENSG00000283154.3	protein_coding	IQCJ-SCHIP1
ENSG00000283189.2	protein_coding	ENSG00000283189
ENSG00000283199.3	protein_coding	C13orf46
ENSG00000283201.1	protein_coding	ENSG00000283201
ENSG00000283205.1	protein_coding	ENSG00000283205
ENSG00000283208.2	protein_coding	ENSG00000283208
ENSG00000283227.2	protein_coding	SPRR5
ENSG00000283228.1	protein_coding	ENSG00000283228
ENSG00000283239.1	protein_coding	KBTBD11-OT1
ENSG00000283247.2	protein_coding	CCDC201
ENSG00000283267.2	protein_coding	FAM237B
ENSG00000283268.2	protein_coding	TEX54
ENSG00000283288.2	protein_coding	SMIM33
ENSG00000283297.2	protein_coding	TEX52
ENSG00000283321.1	protein_coding	ENSG00000283321
ENSG00000283324.1	protein_coding	CTXND2
ENSG00000283329.2	protein_coding	FAM240B
ENSG00000283361.3	protein_coding	CFAP97D2
ENSG00000283378.1	protein_coding	CNTNAP3C
ENSG00000283428.1	protein_coding	CCDC195
ENSG00000283434.2	protein_coding	CSNKA2IP
ENSG00000283439.4	protein_coding	SPEM3
ENSG00000283463.2	protein_coding	HSFX4
ENSG00000283473.5	protein_coding	FAM240A
ENSG00000283496.1	protein_coding	ZNF511-PRAP1
ENSG00000283515.1	protein_coding	ENSG00000283515
ENSG00000283516.2	protein_coding	LITAFD
ENSG00000283526.2	protein_coding	PRRT1B
ENSG00000283528.2	protein_coding	TCAF2C
ENSG00000283536.3	protein_coding	ENSG00000283536
ENSG00000283563.1	protein_coding	ENSG00000283563
ENSG00000283567.2	protein_coding	C19orf85
ENSG00000283580.4	protein_coding	ENSG00000283580
ENSG00000283594.1	protein_coding	FAM236C
ENSG00000283599.3	protein_coding	ENSG00000283599
ENSG00000283632.4	protein_coding	EXOC3L2
ENSG00000283644.1	protein_coding	ETDC
ENSG00000283654.3	protein_coding	CIROP
ENSG00000283663.1	protein_coding	ENSG00000283663
ENSG00000283683.2	protein_coding	MYOCOS
ENSG00000283697.3	protein_coding	HSFX3
ENSG00000283703.3	protein_coding	VSIG10L2
ENSG00000283706.2	protein_coding	PRSS50
ENSG00000283740.1	protein_coding	TAF11L11
ENSG00000283755.2	protein_coding	CPHXL
ENSG00000283758.2	protein_coding	PMIS2
ENSG00000283761.1	protein_coding	ENSG00000283761
ENSG00000283765.1	protein_coding	ENSG00000283765
ENSG00000283776.1	protein_coding	TAF11L13
ENSG00000283782.2	protein_coding	ENSG00000283782
ENSG00000283787.2	protein_coding	PRR33
ENSG00000283809.1	protein_coding	ENSG00000283809
ENSG00000283873.1	protein_coding	SSU72P4
ENSG00000283877.1	protein_coding	ENSG00000283877
ENSG00000283886.3	protein_coding	ENSG00000283886
ENSG00000283900.1	protein_coding	TPTEP2-CSNK1E
ENSG00000283930.1	protein_coding	PLD5P1
ENSG00000283952.1	protein_coding	ENSG00000283952
ENSG00000283967.1	protein_coding	TAF11L8
ENSG00000283977.1	protein_coding	ENSG00000283977
ENSG00000283980.1	protein_coding	GNG14
ENSG00000283988.1	protein_coding	TAF11L9
ENSG00000283992.2	protein_coding	SLURP2
ENSG00000284018.1	protein_coding	SSU72P5
ENSG00000284024.4	protein_coding	MSANTD7
ENSG00000284042.1	protein_coding	TAF11L6
ENSG00000284057.1	protein_coding	ENSG00000284057
ENSG00000284130.2	protein_coding	TUBA3FP
ENSG00000284188.3	protein_coding	ENSG00000284188
ENSG00000284194.3	protein_coding	SCO2
ENSG00000284209.3	protein_coding	ENSG00000284209
ENSG00000284234.1	protein_coding	TAF11L5
ENSG00000284283.1	protein_coding	TAF11L4
ENSG00000284292.1	protein_coding	ENSG00000284292
ENSG00000284306.1	protein_coding	SSU72P2
ENSG00000284308.2	protein_coding	C2orf81
ENSG00000284337.1	protein_coding	ENSG00000284337
ENSG00000284341.1	protein_coding	ENSG00000284341
ENSG00000284356.1	protein_coding	TAF11L10
ENSG00000284373.1	protein_coding	TAF11L2
ENSG00000284393.1	protein_coding	ENSG00000284393
ENSG00000284395.2	protein_coding	PERCC1
ENSG00000284431.1	protein_coding	ENSG00000284431
ENSG00000284438.1	protein_coding	SSU72P7
ENSG00000284439.1	protein_coding	TAF11L3
ENSG00000284461.2	protein_coding	ENSG00000284461
ENSG00000284465.1	protein_coding	TAF11L7
ENSG00000284479.1	protein_coding	SMIM39
ENSG00000284484.1	protein_coding	CPHXL2
ENSG00000284491.3	protein_coding	THSD8
ENSG00000284505.1	protein_coding	LYNX1-SLURP2
ENSG00000284512.1	protein_coding	ENSG00000284512
ENSG00000284526.1	protein_coding	ENSG00000284526
ENSG00000284546.1	protein_coding	SSU72P3
ENSG00000284554.2	protein_coding	ENSG00000284554
ENSG00000284609.2	protein_coding	OR8B3
ENSG00000284622.2	protein_coding	SCYGR10
ENSG00000284626.1	protein_coding	ENSG00000284626
ENSG00000284629.1	protein_coding	SCYGR1
ENSG00000284631.2	protein_coding	SCYGR4
ENSG00000284635.2	protein_coding	SCYGR8
ENSG00000284638.2	protein_coding	SMIM44
ENSG00000284643.1	protein_coding	SCYGR2
ENSG00000284662.2	protein_coding	OR4F16
ENSG00000284667.1	protein_coding	SCYGR5
ENSG00000284680.3	protein_coding	OR8B2
ENSG00000284684.1	protein_coding	ENSG00000284684
ENSG00000284686.1	protein_coding	ENSG00000284686
ENSG00000284690.3	protein_coding	CD300H
ENSG00000284691.1	protein_coding	ENSG00000284691
ENSG00000284695.1	protein_coding	ENSG00000284695
ENSG00000284701.1	protein_coding	TMEM247
ENSG00000284704.1	protein_coding	SCYGR3
ENSG00000284713.2	protein_coding	SMIM38
ENSG00000284718.1	protein_coding	SCYGR7
ENSG00000284723.2	protein_coding	OR8S1
ENSG00000284725.1	protein_coding	SCYGR6
ENSG00000284730.2	protein_coding	TMDD1
ENSG00000284732.1	protein_coding	ENSG00000284732
ENSG00000284733.2	protein_coding	OR4F29
ENSG00000284753.2	protein_coding	EEF1AKMT4
ENSG00000284762.1	protein_coding	ENSG00000284762
ENSG00000284770.2	protein_coding	TBCE
ENSG00000284772.1	protein_coding	ENSG00000284772
ENSG00000284773.1	protein_coding	ENSG00000284773
ENSG00000284776.1	protein_coding	ENSG00000284776
ENSG00000284779.3	protein_coding	ENSG00000284779
ENSG00000284791.2	protein_coding	SMIM41
ENSG00000284797.1	protein_coding	ENSG00000284797
ENSG00000284800.2	protein_coding	ENSG00000284800
ENSG00000284820.1	protein_coding	ENSG00000284820
ENSG00000284844.2	protein_coding	TOMT
ENSG00000284862.3	protein_coding	CCDC39
ENSG00000284873.1	protein_coding	OOSP1
ENSG00000284874.1	protein_coding	ENSG00000284874
ENSG00000284895.1	protein_coding	ENSG00000284895
ENSG00000284906.3	protein_coding	ENSG00000284906
ENSG00000284917.1	protein_coding	EEF1AKMT4-ECE2
ENSG00000284922.2	protein_coding	LRTOMT
ENSG00000284931.1	protein_coding	ENSG00000284931
ENSG00000284934.2	protein_coding	ENSG00000284934
ENSG00000284946.1	protein_coding	ENSG00000284946
ENSG00000284952.1	protein_coding	ENSG00000284952
ENSG00000284956.1	protein_coding	ENSG00000284956
ENSG00000284969.1	protein_coding	ENSG00000284969
ENSG00000284976.2	protein_coding	ENSG00000284976
ENSG00000284981.2	protein_coding	UPK3BL2
ENSG00000284987.1	protein_coding	ENSG00000284987
ENSG00000284989.1	protein_coding	ENSG00000284989
ENSG00000285000.1	protein_coding	ENSG00000285000
ENSG00000285010.2	protein_coding	OOSP4A
ENSG00000285025.1	protein_coding	ENSG00000285025
ENSG00000285043.3	protein_coding	ENSG00000285043
ENSG00000285053.1	protein_coding	TBCE
ENSG00000285064.2	protein_coding	ENSG00000285064
ENSG00000285077.4	protein_coding	ARHGAP11B
ENSG00000285082.3	protein_coding	ENSG00000285082
ENSG00000285085.1	protein_coding	ENSG00000285085
ENSG00000285130.2	protein_coding	ENSG00000285130
ENSG00000285133.1	protein_coding	ENSG00000285133
ENSG00000285171.1	protein_coding	ENSG00000285171
ENSG00000285188.1	protein_coding	ENSG00000285188
ENSG00000285218.1	protein_coding	ENSG00000285218
ENSG00000285231.2	protein_coding	OOSP3
ENSG00000285238.2	protein_coding	ENSG00000285238
ENSG00000285245.1	protein_coding	ENSG00000285245
ENSG00000285253.1	protein_coding	ENSG00000285253
ENSG00000285269.2	protein_coding	ENSG00000285269
ENSG00000285283.1	protein_coding	ENSG00000285283
ENSG00000285292.1	protein_coding	ABCF2-H2BK1
ENSG00000285304.1	protein_coding	ENSG00000285304
ENSG00000285329.1	protein_coding	ENSG00000285329
ENSG00000285330.1	protein_coding	ENSG00000285330
ENSG00000285382.1	protein_coding	ENSG00000285382
ENSG00000285404.1	protein_coding	ENSG00000285404
ENSG00000285437.2	protein_coding	POLR2J3
ENSG00000285444.1	protein_coding	ENSG00000285444
ENSG00000285446.1	protein_coding	ENSG00000285446
ENSG00000285458.1	protein_coding	ENSG00000285458
ENSG00000285471.1	protein_coding	ENSG00000285471
ENSG00000285472.1	protein_coding	OR4M2-OT1
ENSG00000285480.2	protein_coding	H2BK1
ENSG00000285505.1	protein_coding	ENSG00000285505
ENSG00000285508.1	protein_coding	MKKS
ENSG00000285509.1	protein_coding	TBCEL-TECTA
ENSG00000285526.1	protein_coding	ENSG00000285526
ENSG00000285528.1	protein_coding	ENSG00000285528
ENSG00000285542.1	protein_coding	ENSG00000285542
ENSG00000285547.1	protein_coding	ENSG00000285547
ENSG00000285558.1	protein_coding	ENSG00000285558
ENSG00000285566.2	protein_coding	ENSG00000285566
ENSG00000285585.1	protein_coding	ENSG00000285585
ENSG00000285589.1	protein_coding	ENSG00000285589
ENSG00000285602.1	protein_coding	ENSG00000285602
ENSG00000285607.1	protein_coding	FAM90A9
ENSG00000285620.1	protein_coding	FAM90A16
ENSG00000285625.1	protein_coding	ENSG00000285625
ENSG00000285629.1	protein_coding	ENSG00000285629
ENSG00000285635.1	protein_coding	ENSG00000285635
ENSG00000285641.1	protein_coding	ENSG00000285641
ENSG00000285645.1	protein_coding	ENSG00000285645
ENSG00000285655.1	protein_coding	ENSG00000285655
ENSG00000285657.1	protein_coding	FAM90A19
ENSG00000285687.1	protein_coding	FAM90A22
ENSG00000285708.1	protein_coding	ENSG00000285708
ENSG00000285713.1	protein_coding	ENSG00000285713
ENSG00000285720.1	protein_coding	FAM90A17
ENSG00000285723.1	protein_coding	MKKS
ENSG00000285733.1	protein_coding	ENSG00000285733
ENSG00000285749.3	protein_coding	ENSG00000285749
ENSG00000285765.1	protein_coding	FAM90A23
ENSG00000285772.1	protein_coding	ENSG00000285772
ENSG00000285777.1	protein_coding	ENSG00000285777
ENSG00000285779.1	protein_coding	ENSG00000285779
ENSG00000285791.1	protein_coding	ENSG00000285791
ENSG00000285814.1	protein_coding	FAM90A14
ENSG00000285815.1	protein_coding	GET1-SH3BGR
ENSG00000285816.1	protein_coding	ENSG00000285816
ENSG00000285827.1	protein_coding	ENSG00000285827
ENSG00000285837.1	protein_coding	ENSG00000285837
ENSG00000285839.1	protein_coding	ENSG00000285839
ENSG00000285854.1	protein_coding	ENSG00000285854
ENSG00000285868.1	protein_coding	ENSG00000285868
ENSG00000285880.1	protein_coding	ENSG00000285880
ENSG00000285891.2	protein_coding	MSANTD5
ENSG00000285897.1	protein_coding	ENSG00000285897
ENSG00000285901.2	protein_coding	ENSG00000285901
ENSG00000285913.1	protein_coding	FAM90A18
ENSG00000285920.2	protein_coding	ENSG00000285920
ENSG00000285932.1	protein_coding	ENSG00000285932
ENSG00000285937.1	protein_coding	FAM90A8
ENSG00000285938.1	protein_coding	ENSG00000285938
ENSG00000285942.1	protein_coding	ENSG00000285942
ENSG00000285943.1	protein_coding	ENSG00000285943
ENSG00000285946.2	protein_coding	LCE7A
ENSG00000285947.1	protein_coding	ENSG00000285947
ENSG00000285950.1	protein_coding	FAM90A10
ENSG00000285953.2	protein_coding	ENSG00000285953
ENSG00000285975.1	protein_coding	FAM90A7
ENSG00000285976.2	protein_coding	ENSG00000285976
ENSG00000285978.1	protein_coding	ENSG00000285978
ENSG00000285982.1	protein_coding	ENSG00000285982
ENSG00000285991.1	protein_coding	ENSG00000285991
ENSG00000286001.1	protein_coding	ENSG00000286001
ENSG00000286007.1	protein_coding	ENSG00000286007
ENSG00000286014.2	protein_coding	SPDYE15
ENSG00000286015.1	protein_coding	ENSG00000286015
ENSG00000286019.2	protein_coding	NOTCH2NLB
ENSG00000286022.1	protein_coding	ENSG00000286022
ENSG00000286025.2	protein_coding	FAM246C
ENSG00000286038.2	protein_coding	SPDYE13
ENSG00000286053.2	protein_coding	ASDURF
ENSG00000286070.2	protein_coding	ENSG00000286070
ENSG00000286075.3	protein_coding	SAGSIN1
ENSG00000286088.1	protein_coding	ENSG00000286088
ENSG00000286095.3	protein_coding	SPEGNB
ENSG00000286098.1	protein_coding	ENSG00000286098
ENSG00000286102.1	protein_coding	FAM246A
ENSG00000286105.2	protein_coding	TMEM217B
ENSG00000286106.3	protein_coding	NOTCH2NLR
ENSG00000286112.1	protein_coding	ENSG00000286112
ENSG00000286131.1	protein_coding	ENSG00000286131
ENSG00000286132.1	protein_coding	ENSG00000286132
ENSG00000286135.1	protein_coding	ENSG00000286135
ENSG00000286137.3	protein_coding	SPDYE14
ENSG00000286140.2	protein_coding	DERPC
ENSG00000286143.1	protein_coding	ENSG00000286143
ENSG00000286165.1	protein_coding	ENSG00000286165
ENSG00000286175.1	protein_coding	FAM246B
ENSG00000286185.1	protein_coding	ENSG00000286185
ENSG00000286190.2	protein_coding	ENSG00000286190
ENSG00000286192.1	protein_coding	ENSG00000286192
ENSG00000286219.2	protein_coding	NOTCH2NLC
ENSG00000286221.1	protein_coding	ENSG00000286221
ENSG00000286224.1	protein_coding	ENSG00000286224
ENSG00000286231.1	protein_coding	ENSG00000286231
ENSG00000286235.1	protein_coding	ENSG00000286235
ENSG00000286237.1	protein_coding	ARMCX5-GPRASP2
ENSG00000286239.1	protein_coding	ENSG00000286239
ENSG00000286264.2	protein_coding	ENSG00000286264
ENSG00000286268.1	protein_coding	ENSG00000286268
ENSG00000286522.2	protein_coding	H3C2
ENSG00000286905.1	protein_coding	ENSG00000286905
ENSG00000286920.2	protein_coding	SMIM40
ENSG00000287080.2	protein_coding	H3C3
ENSG00000287363.4	protein_coding	GUCA1ANB
ENSG00000287542.1	protein_coding	HERC3
ENSG00000287585.2	protein_coding	ENSG00000287585
ENSG00000287694.1	protein_coding	ENSG00000287694
ENSG00000287725.2	protein_coding	ENSG00000287725
ENSG00000287856.1	protein_coding	ENSG00000287856
ENSG00000287908.1	protein_coding	ENSG00000287908
ENSG00000288000.1	protein_coding	ENSG00000288000
ENSG00000288053.1	protein_coding	ENSG00000288053
ENSG00000288208.1	protein_coding	ENSG00000288208
ENSG00000288258.1	protein_coding	ENSG00000288258
ENSG00000288460.1	protein_coding	SMIM42
ENSG00000288520.1	protein_coding	ENSG00000288520
ENSG00000288529.1	protein_coding	ENSG00000288529
ENSG00000288534.1	protein_coding	ENSG00000288534
ENSG00000288550.3	protein_coding	ENSG00000288550
ENSG00000288558.3	protein_coding	DUS4L-BCAP29
ENSG00000288564.1	protein_coding	ENSG00000288564
ENSG00000288570.1	protein_coding	ENSG00000288570
ENSG00000288591.1	protein_coding	ENSG00000288591
ENSG00000288593.1	protein_coding	ENSG00000288593
ENSG00000288602.1	protein_coding	C8orf44-SGK3
ENSG00000288608.1	protein_coding	ENSG00000288608
ENSG00000288611.1	protein_coding	NPBWR1
ENSG00000288614.1	protein_coding	ENSG00000288614
ENSG00000288622.1	protein_coding	PDCD6-AHRR
ENSG00000288623.1	protein_coding	ENSG00000288623
ENSG00000288625.1	protein_coding	ENSG00000288625
ENSG00000288626.1	protein_coding	ENSG00000288626
ENSG00000288629.1	protein_coding	ENSG00000288629
ENSG00000288634.1	protein_coding	ENSG00000288634
ENSG00000288635.1	protein_coding	ENSG00000288635
ENSG00000288636.1	protein_coding	ENSG00000288636
ENSG00000288637.1	protein_coding	ENSG00000288637
ENSG00000288640.1	protein_coding	ENSG00000288640
ENSG00000288643.1	protein_coding	ENSG00000288643
ENSG00000288644.1	protein_coding	ENSG00000288644
ENSG00000288645.1	protein_coding	ENSG00000288645
ENSG00000288646.1	protein_coding	ENSG00000288646
ENSG00000288649.2	protein_coding	ACTL10
ENSG00000288654.1	protein_coding	ENSG00000288654
ENSG00000288658.2	protein_coding	ENSG00000288658
ENSG00000288661.1	protein_coding	ENSG00000288661
ENSG00000288669.1	protein_coding	ENSG00000288669
ENSG00000288671.1	protein_coding	ENSG00000288671
ENSG00000288674.1	protein_coding	ENSG00000288674
ENSG00000288675.1	protein_coding	PANO1
ENSG00000288677.2	protein_coding	HRURF
ENSG00000288678.1	protein_coding	ENSG00000288678
ENSG00000288681.1	protein_coding	ENSG00000288681
ENSG00000288683.1	protein_coding	ENSG00000288683
ENSG00000288684.1	protein_coding	ENSG00000288684
ENSG00000288695.1	protein_coding	ENSG00000288695
ENSG00000288698.1	protein_coding	ENSG00000288698
ENSG00000288699.1	protein_coding	ENSG00000288699
ENSG00000288701.1	protein_coding	PRRC2B
ENSG00000288702.1	protein_coding	UGT1A3
ENSG00000288705.1	protein_coding	UGT1A5
ENSG00000288706.1	protein_coding	ENSG00000288706
ENSG00000288708.1	protein_coding	ENSG00000288708
ENSG00000288709.1	protein_coding	F8A2
ENSG00000288710.1	protein_coding	ENSG00000288710
ENSG00000288711.1	protein_coding	ENSG00000288711
ENSG00000288712.1	protein_coding	ENSG00000288712
ENSG00000288715.1	protein_coding	ENSG00000288715
ENSG00000288716.1	protein_coding	ENSG00000288716
ENSG00000288721.1	protein_coding	ENSG00000288721
ENSG00000288722.1	protein_coding	F8A1
ENSG00000288725.1	protein_coding	ENSG00000288725
ENSG00000288784.1	protein_coding	CTAGE4
ENSG00000288796.1	protein_coding	ENSG00000288796
ENSG00000288825.1	protein_coding	H2AC18
ENSG00000288841.1	protein_coding	ENSG00000288841
ENSG00000288859.1	protein_coding	H2AC19
ENSG00000288864.1	protein_coding	ARHGAP11A-SCG5
ENSG00000288867.1	protein_coding	PPIAL4C
ENSG00000288894.1	protein_coding	ENSG00000288894
ENSG00000288914.1	protein_coding	ENSG00000288914
ENSG00000288920.1	protein_coding	RPSAP58
ENSG00000289025.1	protein_coding	ENSG00000289025
ENSG00000289027.1	protein_coding	ENSG00000289027
ENSG00000289051.1	protein_coding	ENSG00000289051
ENSG00000289258.1	protein_coding	ENSG00000289258
ENSG00000289281.1	protein_coding	ENSG00000289281
ENSG00000289282.1	protein_coding	ENSG00000289282
ENSG00000289325.1	protein_coding	ENSG00000289325
ENSG00000289346.1	protein_coding	ENSG00000289346
ENSG00000289360.1	protein_coding	ENSG00000289360
ENSG00000289490.1	protein_coding	ENSG00000289490
ENSG00000289491.1	protein_coding	ENSG00000289491
ENSG00000289503.1	protein_coding	ENSG00000289503
ENSG00000289517.1	protein_coding	ENSG00000289517
ENSG00000289549.1	protein_coding	PPIAL4D
ENSG00000289565.1	protein_coding	ENSG00000289565
ENSG00000289604.1	protein_coding	CTAGE8
ENSG00000289653.1	protein_coding	ENSG00000289653
ENSG00000289685.2	protein_coding	ENSG00000289685
ENSG00000289690.1	protein_coding	ENSG00000289690
ENSG00000289692.1	protein_coding	ENSG00000289692
ENSG00000289694.1	protein_coding	ENSG00000289694
ENSG00000289695.1	protein_coding	ENSG00000289695
ENSG00000289697.1	protein_coding	ENSG00000289697
ENSG00000289700.1	protein_coding	ENSG00000289700
ENSG00000289701.1	protein_coding	ENSG00000289701
ENSG00000289710.1	protein_coding	ENSG00000289710
ENSG00000289715.1	protein_coding	ENSG00000289715
ENSG00000289716.1	protein_coding	XNDC1N-ZNF705EP-ALG1L9P
ENSG00000289720.1	protein_coding	ENSG00000289720
ENSG00000289721.1	protein_coding	PYDC5
ENSG00000289722.1	protein_coding	ENSG00000289722
ENSG00000289724.1	protein_coding	ENSG00000289724
ENSG00000289746.1	protein_coding	TARP
ENSG00000289747.1	protein_coding	ENSG00000289747
ENSG00000289758.1	protein_coding	ENSG00000289758
ENSG00000289760.1	protein_coding	ENSG00000289760
ENSG00000289761.1	protein_coding	ENSG00000289761
ENSG00000289762.1	protein_coding	SMIM46
ENSG00000289763.1	protein_coding	ENSG00000289763
ENSG00000289764.2	protein_coding	ENSG00000289764
ENSG00000289766.1	protein_coding	ENSG00000289766
ENSG00000289767.1	protein_coding	ENSG00000289767
ENSG00000289768.1	protein_coding	ENSG00000289768
ENSG00000289791.1	protein_coding	ENSG00000289791
ENSG00000289809.2	protein_coding	ENSG00000289809
ENSG00000290146.1	protein_coding	ENSG00000290146
ENSG00000290147.1	protein_coding	ENSG00000290147
ENSG00000290149.1	protein_coding	ENSG00000290149
ENSG00000290180.1	protein_coding	ENSG00000290180
ENSG00000290183.1	protein_coding	ENSG00000290183
ENSG00000290184.1	protein_coding	ENSG00000290184
ENSG00000290203.13	protein_coding	NOX5
ENSG00000290217.1	protein_coding	ENSG00000290217
ENSG00000290230.1	protein_coding	ENSG00000290230
ENSG00000290263.1	protein_coding	ENSG00000290263
ENSG00000290292.10	protein_coding	HOMEZ
ENSG00000290315.1	protein_coding	ENSG00000290315
ENSG00000290316.1	protein_coding	ENSG00000290316
ENSG00000290317.1	protein_coding	ENSG00000290317
ENSG00000290318.1	protein_coding	ENSG00000290318
ENSG00000290320.1	protein_coding	H2BN1
ENSG00000291237.1	protein_coding	SOD2
ENSG00000291239.1	protein_coding	ENSG00000291239
ENSG00000291240.1	protein_coding	ENSG00000291240
ENSG00000291302.1	protein_coding	ENSG00000291302
ENSG00000291303.1	protein_coding	ENSG00000291303
ENSG00000291307.1	protein_coding	POLGARF
ENSG00000291309.1	protein_coding	LY6S
ENSG00000291312.1	protein_coding	ENSG00000291312
ENSG00000291313.1	protein_coding	ENSG00000291313
ENSG00000291314.1	protein_coding	ENSG00000291314
ENSG00000291315.1	protein_coding	ENSG00000291315
ENSG00000291316.1	protein_coding	ENSG00000291316
ENSG00000291317.1	protein_coding	TMEM276
